"p_val","avg_log2FC","pct.1","pct.2","p_val_adj","cluster","gene"
0,5.72336377376165,0.961,0.079,0,"11","Adgrl4"
0,4.45831841468388,0.933,0.064,0,"11","Meis1"
0,4.42598487223991,0.93,0.075,0,"11","Angpt1"
0,2.50886957617425,0.927,0.117,0,"11","Ctla2a"
0,6.83204060116379,0.845,0.036,0,"11","Hlf"
0,6.07519747698159,0.839,0.034,0,"11","Mecom"
0,2.88446011645513,0.927,0.158,0,"11","Ifitm1"
0,3.5157965284113,0.821,0.057,0,"11","Ikzf2"
0,3.72985122432626,0.894,0.136,0,"11","Gcnt2"
0,3.57686469818808,0.824,0.087,0,"11","Adgrg1"
0,4.4073618461597,0.794,0.069,0,"11","Nrxn1"
0,3.04008854045604,0.821,0.099,0,"11","Tmem176b"
0,4.04018455682951,0.755,0.061,0,"11","Muc13"
0,4.87381476907666,0.721,0.048,0,"11","Rab38"
0,3.60951469252717,0.712,0.048,0,"11","Serpina3g"
0,4.87467942876259,0.694,0.035,0,"11","Cd34"
0,3.87929715412105,0.727,0.078,0,"11","Kit"
0,4.71329501690789,0.688,0.041,0,"11","Rbpms"
0,3.5056558054256,0.706,0.069,0,"11","Csgalnact1"
0,5.34656574692228,0.664,0.035,0,"11","Hoxa9"
0,3.70079532720197,0.703,0.078,0,"11","Gm15657"
0,3.53926544047624,0.694,0.072,0,"11","Cd27"
0,3.49499158185368,0.685,0.07,0,"11","Cacnb2"
0,4.92243126357853,0.633,0.025,0,"11","Spns2"
0,3.51513555715967,0.652,0.046,0,"11","Prkg1"
0,4.28462306372089,0.627,0.028,0,"11","Mir99ahg"
0,3.52023806353377,0.633,0.037,0,"11","Ctla2b"
0,4.44763062612952,0.618,0.025,0,"11","Myct1"
0,4.76495126782029,0.6,0.03,0,"11","Arhgap32"
0,4.45897801104609,0.6,0.036,0,"11","Flt3"
0,5.32488590085956,0.573,0.023,0,"11","Hmga2"
0,5.67580650679639,0.488,0.013,0,"11","Samd12"
0,2.59368020308988,0.455,0.018,0,"11","Ccl4"
0,4.79471232529345,0.418,0.016,0,"11","Afap1l1"
0,4.85949288446188,0.385,0.015,0,"11","Mdga1"
0,7.27180276956191,0.361,0.003,0,"11","Gm19590"
0,6.07821759834204,0.355,0.01,0,"11","Krt18"
0,4.53230705757289,0.348,0.012,0,"11","Gm16141"
0,5.7302945531394,0.336,0.008,0,"11","Gm56930"
0,7.52677138009431,0.33,0.003,0,"11","Nkx2-3"
0,7.33634606730295,0.276,0.003,0,"11","Procr"
0,6.04564200334843,0.261,0.003,0,"11","1810073O08Rik"
0,6.54808909704254,0.233,0.002,0,"11","Vldlr"
0,6.30100114180788,0.227,0.002,0,"11","Gm30779"
2.3046214465424e-307,5.6680733137741,0.258,0.004,4.69405296231756e-303,"11","Gm973"
8.67818781317392e-295,3.5974012481236,0.47,0.03,1.76757329378726e-290,"11","Gata2"
1.78743754183977e-290,4.63495063021972,0.439,0.027,3.64065278521924e-286,"11","Hoxa7"
2.10725752814208e-289,3.16558764880208,0.733,0.093,4.29206213331979e-285,"11","Calcrl"
1.03369854646009e-286,4.1528014873117,0.624,0.068,2.10543719942992e-282,"11","Egfl7"
1.95045504568887e-286,3.70447392054449,0.697,0.083,3.97268683705909e-282,"11","Pik3ip1"
5.51153176512098e-278,3.70092671062279,0.445,0.029,1.12258878991984e-273,"11","Zfp521"
3.35341039316156e-268,3.24876473632358,0.415,0.025,6.83022628879147e-264,"11","Slc7a8"
2.1657360921337e-263,4.9598859924237,0.27,0.008,4.41117127245792e-259,"11","Gm57265"
3.42468074769982e-262,3.39449650113466,0.958,0.239,6.97538974691499e-258,"11","Msi2"
4.38253736256564e-262,3.85359749116016,0.4,0.024,8.92635210007369e-258,"11","Cd274"
1.71854429583604e-261,2.866574215261,0.627,0.07,3.50033102175885e-257,"11","Tmem176a"
1.62597723036816e-254,2.67428564011418,0.9,0.173,3.31179042281388e-250,"11","Sox4"
6.4787758559498e-240,4.534367153451,0.385,0.025,1.31959706633986e-235,"11","Dipk1b"
1.80171285892517e-238,3.658394970455,0.848,0.192,3.66972875105879e-234,"11","Rnf220"
8.31226801253961e-238,3.28310586990924,0.433,0.033,1.69304274879407e-233,"11","P2ry14"
3.76968988560535e-237,3.44748403232231,0.342,0.018,7.67810435900097e-233,"11","Pglyrp2"
3.85963127760156e-231,3.46427101486218,0.37,0.023,7.86129698621887e-227,"11","Mpl"
1.0609675664227e-226,4.55005870812234,0.218,0.005,2.16097873928975e-222,"11","Casp12"
7.17582190428362e-225,7.63931233690462,0.155,0.001,1.46157140546449e-220,"11","Crispld1"
3.68326854049056e-222,2.41197983335503,0.755,0.121,7.50208136327118e-218,"11","2610307P16Rik"
9.31269069462094e-214,3.23652051573566,0.709,0.125,1.89680884068039e-209,"11","Sirt3"
4.68437885045196e-213,3.54211391875521,0.391,0.03,9.54114284260056e-209,"11","Slc25a27"
1.82207090967396e-210,4.52102553484834,0.264,0.011,3.71119402882392e-206,"11","Thsd1"
3.6173397382379e-210,2.78987426080304,0.864,0.205,7.36779757884295e-206,"11","Dapp1"
3.48165216973871e-208,3.23940003309322,0.5,0.054,7.0914291393238e-204,"11","Mfng"
5.45369030715208e-208,3.05466360970603,0.936,0.316,1.11080764176074e-203,"11","Etv6"
9.34149856539604e-207,2.0338210186688,0.636,0.093,1.90267642779986e-202,"11","Pard3b"
9.62170034936672e-207,3.52084717733252,0.33,0.02,1.95974792715901e-202,"11","Rgs1"
2.29680215697919e-206,9.38753563471852,0.13,0,4.6781266333352e-202,"11","Gm32554"
3.57753737412812e-206,2.83808752880012,0.606,0.083,7.28672812362415e-202,"11","Chd3"
1.17101925196288e-203,5.22914287625644,0.218,0.007,2.38513201239799e-199,"11","Gm26632"
1.25664424976967e-202,4.61459111830168,0.245,0.01,2.55953300793086e-198,"11","Nwd1"
5.33792969709315e-202,3.47006764530502,0.355,0.025,1.08722952070393e-197,"11","Eya2"
1.63542228019603e-200,5.49836450607287,0.209,0.006,3.33102810030328e-196,"11","8430419K02Rik"
4.7184985210538e-200,2.01526224260555,0.758,0.146,9.61063778768237e-196,"11","Runx2"
3.20074150383306e-199,3.06561638258467,0.57,0.077,6.51927029500717e-195,"11","Kctd1"
5.41938898619025e-199,3.70720711040134,0.476,0.053,1.10382114870723e-194,"11","Ppp1r9a"
2.5854499872929e-198,3.51184345958455,0.521,0.065,5.26604453411818e-194,"11","Tspan4"
2.79112019198279e-196,3.21986050999097,0.397,0.034,5.68495360703054e-192,"11","Tnfsf10"
6.77023385096096e-196,9.36296699998236,0.121,0,1.37896123076373e-191,"11","Gm35551"
1.55562408575255e-195,3.82959122596601,0.327,0.022,3.16849513786079e-191,"11","Tet1"
9.66386410242176e-195,4.08018944051237,0.27,0.014,1.96833584038126e-190,"11","Mc5r"
5.53306995656586e-194,2.36834897324156,0.809,0.18,1.12697568875333e-189,"11","Fchsd2"
1.1544400971778e-193,3.05030196843483,0.479,0.053,2.35136358993174e-189,"11","Eya1"
3.86318036633006e-193,4.79522538724233,0.17,0.003,7.86852577014106e-189,"11","Emcn"
1.87488135750381e-192,5.37315360821955,0.248,0.011,3.81875834896375e-188,"11","Arhgef28"
3.88118815926392e-190,3.33124496492319,0.297,0.018,7.90520404278875e-186,"11","Esam"
1.2383222917999e-188,4.31260068755429,0.227,0.009,2.52221484393803e-184,"11","Ccser1"
1.43484611637674e-187,2.54222240195955,0.8,0.18,2.92249456983614e-183,"11","Maml3"
1.49306585007375e-187,4.36351369394001,0.315,0.022,3.04107652343021e-183,"11","Slc18a2"
2.92473834908778e-187,3.06155439073767,0.561,0.08,5.957107069422e-183,"11","Slco3a1"
3.43655454944019e-187,4.30636095249148,0.2,0.006,6.99957430629978e-183,"11","Adam22"
7.02833632922895e-185,3.62371168957441,0.276,0.015,1.43153154353735e-180,"11","Tamalin"
1.3089151437309e-184,3.32016174793251,0.321,0.022,2.6659983647511e-180,"11","Slc22a3"
3.58123884506603e-184,2.40309338018911,0.821,0.189,7.2942672796305e-180,"11","Cbfa2t3"
5.56433216517451e-184,5.76348881901118,0.182,0.005,1.13334317540274e-179,"11","Prdm16"
1.18618934839233e-183,5.60187342257425,0.167,0.004,2.4160304648055e-179,"11","Gprc5b"
6.46023306903478e-183,3.18567711064873,0.348,0.027,1.31582027150101e-178,"11","Cnrip1"
3.95604041780871e-182,2.39102822979137,0.991,0.502,8.05766312299278e-178,"11","Gas5"
1.55518659091623e-179,4.44447847160499,0.312,0.022,3.16760404837817e-175,"11","Gem"
1.97611761543883e-179,2.73285591587164,0.727,0.155,4.0249563591258e-175,"11","Ttc3"
4.94931169727791e-179,2.43413658120298,0.764,0.162,1.00807580650156e-174,"11","Pde4b"
5.06865233208214e-179,5.13357492460917,0.167,0.004,1.03238310699849e-174,"11","Hoxa3"
1.72428038218445e-178,2.88263864263044,0.282,0.017,3.51201428243328e-174,"11","Clnk"
1.94595089853852e-178,4.35909998046468,0.218,0.009,3.96351279014326e-174,"11","C030034L19Rik"
2.99693793569085e-177,4.92012836508302,0.2,0.007,6.10416318741511e-173,"11","Klhl3"
1.24808451774724e-176,4.11662148661992,0.227,0.01,2.54209854574759e-172,"11","Nxpe5"
2.82713276029874e-175,2.59202477951156,0.961,0.408,5.75830400617648e-171,"11","Zfp36l2"
5.06878370898772e-174,2.44912705662492,0.491,0.062,1.03240986584662e-169,"11","Arhgap6"
2.48314984842531e-173,3.61616218656941,0.433,0.05,5.05767961127267e-169,"11","Gm34703"
6.21232278394952e-172,4.44278653421716,0.206,0.008,1.26532590463484e-167,"11","Ltc4s"
6.12708491065083e-170,3.90430523931559,0.176,0.005,1.24796465460136e-165,"11","Zfp532"
7.33771805759245e-170,2.77414829369478,0.67,0.134,1.49454641397043e-165,"11","Cpq"
2.20739177261733e-169,3.6443746761596,0.258,0.015,4.49601556246698e-165,"11","Mycn"
2.24214651672187e-169,3.305482791944,0.503,0.071,4.56680402525911e-165,"11","Smad7"
4.63040057176527e-168,2.79432233881928,0.9,0.324,9.43119988457151e-164,"11","Fut8"
2.32580516368601e-167,2.94112748755195,0.315,0.024,4.73719995739566e-163,"11","Pear1"
2.85344622142739e-167,3.45204129970006,0.418,0.048,5.81189926380331e-163,"11","Dnmt3b"
4.49440912388212e-163,4.82388787936602,0.233,0.012,9.15421250352309e-159,"11","C030037D09Rik"
4.36185752531457e-162,4.32857619248718,0.188,0.007,8.88423140756071e-158,"11","Dok6"
9.04744115966256e-162,2.42262912717247,0.53,0.078,1.84278281540007e-157,"11","Tespa1"
1.08981116876218e-161,3.08626766024398,0.506,0.074,2.21972738853482e-157,"11","A630072M18Rik"
6.88980462535186e-161,5.57837938417701,0.118,0.001,1.40331540609167e-156,"11","Slc16a11"
3.88954048970411e-160,2.92991691385505,0.485,0.067,7.92221606942933e-156,"11","Gpr171"
3.56403411133166e-159,2.43886700097423,0.891,0.295,7.25922467796032e-155,"11","Zfas1"
3.61117504503573e-159,5.69757925768972,0.133,0.002,7.35524133172878e-155,"11","Il17re"
1.14579992237797e-154,4.98173660666668,0.155,0.004,2.33376528189944e-150,"11","D930020B18Rik"
6.86793201275551e-153,4.09860931595704,0.255,0.017,1.39886039235804e-148,"11","Gm40741"
1.88051062616081e-152,4.73523511369728,0.152,0.004,3.83022404336434e-148,"11","Ltbp3"
5.25948487171676e-152,2.20568113118772,0.739,0.178,1.07125187867127e-147,"11","Erg"
7.43246099493185e-151,2.31855731893303,0.985,0.522,1.51384365544772e-146,"11","2410006H16Rik"
8.39820093897522e-151,3.45828142626016,0.391,0.047,1.71054556725047e-146,"11","Abcb1b"
3.18207083386983e-150,2.06001343940854,0.879,0.268,6.48124187442608e-146,"11","Ramp1"
4.32300354813311e-150,3.27625926465382,0.333,0.032,8.80509362683752e-146,"11","Selp"
4.44841529598043e-150,5.58896538940805,0.127,0.002,9.06053227485294e-146,"11","Slc16a12"
5.37307539829061e-147,3.35847307644267,0.285,0.023,1.09438799712383e-142,"11","Abhd15"
6.47408278276161e-147,2.08654023672597,0.918,0.36,1.31864118119288e-142,"11","Lrmda"
1.46950801576308e-146,7.61657098565138,0.1,0.001,2.99309392650625e-142,"11","Gm20467"
2.3212375457358e-146,4.08026794982117,0.206,0.011,4.72789663315467e-142,"11","Mamdc2"
5.7644499372768e-146,2.3376101997892,0.527,0.089,1.17410316322454e-141,"11","Mettl7a1"
9.94430232854544e-146,7.46160806263758,0.097,0.001,2.02545549827814e-141,"11","Sema3d"
3.33509290900187e-145,2.38302173230362,0.779,0.216,6.79291723705501e-141,"11","Glul"
1.17602412925556e-144,6.23044098453748,0.127,0.002,2.39532594646773e-140,"11","Wfdc18"
3.58015868428766e-144,5.02955451323663,0.167,0.006,7.29206720815711e-140,"11","6030498E09Rik"
1.51756900515989e-143,2.09904122146632,0.939,0.412,3.09098454970966e-139,"11","Lmo2"
1.0891226124449e-141,2.26484081445913,0.706,0.174,2.21832493702778e-137,"11","Ninj1"
4.33936751746118e-141,4.78893481985093,0.139,0.004,8.83842375956493e-137,"11","Tnip3"
1.23133245632933e-140,2.68764255492138,0.355,0.039,2.50797794705159e-136,"11","Cuedc1"
1.36431953983974e-140,2.99652739092027,0.258,0.019,2.77884603874557e-136,"11","Klf12"
5.51996678904825e-140,3.974057370928,0.206,0.011,1.12430683559335e-135,"11","Paqr5"
7.75674903096359e-139,4.49818292149711,0.2,0.011,1.57989464262666e-134,"11","Ccdc112"
1.37660939145463e-138,6.29036441590384,0.1,0.001,2.80387800851479e-134,"11","Gm53692"
2.3375058276459e-138,3.88925121619533,0.2,0.011,4.76103186974916e-134,"11","2210408F21Rik"
1.36108918279986e-137,2.84767986443111,0.512,0.088,2.77226644752675e-133,"11","Ier3"
3.9830411342938e-137,3.6543672824629,0.294,0.027,8.11265818232961e-133,"11","Cadps2"
7.54883830407136e-137,2.26237335057651,0.585,0.113,1.53754738577325e-132,"11","Epsti1"
2.81418197757969e-136,6.29719904874941,0.109,0.002,5.7319258519343e-132,"11","Gm45479"
3.93460890049585e-136,2.06766231128988,0.973,0.561,8.01401140852995e-132,"11","Pim1"
4.32154684845115e-136,2.99102989741537,0.427,0.062,8.8021266209253e-132,"11","4931406C07Rik"
7.42285429839473e-136,2.02292632206145,0.721,0.187,1.51188696349704e-131,"11","Smyd3"
7.48310347127499e-136,2.84786914795053,0.467,0.075,1.52415851502929e-131,"11","Dnajc6"
2.06011790654932e-135,2.56513607577478,0.161,0.006,4.19604815205966e-131,"11","9530026P05Rik"
3.17133729612864e-135,4.48200266234509,0.182,0.009,6.45937980475481e-131,"11","Ctxn1"
3.76690950994443e-133,4.88662082319844,0.148,0.005,7.67244128985482e-129,"11","Hoxa10"
4.84619756692722e-132,2.67353266855846,0.233,0.017,9.87073520431736e-128,"11","Pcp4l1"
2.40017658621556e-131,2.23610718267747,0.421,0.06,4.88867967080385e-127,"11","Ppp1r13b"
2.44567719802057e-131,2.40457076574717,0.579,0.118,4.98135531692829e-127,"11","Ern1"
8.74425372324806e-131,2.54915394270563,0.63,0.149,1.78102959835117e-126,"11","Snhg12"
5.8742894175816e-129,3.11893326961428,0.342,0.041,1.19647526857302e-124,"11","Smo"
2.05121315803815e-128,2.99129558964039,0.4,0.057,4.1779109602921e-124,"11","Csad"
1.61872785582199e-127,2.81088971120731,0.403,0.058,3.29702489673822e-123,"11","Sh2d5"
1.86299657580463e-127,2.58138653356418,0.339,0.04,3.79455142559888e-123,"11","Tanc2"
2.06074957851547e-126,2.36013620675186,0.494,0.089,4.19733474152031e-122,"11","Gabarapl1"
1.18578152164886e-125,2.53978206482637,0.388,0.053,2.41519980329439e-121,"11","Lat2"
2.09125211180388e-124,9.05432987784341,0.079,0,4.25946230132213e-120,"11","Gm16070"
2.91725119971972e-124,4.16125368458158,0.17,0.008,5.94185724358913e-120,"11","Reno1"
2.14663784207827e-122,2.6416608905457,0.43,0.068,4.37227195674502e-118,"11","Il15"
3.76208024126265e-122,2.3581743190126,0.591,0.135,7.66260503540376e-118,"11","Nfix"
3.90201888313765e-121,2.75021632068059,0.388,0.057,7.94763206117476e-117,"11","Atp10a"
1.82508843287623e-120,3.43157796638021,0.236,0.019,3.71734012008231e-116,"11","Rbp1"
9.42186361953793e-120,2.49041778001572,0.506,0.098,1.91904518202748e-115,"11","Stxbp4"
2.09330863729831e-119,3.57623007756051,0.245,0.022,4.2636510324492e-115,"11","4930519L02Rik"
3.67373487061174e-118,3.04045617369007,0.582,0.14,7.48266318446199e-114,"11","Nceh1"
3.72427534690706e-118,2.66045560660592,0.433,0.073,7.5856040265803e-114,"11","Wwc2"
3.98264461052662e-116,4.01763430623795,0.152,0.007,8.11185054272062e-112,"11","Arhgap28"
1.73330878938408e-115,2.63148731508785,0.33,0.042,3.5304033422175e-111,"11","Ifi44"
2.04427026467091e-115,2.51566310707285,0.552,0.125,4.16376967508172e-111,"11","Ocrl"
2.24980616044026e-115,2.60330798119738,0.482,0.093,4.58240518758471e-111,"11","Aig1"
7.2809216824027e-115,4.95707661230002,0.112,0.003,1.48297812827178e-110,"11","Bend7"
4.86924620827797e-114,3.0235872015325,0.191,0.013,9.91768067702057e-110,"11","Myl10"
5.09099197542962e-114,3.57349994499525,0.17,0.009,1.0369332455555e-109,"11","Fam171a1"
7.47906176471557e-114,2.48086412036763,0.633,0.168,1.52333530023727e-109,"11","Epb41l4aos"
1.2964391563451e-113,2.38631725079968,0.336,0.044,2.64058727364371e-109,"11","Tbc1d4"
2.44365675032567e-113,3.23027645637283,0.185,0.012,4.97724006906333e-109,"11","Iigp1"
8.89153669942853e-113,3.06319930135459,0.161,0.008,1.8110281949396e-108,"11","Ly6a"
1.15632808356647e-112,3.32746700853428,0.318,0.04,2.3552090406082e-108,"11","Acot1"
2.71809277967236e-112,2.48749641703462,0.4,0.064,5.53621137363667e-108,"11","Zfp1"
7.26952773757424e-112,3.42277830466668,0.264,0.027,1.48065740958912e-107,"11","Bahcc1"
5.07121754115732e-111,4.00322064386801,0.197,0.014,1.03290558878292e-106,"11","Nlgn2"
6.91491832757408e-111,2.77130529523709,0.179,0.011,1.40843056496029e-106,"11","Slit2"
1.14343585465595e-110,3.90395214722185,0.155,0.008,2.32895014876324e-106,"11","Paqr8"
1.70626412901305e-110,2.90883010657492,0.355,0.052,3.47531877797378e-106,"11","Eng"
8.75769338023123e-109,2.753886193403,0.258,0.026,1.7837669876855e-104,"11","Socs3"
9.08814369726265e-109,2.93065599361779,0.294,0.035,1.85107310825846e-104,"11","Mfge8"
2.53066259560611e-108,2.37734877052765,0.673,0.212,5.15445357473052e-104,"11","Map7"
2.66404550026061e-108,3.31458285644995,0.227,0.02,5.42612787493081e-104,"11","Gm12216"
8.82871372221277e-108,3.08008275723646,0.367,0.057,1.7982324109403e-103,"11","Pafah2"
5.70746398331208e-107,3.35128333467059,0.224,0.02,1.162496264121e-102,"11","Scarf1"
1.19551976490536e-106,3.16050810225475,0.318,0.042,2.43503465715923e-102,"11","9030619P08Rik"
1.82217044280701e-106,2.13714837173736,0.812,0.339,3.71139675790931e-102,"11","Cdk6"
3.69375406356222e-106,3.94250664784502,0.209,0.017,7.52343827666353e-102,"11","Trim47"
4.89144433932157e-106,3.90215166898512,0.152,0.008,9.96289383033018e-102,"11","Pdcd1lg2"
1.67581582590643e-105,2.65657424338727,0.336,0.047,3.41330167420622e-101,"11","Hgf"
1.863123069561e-105,2.65894049947011,0.403,0.07,3.79480906808185e-101,"11","Dock7"
4.03906410706554e-105,3.16743183055688,0.345,0.052,8.2267657732711e-101,"11","Prkn"
7.26532508587944e-105,5.00629443502266,0.148,0.008,1.47980141349193e-100,"11","Otos"
1.70000708230746e-104,2.8113496364755,0.382,0.064,3.46257442524384e-100,"11","Gm14636"
2.28585413085399e-104,4.96759806350942,0.094,0.002,4.6558276937234e-100,"11","Sgsm1"
4.73373528531502e-104,4.84684851796249,0.103,0.003,9.64167202912963e-100,"11","Fgd5"
2.40470029724472e-102,3.53686653658591,0.224,0.021,4.89789356542805e-98,"11","Rnf180"
1.43120663021695e-101,2.62009856795904,0.315,0.043,2.91508166442588e-97,"11","P2rx4"
1.05303336648383e-100,3.5623491131097,0.242,0.026,2.14481836085426e-96,"11","Tmem158"
4.23673752651984e-100,3.75497026368075,0.158,0.01,8.62938699401561e-96,"11","Gulp1"
6.85408319799646e-100,4.4691479812066,0.103,0.003,1.39603966576792e-95,"11","Fam171b"
9.12801310742923e-100,2.14457059420099,0.336,0.05,1.85919370972119e-95,"11","Tox"
1.17588027114282e-99,2.35284210906276,0.421,0.08,2.3950329362637e-95,"11","Scd2"
1.47943902056396e-99,2.71686055420664,0.379,0.066,3.01332139708468e-95,"11","Gkap1"
1.48842132484799e-99,2.55619911330231,0.461,0.096,3.03161655445039e-95,"11","Prkag2"
3.57077742936059e-99,2.09896630491023,0.533,0.127,7.27295946812164e-95,"11","Saraf"
6.8257311098033e-99,3.18489831878468,0.303,0.042,1.39026491244474e-94,"11","Hsd3b7"
1.35507599176521e-98,2.23792190583879,0.433,0.086,2.76001878002738e-94,"11","Ttc28"
2.01601717957952e-98,3.23316264620545,0.185,0.014,4.10622379136756e-94,"11","Fam110b"
2.95871389470135e-98,2.05274275905511,0.906,0.447,6.0263084607277e-94,"11","Txnip"
6.55990784596248e-98,2.13345998078678,0.506,0.113,1.33612203006564e-93,"11","Exoc6b"
7.14219101664556e-98,3.50503813516979,0.136,0.007,1.45472146627037e-93,"11","B3galt1"
9.7288159550285e-98,2.39210430253605,0.406,0.076,1.9815652337202e-93,"11","Cep68"
3.1448804167815e-97,2.63600607525703,0.391,0.071,6.40549243290056e-93,"11","Tspan3"
7.12675054560536e-97,3.33001656479859,0.203,0.018,1.4515765511289e-92,"11","Emid1"
2.41581936331625e-96,2.60483443705032,0.336,0.053,4.92054087920254e-92,"11","Ppp2r3a"
4.03507030096209e-96,3.140022068176,0.312,0.046,8.21863118899959e-92,"11","Plppr3"
5.53219632795075e-96,2.9435491160367,0.212,0.02,1.12679774807701e-91,"11","Oasl2"
1.00958328417983e-95,3.66615894467799,0.185,0.015,2.05631923321747e-91,"11","2900052L18Rik"
1.24634677973009e-95,2.02007374230136,0.67,0.223,2.53855912095424e-91,"11","Aopep"
1.70350435156282e-95,2.23624438144093,0.494,0.115,3.46969766326315e-91,"11","Ptov1"
1.76059169070256e-95,5.73565053704821,0.088,0.002,3.58597315562297e-91,"11","Prrg4"
1.18879866905205e-94,4.19530853551912,0.124,0.006,2.42134512912522e-90,"11","4930471E19Rik"
1.58511836896635e-94,5.27543142939934,0.103,0.003,3.22856909391067e-90,"11","Hoxb3os"
2.3036983829521e-94,4.3109924905193,0.115,0.005,4.69217286639683e-90,"11","Camk2a"
3.4757613540483e-94,2.21852662540643,0.27,0.033,7.07943072592559e-90,"11","Cd244a"
6.47665829199493e-94,8.4121329809307,0.061,0,1.31916576091353e-89,"11","Wfdc2"
7.91503929341836e-94,2.29336598271942,0.355,0.059,1.61213520328345e-89,"11","Tgfbr3"
2.2807567512857e-93,2.14102180134947,0.264,0.032,4.64544535101872e-89,"11","Crim1"
3.52494365001651e-92,2.71344903613404,0.218,0.022,7.17960522635364e-88,"11","Galnt6"
2.79097983774731e-91,2.92746398676799,0.336,0.056,5.68466773352373e-87,"11","Zbtb12"
4.0914986087357e-91,3.34158472897929,0.224,0.024,8.33356436627288e-87,"11","Cabcoco1"
5.36860557102633e-91,3.34200483146637,0.252,0.031,1.09347758270664e-86,"11","Plcl1"
6.81467602619648e-91,2.81112671016985,0.339,0.057,1.3880132130157e-86,"11","Pank1"
1.14711626560858e-90,2.99821148200428,0.121,0.006,2.33644640979155e-86,"11","Msrb3"
1.65227980623984e-90,4.24101457620636,0.133,0.007,3.36536350934931e-86,"11","Hoxa5"
4.48369241582319e-90,2.76269203441641,0.161,0.012,9.13238471254867e-86,"11","Rnf150"
4.99391863174661e-90,2.14492113788257,0.436,0.095,1.01716134691415e-85,"11","Spred1"
7.89812309718951e-90,4.1967988736415,0.127,0.007,1.60868971243556e-85,"11","F2rl3"
1.00837893121032e-89,2.38276615825777,0.415,0.086,2.05386620708919e-85,"11","Ccl9"
1.12988319460816e-89,3.04806408231707,0.261,0.034,2.30134609077791e-85,"11","4732471J01Rik"
1.63037184999151e-89,4.88284550345378,0.103,0.004,3.32074138406272e-85,"11","Cdkn1c"
2.18450483014769e-89,3.06528188097235,0.291,0.043,4.44939943804481e-85,"11","Sdsl"
5.82896792503941e-89,5.61419919199724,0.082,0.002,1.18724418697203e-84,"11","Mn1"
9.80185687372135e-89,3.05741010642352,0.185,0.016,1.99644220803957e-84,"11","F2r"
1.09747948650143e-88,4.8460712220737,0.1,0.004,2.23534621810611e-84,"11","Gm17473"
3.21706486059631e-88,2.74466732706845,0.252,0.031,6.55251770806257e-84,"11","Bcl9l"
5.20534951059027e-88,2.11907183044247,0.609,0.192,1.06022558831703e-83,"11","Snhg7"
1.22687770476791e-87,2.12681395919182,0.309,0.047,2.49890450907129e-83,"11","Gpr132"
5.11524936851787e-87,2.28581191222231,0.342,0.059,1.04187399137972e-82,"11","Bcl9"
1.18709861731427e-86,2.46674109017334,0.315,0.05,2.41788246374571e-82,"11","H1f10"
1.64739291139026e-86,5.23515811474897,0.082,0.002,3.35540988191968e-82,"11","Gm5111"
1.98752863777893e-86,2.79863076289735,0.273,0.038,4.04819832942812e-82,"11","Sugct"
4.19024199731044e-86,3.91239515368356,0.115,0.005,8.53468490012191e-82,"11","Triqk"
4.64796279974089e-86,2.32656905840222,0.461,0.11,9.46697063051225e-82,"11","Stat5a"
9.56112835921725e-86,3.10280928754324,0.242,0.03,1.94741062420537e-81,"11","Gm57038"
9.67999953766665e-86,2.23990476156097,0.452,0.106,1.97162230583194e-81,"11","Zfp704"
1.81565758136603e-85,2.51830001661578,0.458,0.111,3.69813136172633e-81,"11","Nme4"
3.02280350795266e-85,3.21579331410633,0.212,0.023,6.15684618499797e-81,"11","Grb10"
3.25736159510963e-85,2.41631171737088,0.488,0.126,6.6345940969193e-81,"11","Myc"
3.38369925313523e-85,2.38662614020961,0.361,0.068,6.89191863878584e-81,"11","Zc3h7b"
3.76804840022812e-85,2.69817452038557,0.233,0.028,7.67476098158464e-81,"11","Eva1b"
1.08486734033183e-84,2.56342847083521,0.203,0.021,2.20965779878788e-80,"11","Adgrl2"
1.6016070230005e-84,5.65811226485933,0.085,0.002,3.26215318444742e-80,"11","Gm56927"
4.22650269822472e-84,4.13131646347913,0.106,0.005,8.60854069574412e-80,"11","Plxna4os1"
4.51280718840281e-84,2.00648062625307,0.212,0.023,9.19168568133884e-80,"11","Trpc6"
2.51390986527177e-83,2.15495518389724,0.552,0.161,5.12033161358554e-79,"11","Tbc1d9b"
3.97650942792336e-83,3.67164364059204,0.164,0.013,8.09935440279431e-79,"11","Mex3a"
4.84518876928785e-83,3.52947212400436,0.191,0.019,9.8686804852855e-79,"11","Ociad2"
7.87074558477855e-83,4.81127135268467,0.109,0.005,1.6031134607077e-78,"11","Mdfi"
1.77089404506926e-82,4.8039169619074,0.1,0.004,3.60695699099706e-78,"11","8430430B14Rik"
2.05225644295563e-82,2.32734167171381,0.312,0.053,4.18003592301202e-78,"11","Tfr2"
2.32121371911042e-82,2.98552637532149,0.282,0.043,4.7278481030841e-78,"11","Acot2"
8.46165205800358e-82,5.98109113322304,0.061,0.001,1.72346929117417e-77,"11","Shisa8"
7.22678690618151e-81,6.08031287289949,0.07,0.001,1.47195195705105e-76,"11","Gm45669"
2.93216671377656e-79,4.78456247726226,0.109,0.005,5.9722371626201e-75,"11","BC051537"
3.15464238851179e-79,2.63174740425468,0.303,0.051,6.42537561692081e-75,"11","Kcnk12"
1.230185702174e-78,3.1317170119642,0.276,0.044,2.50564223818801e-74,"11","6330562C20Rik"
1.71775427017294e-78,6.87129000718466,0.061,0.001,3.49872189748824e-74,"11","Gm43568"
2.27422711897563e-78,9.62355957431518,0.045,0,4.63214579592957e-74,"11","Gm45145"
2.30730840571335e-78,3.18034668301788,0.209,0.025,4.69952576075696e-74,"11","Dlg4"
3.17071041013559e-78,5.00675540746251,0.082,0.002,6.45810296336417e-74,"11","Cyp7b1"
3.20035321861488e-78,2.50476849274312,0.373,0.079,6.5184794356748e-74,"11","Cbx6"
3.5142285610852e-78,3.76249064768333,0.139,0.01,7.15778073321833e-74,"11","Nynrin"
9.66617916022874e-78,2.51308754862668,0.264,0.039,1.96880737135539e-73,"11","Asah2"
4.72785467370067e-77,2.80368145343517,0.221,0.028,9.62969439939352e-73,"11","Cul9"
5.32811952538845e-77,2.24302844042383,0.382,0.081,1.08523138493112e-72,"11","Fbp1"
6.59688492366952e-77,2.55397933840018,0.239,0.033,1.34365352125301e-72,"11","Klk8"
1.30624129578497e-76,3.23035352501669,0.245,0.035,2.66055227125484e-72,"11","Gm56901"
2.62977979806272e-76,2.27520337928463,0.273,0.043,5.35633549269415e-72,"11","5033406O09Rik"
3.08642956004326e-76,4.90653240330481,0.067,0.001,6.28643972789612e-72,"11","Klhl4"
4.08466729765443e-76,2.05028021477435,0.53,0.158,8.31965035186255e-72,"11","Patz1"
4.30476019417947e-76,3.11268982687793,0.17,0.016,8.76793556350474e-72,"11","Nbea"
5.32635181483561e-76,5.66753401171469,0.079,0.002,1.08487133764572e-71,"11","4930556M19Rik"
2.0348328376758e-75,2.12757575989426,0.239,0.033,4.14454752377807e-71,"11","Deptor"
2.25035575714756e-74,2.90418600068995,0.27,0.044,4.58352460615815e-70,"11","Ube2e2"
2.52250194485573e-74,3.38400243869021,0.121,0.008,5.13783196128215e-70,"11","Ptk7"
4.06314395042188e-74,2.38921074425769,0.394,0.091,8.27581159821929e-70,"11","Def8"
6.96942734800015e-74,3.43521003426837,0.124,0.008,1.41953296224067e-69,"11","Mpped2"
1.05929800135572e-73,3.65267381097995,0.112,0.006,2.15757816916132e-69,"11","Arhgef5"
1.07444397739168e-73,2.23501803130122,0.33,0.064,2.18842749315137e-69,"11","Tgif1"
1.43156377863677e-73,2.19485523244593,0.197,0.023,2.91580910432737e-69,"11","Sla2"
2.44903227781351e-73,2.85371869456523,0.224,0.03,4.98818894345055e-69,"11","Gm47754"
3.30217629280582e-73,8.96614077627595,0.045,0,6.7258726731869e-69,"11","4732463B04Rik"
4.63406130889702e-73,2.66009237041995,0.276,0.046,9.43865607396145e-69,"11","Ccdc171"
6.66160384648595e-73,2.43484318476561,0.248,0.037,1.35683547145226e-68,"11","4931422A03Rik"
1.00585052000291e-72,2.04853325127473,0.336,0.067,2.04871633914192e-68,"11","Ptprs"
3.40001534130187e-72,2.6408126102062,0.236,0.034,6.92515124716365e-68,"11","Kif17"
5.75207895469969e-72,2.06986459492376,0.4,0.096,1.17158344149323e-67,"11","Ripor1"
8.14082696067932e-72,3.33576510643657,0.124,0.009,1.65812363535116e-67,"11","Trp53cor1"
3.77979947284281e-71,2.60474848025505,0.297,0.055,7.69869556628624e-67,"11","Dctd"
4.01565131291176e-71,4.03517872166437,0.112,0.007,8.17907859413868e-67,"11","Odf3b"
4.94720962933501e-71,2.9984213031459,0.167,0.017,1.00764765730296e-66,"11","Tgtp2"
8.70551807318988e-71,3.13155553612655,0.212,0.028,1.77313992114732e-66,"11","Gm28417"
1.2286554788872e-70,2.18184494859683,0.361,0.08,2.50252547939744e-66,"11","Cstpp1"
1.30090290513483e-70,2.98751388578163,0.182,0.02,2.64967903717863e-66,"11","Ccdc122"
1.64927342113897e-70,4.24208199956193,0.133,0.011,3.35924010417585e-66,"11","Pomgnt2"
4.30334576304833e-70,3.63792183231636,0.121,0.008,8.76505465017684e-66,"11","Mir155hg"
7.26323750809837e-70,2.43373560453047,0.258,0.042,1.47937621564948e-65,"11","Matk"
1.34294510012892e-69,3.95547677961107,0.061,0.001,2.73531057994257e-65,"11","Robo4"
1.60676971805847e-69,2.59668448120295,0.194,0.023,3.2726685617415e-65,"11","Patj"
2.1713024193791e-69,2.75761778856992,0.212,0.029,4.42250876779135e-65,"11","0610043K17Rik"
2.53927520828605e-69,3.59668610584408,0.158,0.016,5.17199574423704e-65,"11","Shank3"
3.08318187172381e-69,2.34518802347561,0.358,0.08,6.27982483632705e-65,"11","Rcn1"
3.08568459705365e-69,5.98090158803956,0.064,0.001,6.28492238727887e-65,"11","Gm19708"
3.27241180637208e-69,5.17913796846436,0.064,0.001,6.66524836721865e-65,"11","Ldhd"
6.35348084229975e-69,4.61588841392064,0.079,0.003,1.29407697795961e-64,"11","Cyp2j9"
1.10171588270116e-68,3.02523612093646,0.158,0.015,2.24397490988573e-64,"11","I730030J21Rik"
1.11756779255466e-68,2.79550759311627,0.176,0.02,2.27626207987532e-64,"11","Zdhhc1"
2.54904587092817e-68,2.84339104818764,0.185,0.022,5.19189662990651e-64,"11","D130058E05Rik"
3.06458993523652e-68,2.18969753293232,0.361,0.081,6.24195678008974e-64,"11","Ago1"
3.74711671840269e-68,3.96411569131403,0.082,0.003,7.6321273320426e-64,"11","Shroom4"
4.08912283890518e-68,7.96740778949752,0.042,0,8.32872539828207e-64,"11","Mcf2"
1.00449288672091e-67,3.03614800280364,0.173,0.019,2.04595111167314e-63,"11","Lysmd2"
1.27532743351054e-67,2.24416981310709,0.255,0.041,2.59758691657426e-63,"11","2900026A02Rik"
1.40824178008355e-67,6.18215459873791,0.079,0.003,2.86830685767418e-63,"11","Slc22a18"
1.70715151560663e-67,3.26321824865563,0.215,0.03,3.47712620698759e-63,"11","Tmbim1"
2.60982851431064e-67,7.55348999322474,0.052,0.001,5.31569871794791e-63,"11","Gm29946"
4.66189100018075e-67,3.69659897013356,0.121,0.009,9.49533958916815e-63,"11","Zfp184"
4.7317269852693e-67,2.6606211048036,0.27,0.048,9.6375815235965e-63,"11","Nipsnap1"
5.17744319083205e-67,2.74137828948292,0.121,0.009,1.05454162910867e-62,"11","Rbfox2"
8.22533042468611e-67,3.69212930649438,0.145,0.014,1.67533530090007e-62,"11","5730471H19Rik"
1.39145100305144e-66,4.97416789583494,0.076,0.003,2.83410740301518e-62,"11","Cdk18"
3.04436368310963e-66,3.90582923093257,0.148,0.014,6.20075994975769e-62,"11","Ifitm7"
4.36640810667999e-66,2.71985542458154,0.173,0.02,8.8935000316858e-62,"11","Slc25a23"
7.74276843117141e-66,2.63265347235555,0.161,0.017,1.57704707406099e-61,"11","Mboat1"
9.21802532506331e-66,2.8656940709365,0.282,0.054,1.87752739820889e-61,"11","Abhd14a"
1.03695123903508e-65,2.00337536187646,0.382,0.094,2.11206228366665e-61,"11","Inka1"
1.25334483238535e-65,2.27686269476834,0.194,0.025,2.55281275460247e-61,"11","Palld"
2.84726584828132e-65,2.70104892740989,0.206,0.029,5.79931107977939e-61,"11","Prdm5"
6.25117220635594e-65,3.90141317552796,0.091,0.005,1.27323875499058e-60,"11","Gm5577"
6.34488400398944e-65,2.70862410652825,0.279,0.053,1.29232597393257e-60,"11","Gm16124"
7.92608954476453e-65,2.37057217652081,0.352,0.082,1.61438591847764e-60,"11","Slc25a13"
1.2221769097419e-64,2.50130700863002,0.221,0.033,2.48932992976229e-60,"11","Lrp5"
2.1936404285817e-64,2.27032716714996,0.315,0.066,4.4680068249352e-60,"11","Abcc1"
3.59721535647026e-64,3.06908570760836,0.109,0.007,7.32680823805863e-60,"11","Col4a2"
1.03947541484321e-63,2.80288362213911,0.173,0.02,2.11720352495265e-59,"11","Lzts2"
1.13069832418336e-63,2.90639380729847,0.17,0.02,2.30300634669667e-59,"11","Sestd1"
4.5393939022141e-63,2.44993983990337,0.164,0.018,9.24583750002968e-59,"11","Adora2a"
4.95095717671982e-63,4.28028229067567,0.079,0.003,1.00841095775429e-58,"11","Pkia"
9.49776862425731e-63,2.16097027228264,0.221,0.034,1.93450551338873e-58,"11","Nr6a1os"
9.59576844951858e-63,5.01132304499632,0.097,0.006,1.95446611779794e-58,"11","Hif3a"
4.78289034869948e-62,2.04619168511893,0.37,0.092,9.7417910622311e-58,"11","Jpx"
5.0127046476003e-62,2.98302322890597,0.179,0.023,1.02098768262323e-57,"11","Laptm4b"
7.12037605834609e-62,3.97260382404114,0.121,0.01,1.45027819556393e-57,"11","Tie1"
7.8327516996113e-62,2.04962338685531,0.285,0.056,1.59537486617683e-57,"11","Trio"
1.51278498371399e-61,2.70555402797861,0.282,0.056,3.08124045482865e-57,"11","Zbed3"
1.52494807203676e-61,2.77236220859738,0.206,0.03,3.10601423312447e-57,"11","Npl"
2.08732763501701e-61,3.39463722609475,0.127,0.011,4.25146892700265e-57,"11","Lratd2"
2.99066464632846e-61,2.67186477441597,0.252,0.045,6.09138575164181e-57,"11","Mthfd2l"
3.18997254447884e-61,2.50231538207079,0.167,0.02,6.4973360785945e-57,"11","Insl6"
3.69098624476769e-61,3.30973773122708,0.17,0.021,7.51780078334283e-57,"11","Cables1"
3.72595780310001e-61,3.05211918732715,0.173,0.022,7.58903085335411e-57,"11","Eid2"
3.73586450460235e-61,2.43425288341346,0.352,0.087,7.60920882297407e-57,"11","Dph5"
4.79983026659171e-61,2.19146571671874,0.239,0.041,9.77629428699399e-57,"11","Cilk1"
5.11483864390371e-61,2.28250187928559,0.267,0.05,1.04179033499031e-56,"11","Cers4"
1.57699103781729e-60,2.78680830028958,0.152,0.016,3.21201534582625e-56,"11","Rcn3"
1.94058406804292e-60,3.23546542114338,0.097,0.006,3.95258162978983e-56,"11","Sult1a1"
2.51324633448416e-60,2.01579243190024,0.436,0.127,5.11898013407734e-56,"11","Msh5"
3.58554268738177e-60,2.1335203066143,0.282,0.056,7.30303334565919e-56,"11","Vat1"
4.41772298419097e-60,2.93861708203905,0.176,0.022,8.99801817420016e-56,"11","Zbtb16"
5.46892594568729e-60,3.70731445114033,0.115,0.009,1.11391083661759e-55,"11","Syn3"
1.35209362998046e-59,6.17004182510111,0.042,0,2.7539443055442e-55,"11","Lhcgr"
2.01635618763e-59,5.72374630858878,0.076,0.003,4.10691428296479e-55,"11","Il1rapl2"
2.1089473620882e-59,2.37414030683068,0.242,0.042,4.29550398710125e-55,"11","Zfp467"
2.9330313937259e-59,2.41161972775838,0.227,0.038,5.97399834274091e-55,"11","Peg13"
1.37254020020853e-58,2.45848123817799,0.209,0.032,2.79558987978472e-54,"11","Fut7"
1.42330007978411e-58,3.48810120489013,0.161,0.019,2.89897760250427e-54,"11","Zfp783"
1.53997390436648e-58,2.91379711336205,0.188,0.027,3.13661884841365e-54,"11","Trim65"
1.76455104946845e-58,2.29355376841063,0.273,0.055,3.59403757755733e-54,"11","Gmpr"
2.04110269556769e-58,3.0784462184552,0.115,0.009,4.15731797033227e-54,"11","Tha1"
2.22820091114239e-58,3.63692041947377,0.109,0.008,4.53839961581482e-54,"11","4930555A03Rik"
3.30234270120259e-58,3.22384193085138,0.173,0.023,6.72621161380944e-54,"11","Dkkl1"
3.40555945106151e-58,4.60943252359587,0.058,0.002,6.93644348992208e-54,"11","Nsun7"
7.71859729647485e-58,2.44975689797444,0.276,0.057,1.572123897346e-53,"11","Pdk1"
8.85492774734629e-58,2.29546590155585,0.294,0.064,1.80357168357949e-53,"11","Fam120c"
2.64423884074689e-57,2.04844284989662,0.206,0.032,5.38578567083327e-53,"11","Slc24a3"
3.108748238733e-57,4.80951614825373,0.07,0.003,6.33189841265137e-53,"11","Gm56908"
3.12521697467565e-57,5.0943127423046,0.064,0.002,6.36544193401937e-53,"11","Bpifc"
4.52681700814494e-57,2.49658182546245,0.152,0.018,9.22022088218961e-53,"11","Rhobtb1"
6.21056890507082e-57,3.18891657598155,0.13,0.013,1.26496867458482e-52,"11","Gm53610"
7.265551868438e-57,3.6805250537623,0.091,0.006,1.47984760456345e-52,"11","Acer2"
1.11246384453545e-56,2.97369905212317,0.109,0.009,2.26586635854981e-52,"11","Nab2"
1.1889897776408e-56,2.04590442171301,0.167,0.021,2.42173437909878e-52,"11","Rnf122"
1.45162526904887e-56,5.67029408349098,0.048,0.001,2.95667034799875e-52,"11","Pabpc4l"
6.73553001067146e-56,2.0150541440457,0.376,0.103,1.37189275257356e-51,"11","Snhg20"
7.03743067381212e-56,2.1056941873951,0.324,0.078,1.43338387964205e-51,"11","Eeig2"
7.07839151485082e-56,2.59895718514345,0.179,0.025,1.44172678374481e-51,"11","Firre"
1.35227036558489e-55,2.71937540853676,0.133,0.014,2.7543042806233e-51,"11","Sgce"
1.36044840915257e-55,2.33414463486578,0.091,0.006,2.77096131976195e-51,"11","Col4a1"
1.88878714129268e-55,2.43243574095281,0.236,0.044,3.84708164938494e-51,"11","Cacna1a"
2.05184169383967e-55,4.01760967378366,0.076,0.004,4.17919116201264e-51,"11","Efna4"
2.13602385052289e-55,2.75875155022311,0.142,0.016,4.35065337874502e-51,"11","Zscan2"
3.3025364673645e-55,2.27795555504586,0.221,0.038,6.72660627672801e-51,"11","Socs5"
9.29190630092129e-55,2.72805678099088,0.109,0.009,1.89257547537165e-50,"11","Rcan2"
1.07383605870219e-54,7.00237955517419,0.039,0,2.18718928436462e-50,"11","Mlph"
1.11681197693637e-54,6.81201861268088,0.039,0,2.27472263462399e-50,"11","Meg3"
1.1847479348105e-54,4.08657727208221,0.088,0.006,2.41309459362203e-50,"11","Ttpa"
1.52314150720125e-54,2.66187080839223,0.176,0.025,3.1023346218675e-50,"11","Msl3l2"
2.22937451850648e-54,2.64538699762133,0.2,0.032,4.540790019294e-50,"11","Trp53i13"
2.5010281818301e-54,2.02657668707068,0.27,0.056,5.09409420075155e-50,"11","Slc23a2"
2.78391707891115e-54,2.23193771137796,0.239,0.045,5.67028230632623e-50,"11","Ptpn3"
7.15236855617442e-54,3.27060487647283,0.094,0.007,1.45679442752161e-49,"11","Scn1b"
7.52823422792602e-54,3.02955778147005,0.215,0.038,1.53335074754397e-49,"11","Pter"
8.28018927564627e-54,3.86541605658937,0.052,0.001,1.68650895166363e-49,"11","Clip3"
9.82176714835225e-54,2.77525634034545,0.115,0.011,2.00049753277639e-49,"11","Zbed5"
2.83570863998129e-53,2.29517092670127,0.176,0.025,5.77577135791389e-49,"11","Appl2"
3.13302876774972e-53,3.75723661782806,0.133,0.015,6.38135299415262e-49,"11","Bex1"
4.12803265497027e-53,4.62853288471148,0.073,0.004,8.40797691164344e-49,"11","Ccdc40"
1.11024144962152e-52,3.08373724463792,0.161,0.022,2.26133978458912e-48,"11","Tgif2"
1.14774999850077e-52,3.51393488617776,0.1,0.008,2.33773719694637e-48,"11","Them7"
1.55688936577065e-52,4.41356850521206,0.058,0.002,3.17107226020167e-48,"11","Foxd2"
2.05964869663059e-52,2.4165870540599,0.312,0.078,4.19509246529718e-48,"11","Tfap4"
2.45292524970658e-52,2.94235176806425,0.164,0.023,4.99611814860237e-48,"11","Ttc8"
2.64002332916117e-52,2.13462387994712,0.248,0.05,5.37719951683546e-48,"11","Gm10033"
3.83022953230038e-52,2.41686913384276,0.188,0.029,7.80141151138941e-48,"11","Fbxo21"
5.29287335753491e-52,6.45577202944447,0.045,0.001,1.07805244546271e-47,"11","Rab17"
7.52677746293449e-52,3.43791876205773,0.07,0.003,1.5330540336505e-47,"11","Slc16a9"
9.10256383073067e-52,2.43971573622809,0.227,0.043,1.85401020104322e-47,"11","Siae"
1.10914289809336e-51,2.5582856814604,0.13,0.014,2.25910225483656e-47,"11","Fbxo32"
1.3740876653804e-51,2.652905063099,0.191,0.031,2.79874175684681e-47,"11","Il11ra1"
1.57924049151333e-51,2.98781616417159,0.142,0.017,3.21659703311436e-47,"11","Pbld1"
1.89414191102858e-51,2.02517792359755,0.288,0.066,3.85798824438301e-47,"11","Guca1a"
2.89639351162475e-51,6.43448659766546,0.039,0.001,5.89937430447729e-47,"11","Gm16758"
3.0891901433713e-51,5.9937793016521,0.039,0.001,6.29206248401867e-47,"11","Myo5c"
4.62958330864379e-51,3.27862721988863,0.127,0.014,9.42953528304567e-47,"11","Armcx1"
5.57176896337482e-51,2.08673048521651,0.388,0.117,1.13485790246018e-46,"11","Klf10"
5.89096604046161e-51,2.38772588940414,0.23,0.045,1.19987196312122e-46,"11","Klhdc1"
6.31569622653955e-51,2.71587158485423,0.145,0.018,1.28638100742158e-46,"11","Grik5"
7.67124643042867e-51,2.51882389674823,0.276,0.063,1.56247947294971e-46,"11","Ccdc91"
7.76192397052761e-51,4.51222867529989,0.073,0.004,1.58094867431706e-46,"11","Gm16140"
8.61176603048734e-51,4.31620316516118,0.07,0.004,1.75404450508966e-46,"11","Npdc1"
1.26113359321881e-50,2.45168291299132,0.239,0.048,2.56867690266807e-46,"11","Gnb4"
1.81285160391367e-50,2.25209166387159,0.312,0.08,3.69241614685137e-46,"11","Smyd2"
1.99681535169593e-50,2.36357465816998,0.267,0.06,4.06711350833427e-46,"11","Macrod1"
2.03738594221341e-50,2.98160723160837,0.17,0.025,4.14974768710027e-46,"11","Foxred2"
2.81134088244143e-50,2.75967850722342,0.212,0.039,5.72613910935671e-46,"11","Tmem42"
4.70917097257265e-50,2.45987109311907,0.273,0.062,9.59163943693598e-46,"11","Ccdc191"
6.22580797718085e-50,2.71120650501107,0.173,0.026,1.2680725687922e-45,"11","Coq8a"
7.43726614988826e-50,4.80013273866002,0.073,0.004,1.51482236940924e-45,"11","4933406J09Rik"
9.17067094423884e-50,6.18211907704644,0.036,0,1.86788225792257e-45,"11","Kcnh2"
1.40249215953146e-49,2.5263438250137,0.094,0.007,2.85659603053367e-45,"11","Cyyr1"
1.49055574706056e-49,3.9482778314188,0.079,0.005,3.03596394561295e-45,"11","Ncs1"
1.84939249831841e-49,2.33815524338704,0.133,0.016,3.76684264057493e-45,"11","Cysltr2"
2.37190533195551e-49,2.34786325715449,0.176,0.027,4.83109678012698e-45,"11","Cdc14b"
3.43997700442978e-49,3.22543487636232,0.133,0.016,7.00654516262258e-45,"11","Fkbp9"
3.88273439605689e-49,2.71503998956827,0.264,0.061,7.90835341788868e-45,"11","G430095P16Rik"
5.16710905193111e-49,2.67696606043114,0.112,0.011,1.05243677169733e-44,"11","Fzd6"
7.42789967113292e-49,3.75513823557661,0.112,0.011,1.51291460501635e-44,"11","2900005J15Rik"
1.99918197924697e-48,2.33458591088171,0.182,0.03,4.07193385533024e-44,"11","Repin1"
2.1197323164307e-48,2.34540393660563,0.209,0.039,4.31747078210604e-44,"11","Usp54"
3.11799435357707e-48,3.59204172779833,0.082,0.006,6.35073089936577e-44,"11","2900041M22Rik"
3.70727483795666e-48,3.6453859955543,0.076,0.005,7.55097738995012e-44,"11","Hdgfl3"
4.47832739290818e-48,3.17054957171798,0.088,0.007,9.12145723387538e-44,"11","F11r"
8.37956466381356e-48,2.33870845963549,0.233,0.048,1.70674973072555e-43,"11","E230032D23Rik"
8.43284237118076e-48,7.5261806290077,0.03,0,1.7176013341621e-43,"11","Fam181b"
1.20287676969948e-47,3.89081259521817,0.1,0.009,2.4500194045239e-43,"11","Ccdc8"
1.62161922185196e-47,2.25539436362283,0.27,0.064,3.30291403106808e-43,"11","Eef2kmt"
3.18688668472434e-47,2.76517094356953,0.07,0.004,6.49105079944653e-43,"11","Lypd6b"
3.78396430479211e-47,2.14943688295036,0.136,0.017,7.70717849600056e-43,"11","Ctif"
4.13732473673799e-47,2.08618219232491,0.339,0.099,8.42690302378793e-43,"11","Nit2"
8.09970761523976e-47,3.13437605362155,0.112,0.012,1.64974844707203e-42,"11","Zfp30"
9.12459122356935e-47,2.47478669859496,0.215,0.043,1.85849674041661e-42,"11","Plscr4"
9.13287702235684e-47,2.61450025304751,0.185,0.032,1.86018439191364e-42,"11","Zfp799"
1.46925630515828e-46,2.38964324243401,0.245,0.055,2.99258124234639e-42,"11","Tsacc"
1.98195332662252e-46,2.16581692595803,0.285,0.071,4.03684253566475e-42,"11","Itih5"
2.89252387112336e-46,5.20991478942846,0.052,0.002,5.89149262070405e-42,"11","Trim30d"
3.69601864443065e-46,3.53703953961464,0.067,0.004,7.52805077497634e-42,"11","Tle2"
3.8741820111432e-46,4.17924099728663,0.061,0.003,7.89093392029646e-42,"11","Tgtp1"
3.88927392843208e-46,3.98767866471086,0.067,0.004,7.92167313743045e-42,"11","Lag3"
3.95145836367821e-46,4.08779931767156,0.085,0.006,8.04833039513978e-42,"11","Fbxw10"
4.29760553836969e-46,2.75062839155957,0.103,0.01,8.75336296055139e-42,"11","Cpne8"
6.58995465135767e-46,2.31321643034722,0.209,0.041,1.34224196338853e-41,"11","Arrdc4"
6.62710691273787e-46,2.62460275262704,0.148,0.021,1.34980913598645e-41,"11","Rhobtb3"
7.34840376728867e-46,2.11154401695895,0.258,0.059,1.49672287932136e-41,"11","Dmac2"
1.46963787055935e-45,3.53789300994017,0.106,0.011,2.99335841475528e-41,"11","Clstn3"
1.93730721816937e-45,2.22397571768106,0.276,0.069,3.94590734196738e-41,"11","Kifap3"
2.4920341779046e-45,4.02430402166921,0.079,0.006,5.07577521355609e-41,"11","Trib3"
3.53583535219576e-45,2.70246612790143,0.121,0.014,7.20178944535232e-41,"11","Adgra3"
6.63776587430891e-45,4.02935287690458,0.061,0.003,1.35198015327924e-40,"11","Sstr2"
7.29321601413698e-45,2.10904871964098,0.194,0.035,1.48548223775942e-40,"11","Ddah2"
8.26817295192525e-45,2.61886354986184,0.097,0.009,1.68406146684813e-40,"11","Fgfr1"
1.30417378679163e-44,2.86201369423304,0.167,0.027,2.65634116893719e-40,"11","Pkd2"
1.65236834885251e-44,2.86801245101109,0.085,0.007,3.3655438529428e-40,"11","Zfp580"
1.87791080603539e-44,2.89899128491634,0.106,0.011,3.82492872973289e-40,"11","C230035I16Rik"
4.49197468598694e-44,2.10218509009507,0.233,0.051,9.1492540404182e-40,"11","Slc39a6"
4.94110765588243e-44,3.82535529002908,0.055,0.002,1.00640480735013e-39,"11","5730409E04Rik"
7.33001553169955e-44,2.36111469940269,0.136,0.018,1.49297756349656e-39,"11","Clip2"
7.44480602642974e-44,2.37692696901636,0.112,0.012,1.51635809146321e-39,"11","Srgap1"
7.88826689501082e-44,3.884472808244,0.064,0.004,1.6066822011758e-39,"11","BC016579"
1.00904055552402e-43,2.85201417525982,0.13,0.017,2.05521380349131e-39,"11","Ift81"
1.03831584929154e-43,2.40023760965776,0.188,0.034,2.114841721837e-39,"11","Mblac2"
1.17658694119122e-43,2.41527332446052,0.085,0.007,2.39647228181828e-39,"11","Arhgef10"
1.53086040181495e-43,5.83581395667624,0.036,0.001,3.1180564664167e-39,"11","Maff"
2.25077692546619e-43,5.44174451458353,0.045,0.001,4.58438244178953e-39,"11","Zfp612"
2.44879925659762e-43,2.87823653834952,0.13,0.017,4.98771432583802e-39,"11","Rab11fip3"
3.10117834037348e-43,3.83468960731851,0.082,0.006,6.3164800436727e-39,"11","Cyp2j6"
5.05773455498139e-43,5.27767706974855,0.039,0.001,1.03015937415861e-38,"11","Gm20621"
8.18517177011707e-43,2.38619410494892,0.194,0.037,1.66715578613744e-38,"11","Crtap"
8.89707654708558e-43,2.46189207676472,0.227,0.051,1.81215655111039e-38,"11","Sco2"
1.32326749685878e-42,8.5317267176497,0.024,0,2.69523123760197e-38,"11","Gm5833"
1.32590239150872e-42,2.15388736415001,0.197,0.038,2.70059799102495e-38,"11","B3gntl1"
1.7880053821895e-42,2.02071151059409,0.285,0.076,3.64180936244358e-38,"11","Tex264"
2.08551746162567e-42,2.09984951625285,0.194,0.037,4.24778196583916e-38,"11","Prdm11"
2.22920667466808e-42,2.3703394585099,0.191,0.037,4.54044815496394e-38,"11","Sirt5"
2.90622240232846e-42,2.1544528012025,0.309,0.089,5.9193937890626e-38,"11","Tmem106c"
3.11578650126329e-42,4.56014839283274,0.048,0.002,6.34623394577307e-38,"11","Pnck"
6.43903331866026e-42,3.32294531737898,0.112,0.013,1.31150230634472e-37,"11","Cand2"
6.85141107126093e-42,2.4667820123242,0.091,0.008,1.39549540699443e-37,"11","4930486L24Rik"
8.58883411664068e-42,2.03899479706876,0.218,0.048,1.74937373287737e-37,"11","Ice2"
1.01038210751072e-41,6.20771580275817,0.033,0.001,2.05794627657783e-37,"11","Bdh2"
1.17139677424355e-41,2.0432783203577,0.233,0.053,2.38590094977926e-37,"11","Egln3"
1.20935591022901e-41,5.75921228644031,0.045,0.002,2.46321611795445e-37,"11","1700001C19Rik"
1.26437133806018e-41,2.16733675619424,0.118,0.015,2.57527154136096e-37,"11","Magi2"
1.52172610122707e-41,4.38474102637135,0.045,0.002,3.0994517229793e-37,"11","Ccdc60"
1.68048787128268e-41,2.54624167241945,0.079,0.006,3.42281769622857e-37,"11","Gm4951"
2.40763075215466e-41,3.1021179661263,0.097,0.01,4.90386231598861e-37,"11","Acvr2b"
2.64370340887883e-41,2.03431525264704,0.273,0.072,5.38469510320439e-37,"11","Dtx3"
3.06329340800505e-41,2.70284499210858,0.152,0.024,6.23931601342469e-37,"11","Gm9993"
8.68115304973246e-41,2.62056433410373,0.139,0.021,1.76817725316951e-36,"11","Armcx2"
9.72369212084512e-41,2.3336592504704,0.288,0.081,1.98052161117373e-36,"11","Klf9"
1.03806037928534e-40,3.22012518801631,0.048,0.002,2.11432138052838e-36,"11","Spred3"
1.22021814084022e-40,2.08301847463764,0.124,0.017,2.48534030926336e-36,"11","Ctsf"
1.32641372730137e-40,2.30500100239877,0.148,0.023,2.70163947976744e-36,"11","Stx3"
1.85563788947755e-40,2.98858082741571,0.067,0.004,3.77956325328787e-36,"11","Sorbs3"
2.81253179036969e-40,2.97418938660955,0.121,0.016,5.72856475062498e-36,"11","Cngb1"
5.87197208489372e-40,2.85243679456754,0.133,0.02,1.19600327425115e-35,"11","Zfp976"
1.14646860274106e-39,2.23074922137945,0.158,0.027,2.33512725006298e-35,"11","Aldh7a1"
2.37321175751666e-39,2.18404928618496,0.203,0.044,4.83375770770993e-35,"11","A430046D13Rik"
2.94403986729199e-39,5.44900686805104,0.042,0.001,5.99642040170033e-35,"11","Gm26597"
3.16941698017945e-39,4.33224090864298,0.058,0.003,6.4554685052295e-35,"11","Ccdc149"
3.32748798851375e-39,4.29291828474896,0.042,0.001,6.77742753500481e-35,"11","Fxyd1"
5.53363815290533e-39,2.18290973104431,0.203,0.043,1.12709141898376e-34,"11","Abca2"
6.01533541561429e-39,2.40112584926174,0.148,0.025,1.22520351745232e-34,"11","Castor2"
6.4264632719502e-39,5.60807122489426,0.033,0.001,1.30894203923082e-34,"11","Clec1a"
7.69372097544545e-39,2.1417423842491,0.239,0.06,1.56705708827873e-34,"11","Usp11"
1.14161683515488e-38,6.97960032977229,0.027,0,2.32524516984347e-34,"11","Ndn"
1.19151650918342e-38,6.03969865287852,0.036,0.001,2.4268808259048e-34,"11","Gm41639"
1.42429420632432e-38,2.81053033376028,0.133,0.02,2.90100243944137e-34,"11","Akr1c13"
2.06648258401984e-38,3.42384976609933,0.118,0.016,4.2090117271316e-34,"11","Pcbd1"
2.68498918185343e-38,2.0742748230568,0.206,0.045,5.46878596559907e-34,"11","Atat1"
2.76828239987424e-38,2.41373352152926,0.176,0.034,5.63843759206385e-34,"11","Scrn2"
3.17583161206283e-38,3.69336610479055,0.058,0.003,6.46853382744957e-34,"11","Gprasp2"
3.70509126769929e-38,2.53692658056705,0.127,0.019,7.54652989404992e-34,"11","Cul7"
7.30664897296549e-38,3.58438789980123,0.052,0.003,1.48821826281361e-33,"11","Nectin4"
1.08767567202906e-37,8.21722811304759,0.024,0,2.2153778087888e-33,"11","Gm57100"
1.92917899628444e-37,2.61709164660497,0.161,0.03,3.92935177963214e-33,"11","Rab4a"
2.92366757849508e-37,4.13294975407493,0.076,0.007,5.95492612387879e-33,"11","D630045J12Rik"
2.95290687277284e-37,2.33977894859402,0.17,0.033,6.01448071846372e-33,"11","Shfl"
3.00867269034517e-37,2.32569364599826,0.182,0.037,6.12806453569505e-33,"11","Dusp23"
5.15655543624743e-37,2.31994740989266,0.197,0.044,1.05028721125488e-32,"11","Fads2"
5.38535207711779e-37,4.42218820632525,0.03,0.001,1.09688851106735e-32,"11","Nrk"
6.36394311474795e-37,4.15795887923403,0.045,0.002,1.29620793361186e-32,"11","Dusp4"
7.10675919779291e-37,2.11618298596008,0.145,0.025,1.44750471340646e-32,"11","Iqsec2"
9.58978626701691e-37,2.07681611651318,0.221,0.053,1.953247666866e-32,"11","2010001A14Rik"
1.0083019193374e-36,4.11013932197017,0.048,0.002,2.05370934930642e-32,"11","Slc22a17"
1.18472725804386e-36,2.69825540554009,0.082,0.008,2.41305247918373e-32,"11","Layn"
1.27212017542986e-36,2.6684175328377,0.167,0.033,2.59105437331553e-32,"11","Rpp38"
1.54207105672675e-36,5.24109233913146,0.036,0.001,3.14089032834105e-32,"11","Slc9b2"
1.84676057569405e-36,4.88979954202071,0.033,0.001,3.76148194057363e-32,"11","Pnma8c"
1.87625678588412e-36,2.35939777341103,0.215,0.052,3.82155982148878e-32,"11","Nudt6"
1.88911346684112e-36,2.30930008698779,0.148,0.026,3.84774630926198e-32,"11","Aldh6a1"
2.76784195610275e-36,2.241157802494,0.248,0.067,5.63754049619008e-32,"11","Gm40630"
2.86817596637553e-36,2.0070192629279,0.248,0.067,5.84190080831369e-32,"11","Slc17a5"
3.04890739955426e-36,2.09863096370108,0.118,0.017,6.21001459141212e-32,"11","Ypel1"
3.2084143311608e-36,3.66166378793899,0.082,0.008,6.53489830970832e-32,"11","Hoxb3"
3.53281841091535e-36,2.50157244767206,0.112,0.015,7.19564453935238e-32,"11","Rragb"
5.3730853163681e-36,3.86110943509059,0.067,0.005,1.09439001723785e-31,"11","Meiob"
6.70215645024894e-36,3.04893492101187,0.061,0.004,1.3650952257867e-31,"11","Gm31683"
8.19054019438045e-36,2.27109460120943,0.118,0.017,1.66824922679141e-31,"11","Gm11110"
9.1345983353759e-36,5.18521182495327,0.052,0.003,1.86053498894936e-31,"11","Ccdc158"
1.00366531452468e-35,2.80797869196181,0.133,0.022,2.04426551262387e-31,"11","1700113A16Rik"
1.11517126555624e-35,2.22936194837654,0.127,0.02,2.27138083368495e-31,"11","Nr1d2"
1.12970363013021e-35,2.01090611507095,0.203,0.047,2.3009803538492e-31,"11","Rab2b"
1.34452337091024e-35,2.82495364621772,0.139,0.024,2.73852520186998e-31,"11","Ube2cbp"
1.40725788904018e-35,3.34403984690957,0.091,0.01,2.86630286839703e-31,"11","4933406C10Rik"
2.15148592676569e-35,2.27243795791802,0.17,0.034,4.38214653563636e-31,"11","Grk3"
3.04661776332867e-35,2.67600174206113,0.145,0.026,6.20535106034783e-31,"11","Ccdc173"
4.16937074933399e-35,3.18953629367345,0.091,0.01,8.49217434224348e-31,"11","Gm14302"
6.68672742965848e-35,2.79483625929469,0.17,0.035,1.36195264287284e-30,"11","3010003L21Rik"
9.11354353867858e-35,2.38479015751278,0.121,0.019,1.85624654795805e-30,"11","Calhm6"
9.55301163175383e-35,2.20467004741417,0.188,0.042,1.94575740915562e-30,"11","Rasa4"
9.91352005713745e-35,2.164946976844,0.261,0.076,2.01918576523776e-30,"11","Hyi"
1.16907049339809e-34,5.60452343059617,0.036,0.001,2.38116278095323e-30,"11","Gm13203"
1.18229059702104e-34,4.27300645737006,0.073,0.007,2.40808948801245e-30,"11","Nefh"
1.23412389583365e-34,4.57404820206774,0.036,0.001,2.51366355103399e-30,"11","Rfx8"
1.23412389583365e-34,5.32906215314895,0.036,0.001,2.51366355103399e-30,"11","9130008F23Rik"
1.34765661387878e-34,3.13207189945033,0.058,0.004,2.74490699114829e-30,"11","Gm37229"
2.11138455369005e-34,4.19483664745037,0.048,0.003,4.3004680589559e-30,"11","Gm11770"
2.18667598006317e-34,5.51748438596718,0.03,0.001,4.45382163619266e-30,"11","Gm49974"
2.23961872748752e-34,4.80256587185814,0.03,0.001,4.56165542414659e-30,"11","Gm16045"
2.49567737254919e-34,4.08127971057886,0.045,0.002,5.08319567240818e-30,"11","Gpc5"
2.69833434338526e-34,5.96835239659614,0.033,0.001,5.4959673906071e-30,"11","Gm41505"
2.9229678690393e-34,4.97272956418616,0.033,0.001,5.95350095565925e-30,"11","Cerox1"
2.95424492512788e-34,2.82080503189383,0.109,0.015,6.01720606350047e-30,"11","Pcdh7"
3.54685937003053e-34,2.37442927333881,0.085,0.009,7.22424316487818e-30,"11","Rilpl1"
3.9660766564959e-34,2.30803962772728,0.112,0.016,8.07810493395085e-30,"11","Itm2a"
5.28933613665222e-34,2.01101155141097,0.152,0.028,1.07733198431332e-29,"11","Acvr1b"
5.53817991829448e-34,5.57144621190465,0.058,0.004,1.12801648575822e-29,"11","Lvrn"
6.0675422303928e-34,2.23938853647045,0.203,0.049,1.23583700148641e-29,"11","Sigirr"
7.27746190171878e-34,3.9231741932794,0.064,0.005,1.48227344014208e-29,"11","Gm56975"
7.34284053176787e-34,2.72329343519002,0.115,0.017,1.49558975951048e-29,"11","D5Ertd605e"
1.06060393090143e-33,5.0592680759373,0.039,0.002,2.16023808646003e-29,"11","Unc45b"
1.13094343602942e-33,3.9201286404088,0.039,0.002,2.30350559050471e-29,"11","Ankrd29"
1.16705749135021e-33,3.61034218339789,0.052,0.003,2.3770626983821e-29,"11","Clec14a"
1.20591456800522e-33,3.80281188030304,0.039,0.002,2.45620679211304e-29,"11","Cyp4b1"
1.22532188525048e-33,2.1710755617259,0.191,0.044,2.49573561587818e-29,"11","Slc16a7"
1.62103936008865e-33,2.41428716259675,0.209,0.052,3.30173296862856e-29,"11","Pde4a"
2.33606662137695e-33,2.06702063178238,0.145,0.027,4.75810049442058e-29,"11","Catsper2"
2.40628991511442e-33,2.20427304873361,0.142,0.026,4.90113129910505e-29,"11","Zfp975"
2.4831438542158e-33,3.6890064523105,0.055,0.004,5.05766740226674e-29,"11","Gpr45"
3.05112575286124e-33,4.21412595210082,0.042,0.002,6.21453293342777e-29,"11","Hid1"
3.19669736766895e-33,2.13682958846835,0.179,0.04,6.51103319846812e-29,"11","Zfp113"
3.42079510744829e-33,2.42453983614093,0.124,0.02,6.96747547485067e-29,"11","Arhgef40"
5.31305507244123e-33,3.21484349507633,0.136,0.025,1.08216305715483e-28,"11","2010204K13Rik"
6.35188032173286e-33,2.38263084727692,0.155,0.031,1.29375098393055e-28,"11","B230354K17Rik"
7.21394312974209e-33,2.62301379018783,0.142,0.026,1.46933593666587e-28,"11","Gm16104"
7.56605630339493e-33,2.3342578109661,0.145,0.028,1.54105434787548e-28,"11","Acad10"
1.21024646892881e-32,7.00821225266199,0.021,0,2.46503000791419e-28,"11","Mecomos"
1.34600331219527e-32,4.07855749620167,0.07,0.006,2.74153954627933e-28,"11","Six5"
1.49563207590972e-32,2.15180403890498,0.115,0.018,3.04630341221292e-28,"11","Ccnjl"
1.54392004568088e-32,2.17762435549384,0.13,0.022,3.14465634904283e-28,"11","C1qtnf6"
1.96583197896241e-32,3.99509980972516,0.073,0.007,4.00400657475063e-28,"11","Megf8"
2.16598045410983e-32,6.83772163535531,0.027,0.001,4.4116689889309e-28,"11","Nxph1"
2.24804193975129e-32,8.1796730474128,0.018,0,4.57881182288542e-28,"11","Rassf9"
2.28557294512831e-32,6.05344927661647,0.033,0.001,4.65525497463735e-28,"11","Trnp1"
2.6659173669886e-32,2.37155480407759,0.115,0.018,5.42994049308238e-28,"11","Plag1"
2.81842565528377e-32,2.00909082083911,0.176,0.039,5.74056937468199e-28,"11","6430590A07Rik"
3.33655753070575e-32,2.52144309803376,0.079,0.008,6.79590037854147e-28,"11","Tmem37"
4.17385307813793e-32,2.76181435348396,0.097,0.013,8.50130394955134e-28,"11","Tbc1d16"
4.35747137092827e-32,3.40749298964123,0.067,0.006,8.87529768830671e-28,"11","P2ry2"
4.79948044832797e-32,3.67073817374748,0.045,0.002,9.77558177715441e-28,"11","Dusp18"
5.44256263894207e-32,3.82029974341183,0.042,0.002,1.10854115829972e-27,"11","Lrrn4"
7.36280388682497e-32,2.81131209830252,0.076,0.008,1.49965589566851e-27,"11","Ptpn21"
9.38493067515419e-32,3.94926555208303,0.061,0.005,1.91152267991541e-27,"11","Gm15873"
1.05497689619199e-31,3.30715428580797,0.061,0.005,2.14877694216384e-27,"11","Gbx2"
1.11049896070337e-31,3.14273832922031,0.109,0.017,2.26186428316063e-27,"11","A930029G22Rik"
1.22670595834074e-31,2.03856145080596,0.218,0.058,2.49855469594841e-27,"11","Gm11944"
1.34325295703745e-31,2.06420724750925,0.2,0.05,2.73593762289388e-27,"11","Rhbdd3"
1.48242177386866e-31,2.54397360806207,0.088,0.011,3.0193966690157e-27,"11","4833403J16Rik"
1.76866770709054e-31,2.51026901279196,0.161,0.034,3.60242238580201e-27,"11","Zfp512b"
2.36613271012583e-31,5.12312069189348,0.036,0.001,4.81933910398428e-27,"11","Skida1"
2.72491353889635e-31,3.77850902640258,0.036,0.001,5.55010389602409e-27,"11","Col16a1"
3.48867312196233e-31,2.1741755818062,0.218,0.06,7.10572941481288e-27,"11","Snhg16"
4.53376218994974e-31,3.13284187029333,0.067,0.006,9.23436682848962e-27,"11","Syde2"
4.7522339739052e-31,4.17003679903733,0.052,0.004,9.67935015805012e-27,"11","Dnaaf4"
4.81773587154497e-31,2.66168470461858,0.161,0.035,9.8127644231628e-27,"11","Mttp"
6.11858626464847e-31,4.19512101142983,0.055,0.004,1.2462336503836e-26,"11","Rab40b"
6.65151569134838e-31,5.12538136089501,0.042,0.002,1.35478071601384e-26,"11","Gm15201"
7.35759622075775e-31,2.21518477689668,0.145,0.029,1.49859519824394e-26,"11","Rwdd3"
8.03647524121573e-31,2.02395208625359,0.164,0.036,1.63686927713082e-26,"11","Gm9856"
9.42244645138586e-31,2.94953573093492,0.118,0.02,1.91916389321827e-26,"11","Dync2li1"
1.35101092094346e-30,2.28111877115039,0.112,0.018,2.75173904377764e-26,"11","Tmem191"
1.52927851297943e-30,4.15761152500981,0.033,0.001,3.11483447523651e-26,"11","Ecscr"
1.57661127205751e-30,6.71485450174276,0.024,0,3.21124183892673e-26,"11","Hoxb5os"
1.5904691758876e-30,5.94469962240197,0.024,0,3.23946761744785e-26,"11","Kcnk3"
1.61854871591701e-30,5.92341574085763,0.024,0,3.29666002457976e-26,"11","Gm49970"
1.80932107456586e-30,2.01646123298341,0.155,0.032,3.68522516467574e-26,"11","Hoxb4"
1.83564361050812e-30,2.11864125178454,0.179,0.042,3.73883890588294e-26,"11","Golm2"
2.45883077033699e-30,2.22068294151005,0.167,0.038,5.00814651302238e-26,"11","Aasdh"
3.22862489792493e-30,2.32272386807444,0.164,0.037,6.5760631920935e-26,"11","Zfp219"
3.28063537837401e-30,2.1764558388599,0.112,0.018,6.68199813867218e-26,"11","Nhsl1"
3.28528520110287e-30,3.12694878769715,0.127,0.023,6.69146889760632e-26,"11","Gm4285"
4.82830738252304e-30,3.26416562697002,0.055,0.004,9.83429647672293e-26,"11","AU019990"
6.53245646376771e-30,4.51318608731627,0.036,0.002,1.33053073254021e-25,"11","E430002N23Rik"
7.07071060319575e-30,4.93861981395022,0.036,0.002,1.44016233565891e-25,"11","Vmn2r84"
7.78866514436263e-30,3.5776879081104,0.036,0.002,1.58639531660378e-25,"11","Gm28112"
9.00376020021229e-30,2.66999258611968,0.082,0.01,1.83388587757924e-25,"11","Zfr2"
1.11804462552821e-29,4.03522803635919,0.058,0.005,2.27723329327587e-25,"11","Fgd1"
1.31323675180409e-29,3.47277154837319,0.064,0.006,2.67480061607458e-25,"11","5330439K02Rik"
1.32030221308041e-29,2.24377432909797,0.139,0.028,2.68919154760218e-25,"11","Slc41a1"
1.56941065416888e-29,4.33256533326763,0.052,0.004,3.19657562041117e-25,"11","Sall2"
1.80609354501961e-29,3.01794301475989,0.067,0.007,3.67865133249594e-25,"11","Abhd14b"
2.21057896601889e-29,2.36960336204817,0.121,0.022,4.50250723798727e-25,"11","Soga1"
2.2824432458878e-29,2.10736899101447,0.158,0.035,4.64888040322427e-25,"11","Adat1"
3.13271423611685e-29,2.2266703079135,0.118,0.021,6.38071235612279e-25,"11","Dbp"
3.63010959445456e-29,4.71942718709191,0.045,0.003,7.39380722198504e-25,"11","Mill2"
5.51829422530359e-29,4.51193948513264,0.033,0.001,1.12396616780984e-24,"11","Gm4841"
5.85258640817596e-29,2.63734462604069,0.082,0.01,1.19205479961728e-24,"11","Trpm4"
7.15953866770175e-29,6.75040459958067,0.021,0,1.45825483583749e-24,"11","Olfm5"
7.29534776627273e-29,5.7943863838645,0.021,0,1.48591643303443e-24,"11","Ahnak2"
7.95742103207669e-29,3.19747301094069,0.076,0.009,1.62076751581338e-24,"11","Nckap5l"
8.48852620324719e-29,2.15020447820358,0.067,0.007,1.72894301707739e-24,"11","Phldb2"
8.63935318779011e-29,2.7053243129561,0.088,0.012,1.75966345728909e-24,"11","Dnaaf3"
1.00736057974348e-28,2.21036571025615,0.194,0.052,2.05179202882152e-24,"11","Pdxp"
1.02247471723228e-28,2.61181383514481,0.112,0.019,2.0825765040587e-24,"11","Zfp90"
1.14432950506888e-28,2.69922184880386,0.112,0.019,2.3307703359243e-24,"11","Vmac"
1.30690349970447e-28,5.3021306347367,0.036,0.002,2.66190104819807e-24,"11","Phlda2"
1.35549093749123e-28,4.78807577601801,0.036,0.002,2.76086394148213e-24,"11","Aldh1l1"
1.39768106674723e-28,2.07034869663382,0.155,0.034,2.84679679675075e-24,"11","Tbc1d32"
1.69294921113866e-28,2.21421689399035,0.121,0.022,3.44819895324723e-24,"11","Sgsm2"
1.96003852780283e-28,2.95197620457432,0.094,0.014,3.99220647342881e-24,"11","Gm15441"
2.06053753805661e-28,3.3759139394222,0.058,0.005,4.1969028575137e-24,"11","P4htm"
2.98132767856895e-28,4.53535545675048,0.03,0.001,6.07236821570924e-24,"11","Camsap3"
3.28331520211922e-28,2.9523672360633,0.045,0.003,6.68745640367642e-24,"11","Enox1"
3.30678094341855e-28,2.34689339496768,0.103,0.016,6.73525142555491e-24,"11","Rab11fip5"
3.77737193749901e-28,3.34501438024577,0.07,0.008,7.69375116229799e-24,"11","Tmem98"
4.01180099446526e-28,4.15818395970803,0.052,0.004,8.17123626552683e-24,"11","Hoxb2"
4.20496263179891e-28,2.24810015633274,0.167,0.04,8.56466788844801e-24,"11","Amer1"
5.89235557839554e-28,2.30047788191594,0.124,0.024,1.2001549842076e-23,"11","Erf"
7.67242388609294e-28,5.90191258315021,0.024,0.001,1.56271929711941e-23,"11","Luzp2"
7.76487891394756e-28,5.52870627450789,0.024,0.001,1.58155053719284e-23,"11","Hnf4a"
7.7800011198244e-28,2.40531601558098,0.13,0.026,1.58463062808583e-23,"11","Plpp2"
8.84056645015591e-28,2.13051304812046,0.121,0.023,1.80064657456776e-23,"11","Gm12279"
9.22438993553906e-28,3.04334991157193,0.07,0.008,1.8788237420706e-23,"11","Gm10384"
1.28563129187456e-27,6.73126558530637,0.018,0,2.61857381529011e-23,"11","Bcam"
1.76866511045579e-27,4.41942803664033,0.039,0.002,3.60241709697635e-23,"11","B4galnt4"
1.87912294961789e-27,3.95245088536892,0.045,0.003,3.82739762378172e-23,"11","D930015M05Rik"
2.14442938538689e-27,3.51750801926602,0.045,0.003,4.36777377215601e-23,"11","Raver2"
2.276639522731e-27,2.16492633057376,0.158,0.037,4.63705937989849e-23,"11","Ift74"
3.82362854228525e-27,2.19362046341632,0.145,0.032,7.7879666149266e-23,"11","B130034C11Rik"
4.09457500330429e-27,2.76468293914209,0.109,0.019,8.33983036673017e-23,"11","Avpi1"
4.15561476006884e-27,2.06865781603835,0.164,0.04,8.46415614330822e-23,"11","Gm12592"
4.24432127677492e-27,2.42881877580405,0.155,0.036,8.64483357653516e-23,"11","Spryd7"
5.36562943586002e-27,2.26705151758289,0.112,0.02,1.09287140349597e-22,"11","Ift122"
8.04321156201621e-27,2.11600226086133,0.179,0.047,1.63824133095146e-22,"11","Fam120aos"
9.69080396131818e-27,2.47470824616959,0.109,0.019,1.97382295084129e-22,"11","Tspan6"
1.05590668441381e-26,2.06387368670392,0.209,0.061,2.15067073481405e-22,"11","Dmac2l"
1.21962774234066e-26,2.58222858920312,0.052,0.004,2.48413778559945e-22,"11","Epb41l1"
1.23039984316088e-26,5.05769400586854,0.03,0.001,2.50607840055008e-22,"11","Fxyd2"
1.275935063824e-26,2.4927195508111,0.1,0.016,2.59882453799673e-22,"11","Pbx4"
1.71923653205203e-26,2.38705275062529,0.094,0.015,3.50174096848358e-22,"11","A930007I19Rik"
1.72216384899713e-26,2.00614009910797,0.118,0.022,3.50770332763735e-22,"11","Eml6"
1.81659706940278e-26,2.49529069490152,0.07,0.008,3.70004491095958e-22,"11","Slc35f2"
2.0470266523328e-26,3.83011913660727,0.039,0.002,4.16938388547146e-22,"11","Adam11"
2.42429519680502e-26,3.40437174730795,0.055,0.005,4.93780445685246e-22,"11","C130013H08Rik"
2.63355225362975e-26,2.24541866774739,0.055,0.005,5.36401923019307e-22,"11","Smad6"
3.44604197340593e-26,2.21874000306418,0.155,0.037,7.01889829143319e-22,"11","Sox12"
3.52737824907073e-26,3.3477198765445,0.033,0.002,7.18456401770727e-22,"11","Gm3363"
4.15504636309078e-26,2.59838083891947,0.064,0.007,8.4629984323433e-22,"11","Mapre3"
4.22624107790702e-26,4.03742057148365,0.052,0.004,8.60800782748102e-22,"11","Lrfn1"
4.39676718893692e-26,4.47977142836247,0.042,0.003,8.95533541042671e-22,"11","Pld6"
5.1052273422987e-26,3.86397391736834,0.042,0.003,1.0398327050794e-21,"11","Trim62"
5.4200850617116e-26,2.25485398132719,0.106,0.019,1.10396292536942e-21,"11","Cyp4v3"
5.42870474178709e-26,2.52559532539748,0.1,0.017,1.1057185818072e-21,"11","Gm26692"
6.47262925938856e-26,4.85912086384611,0.027,0.001,1.31834512755226e-21,"11","Lama3"
6.581338462209e-26,4.42410595986051,0.027,0.001,1.34048701798273e-21,"11","Neil2"
6.87252540190609e-26,2.9583657520954,0.027,0.001,1.39979597386023e-21,"11","4933413J09Rik"
6.89544620562175e-26,2.96332224609448,0.027,0.001,1.40446448316104e-21,"11","Gfpt2"
6.89544620562175e-26,3.83470120661629,0.027,0.001,1.40446448316104e-21,"11","Tmem171"
7.022787036608e-26,2.59187671258579,0.124,0.025,1.43040126361632e-21,"11","Gm56912"
7.63388497363124e-26,5.6520837478676,0.021,0,1.55486969142921e-21,"11","Gm20756"
7.8322471367827e-26,2.71726060231513,0.082,0.012,1.5952720968199e-21,"11","Zfp286"
7.87293182379559e-26,2.30491868212954,0.167,0.043,1.60355875387068e-21,"11","Gm5914"
8.20692354658502e-26,2.15172517600322,0.185,0.051,1.67158618796844e-21,"11","Tlcd2"
8.84619788263451e-26,2.27782902145788,0.082,0.012,1.801793584735e-21,"11","Gm15261"
1.02275643446222e-25,2.06475242219189,0.136,0.03,2.08315030571265e-21,"11","Pdp2"
1.03012247124517e-25,2.36530860449978,0.103,0.018,2.09815344943215e-21,"11","Rnf217"
1.11847882197545e-25,3.00567125369807,0.127,0.027,2.2781176645996e-21,"11","Zfp239"
1.28477329180774e-25,2.19241865639792,0.142,0.033,2.61682624075401e-21,"11","Ipo4"
1.40066262900037e-25,6.38845978155055,0.024,0.001,2.85286964274795e-21,"11","Mmp15"
1.48900230916728e-25,2.40392716669513,0.061,0.006,3.03279990331193e-21,"11","Phactr1"
1.49628594867155e-25,5.24332653923455,0.024,0.001,3.04763522025421e-21,"11","Gm15473"
1.51431535941075e-25,2.20486796389858,0.167,0.043,3.08435752404781e-21,"11","Bhlhb9"
1.72879704448024e-25,2.69062913632028,0.121,0.025,3.52121382019736e-21,"11","Fnbp1l"
1.78813570097101e-25,2.98627247105713,0.082,0.012,3.64207479573776e-21,"11","Pgap4"
1.98772707184666e-25,2.92342141481329,0.039,0.002,4.04860249993727e-21,"11","Gm37469"
2.54977600712503e-25,3.95025907083024,0.048,0.004,5.19338377131226e-21,"11","9530082P21Rik"
2.74837935667995e-25,3.78185270116174,0.048,0.004,5.59789907368572e-21,"11","B630019K06Rik"
3.06453022247008e-25,2.93069007743294,0.061,0.006,6.24183515712706e-21,"11","Copz2"
3.11086974875713e-25,2.84418953610029,0.094,0.015,6.33621950426851e-21,"11","Trim13"
3.38379404816125e-25,2.91339670820826,0.091,0.015,6.89211171729484e-21,"11","Gm26512"
3.56174743212685e-25,4.93691163411935,0.03,0.001,7.25456716975596e-21,"11","Padi1"
3.65664193329402e-25,2.81448852173422,0.079,0.011,7.44784828973326e-21,"11","Zfp2"
3.72501178949672e-25,3.20342019552366,0.058,0.006,7.58710401284692e-21,"11","P3h3"
3.74395362044202e-25,3.9392941206336,0.03,0.001,7.62568473411631e-21,"11","Snhg14"
3.76631144116953e-25,3.09903487989171,0.07,0.009,7.67122314337411e-21,"11","Armcx6"
3.94775936412013e-25,3.01084175128834,0.067,0.008,8.04079627283988e-21,"11","Trim46"
4.66771970063046e-25,2.61131639093268,0.067,0.008,9.50721148624411e-21,"11","Zfp354c"
5.17539235568628e-25,3.28397766252136,0.064,0.007,1.05412391500618e-20,"11","Flywch2"
5.20330269135091e-25,2.60214587081912,0.076,0.01,1.05980869217435e-20,"11","C230037L18Rik"
5.94963751195339e-25,3.66845773445546,0.067,0.008,1.21182216843467e-20,"11","Prpf40b"
6.44413916050977e-25,2.74337119083597,0.082,0.012,1.31254226421263e-20,"11","Fam174b"
7.06261533060057e-25,2.0460970874321,0.121,0.025,1.43851349053672e-20,"11","4930520O04Rik"
7.68226690835614e-25,3.79821743724558,0.058,0.006,1.56472412389398e-20,"11","Gm12248"
9.24055342008687e-25,3.60733589485608,0.058,0.006,1.88211592060329e-20,"11","Afp"
1.01005816386595e-24,3.1623249170411,0.058,0.006,2.05728646816216e-20,"11","Gm53066"
1.19695687780545e-24,4.09956595096102,0.039,0.003,2.43796176871414e-20,"11","Gm57453"
1.39991639645559e-24,2.73314000110227,0.048,0.004,2.85134971630075e-20,"11","Gm56796"
1.44995462748917e-24,3.24786147254227,0.076,0.011,2.95326758526994e-20,"11","Gm11423"
1.77585643329251e-24,2.39348201003836,0.13,0.029,3.61706438333018e-20,"11","Zpbp"
1.81223916350805e-24,3.26266616018527,0.045,0.004,3.6911687282332e-20,"11","Gm56652"
1.86497209032857e-24,3.45791368489036,0.07,0.009,3.79857515358123e-20,"11","Gm31645"
2.10960598175206e-24,2.14709178512331,0.148,0.036,4.29684546363259e-20,"11","Pgpep1"
2.20575718373783e-24,2.71030815075095,0.082,0.012,4.49268623183722e-20,"11","Zscan18"
2.35929798145779e-24,2.47615553183973,0.082,0.012,4.80541812863323e-20,"11","Matcap1"
2.86415894496358e-24,2.49704815455026,0.061,0.007,5.83371893910183e-20,"11","Tas1r1"
4.31016258103637e-24,2.65222302427684,0.036,0.002,8.77893914505487e-20,"11","Chrnb1"
4.76962895694466e-24,2.35413025175681,0.118,0.025,9.71478025950489e-20,"11","4933407K13Rik"
4.98181196683487e-24,2.32091652356939,0.115,0.023,1.01469546140493e-19,"11","Etv5"
7.99671392950246e-24,3.19916354304658,0.03,0.001,1.62877069316106e-19,"11","Prex2"
8.32090757672476e-24,2.79977407258685,0.058,0.006,1.6948024552273e-19,"11","Vdr"
8.86128354393364e-24,2.90454594613194,0.045,0.004,1.8048662322284e-19,"11","Lrfn4"
8.8998384175707e-24,2.56407674951172,0.106,0.02,1.8127190888908e-19,"11","Gm20257"
9.34998627992113e-24,2.37571805490527,0.158,0.041,1.90440520549434e-19,"11","Ppargc1b"
1.01070967680743e-23,2.38101142577479,0.064,0.008,2.05861346972138e-19,"11","Tek"
1.12159982168814e-23,3.08048913458483,0.042,0.003,2.2844745168144e-19,"11","Coro2b"
1.26676774734244e-23,5.85782871769843,0.024,0.001,2.58015254778707e-19,"11","Lurap1"
1.26676774734244e-23,5.36282039003707,0.024,0.001,2.58015254778707e-19,"11","Ppp2r2b"
1.28630210443161e-23,2.14673829780563,0.139,0.033,2.61994012630629e-19,"11","Phc1"
1.38350388078103e-23,2.91830308926795,0.024,0.001,2.81792070437481e-19,"11","Trpm6"
1.62786858331043e-23,2.17234987730928,0.124,0.027,3.31564273048668e-19,"11","A530088E08Rik"
1.88410230418156e-23,2.44975631334701,0.103,0.019,3.837539573157e-19,"11","Runx2os1"
2.13264609949665e-23,2.91644699112074,0.058,0.006,4.34377357545477e-19,"11","Zcwpw2"
2.23849547629622e-23,2.33185703543385,0.1,0.019,4.55936758612013e-19,"11","9530018F02Rik"
2.26041788469358e-23,5.23038916012146,0.021,0.001,4.60401914754388e-19,"11","Arhgef16"
2.56343423806164e-23,3.26167478179911,0.052,0.005,5.22120285608395e-19,"11","Catsperg1"
3.61282084686734e-23,2.33027601147748,0.124,0.028,7.35859350089939e-19,"11","Harbi1"
4.17220379418948e-23,2.80651210203799,0.045,0.004,8.49794468800514e-19,"11","Rtn4r"
4.46018686576715e-23,2.29600704749965,0.142,0.035,9.08450860819452e-19,"11","Foxd2os"
4.52964376526267e-23,2.8132483658442,0.073,0.01,9.22597842108702e-19,"11","4833408A19Rik"
4.55413574383695e-23,2.90540223348379,0.067,0.009,9.2758636830471e-19,"11","Gm17276"
7.77150214161979e-23,3.11428169646027,0.061,0.007,1.58289955620512e-18,"11","1700029J07Rik"
8.8192291097603e-23,3.52161446672635,0.027,0.001,1.79630058507598e-18,"11","Tmem44"
9.05410201799072e-23,2.42630422906617,0.097,0.018,1.84413949902435e-18,"11","Ssh3"
9.80408550950152e-23,5.06033079343983,0.045,0.004,1.99689613657527e-18,"11","Rec8"
1.06989011695194e-22,2.48307666234953,0.112,0.023,2.17915219020771e-18,"11","6030442K20Rik"
1.08560563622038e-22,2.19422532621799,0.097,0.018,2.21116155985368e-18,"11","Slfn10-ps"
1.13463749059069e-22,2.78495486230385,0.064,0.008,2.31102964083511e-18,"11","Plscr2"
1.23217664280262e-22,3.42241819809808,0.03,0.002,2.50969738606037e-18,"11","Pou6f2"
1.25879701864217e-22,6.55510213831144,0.015,0,2.56391776757036e-18,"11","Gm38186"
1.25879701864217e-22,7.49970071129911,0.015,0,2.56391776757036e-18,"11","Vnn1"
1.28454323611094e-22,6.06261082963271,0.015,0,2.61635766331075e-18,"11","Gm35438.1"
1.29106081541039e-22,5.3197713501653,0.015,0,2.62963266882789e-18,"11","4921504A21Rik"
1.57265207160152e-22,2.12045463862822,0.097,0.018,3.20317773943798e-18,"11","Gm46218"
1.74638136771777e-22,2.39553664345848,0.103,0.02,3.55702956976755e-18,"11","Zfp46"
1.87534212058415e-22,2.08033746481278,0.1,0.019,3.81969683120579e-18,"11","Acvr1"
2.25367022185625e-22,3.34642995917032,0.052,0.005,4.59027550787681e-18,"11","Tceal1"
2.3623946402546e-22,2.47107386902167,0.048,0.005,4.81172540327056e-18,"11","Cavin3"
2.42370596092333e-22,3.03920383725539,0.073,0.011,4.93660430120864e-18,"11","Nanos3"
2.42999847115695e-22,2.30183756061795,0.148,0.039,4.94942088605248e-18,"11","Ggact"
2.49949712802666e-22,2.09573422979078,0.158,0.043,5.09097575036471e-18,"11","Galt"
2.67137778935318e-22,3.64851846104454,0.039,0.003,5.44106228135456e-18,"11","1500035N22Rik"
2.76807228046002e-22,2.18385377305411,0.07,0.01,5.63800962084097e-18,"11","Rrad"
2.90639252775805e-22,2.79063675986242,0.082,0.013,5.9197403005376e-18,"11","Map7d3"
3.93928662295527e-22,3.59461730360902,0.073,0.011,8.02353899363529e-18,"11","Fam229b"
3.99716414147293e-22,7.45729934285173,0.012,0,8.14142392335206e-18,"11","Gm43358"
3.99716414147293e-22,8.07837084751721,0.012,0,8.14142392335206e-18,"11","Foxa3"
3.99716414147293e-22,7.69709687998234,0.012,0,8.14142392335206e-18,"11","Unc45bos"
4.31652566625821e-22,2.02030177451811,0.136,0.033,8.79189947703472e-18,"11","Zc3h12c"
4.55430148906451e-22,2.40327750342767,0.124,0.029,9.2762012729266e-18,"11","Gm12353"
6.03068059025317e-22,2.93326379937144,0.045,0.004,1.22832902262277e-17,"11","Trim6"
6.22580706924628e-22,4.76225009218844,0.024,0.001,1.26807238386408e-17,"11","Ccl27a"
6.25689317044645e-22,2.44477693778085,0.073,0.011,1.27440400095653e-17,"11","Gm15545"
6.28493823569242e-22,5.16913547399089,0.024,0.001,1.28011621984583e-17,"11","Jsrp1"
6.72013460134323e-22,3.27482554491759,0.052,0.005,1.36875701560159e-17,"11","Gm41291"
8.14824673466646e-22,2.71120434569432,0.048,0.005,1.65963489491687e-17,"11","Gm19696"
9.68304774425167e-22,2.18824750355217,0.13,0.031,1.97224316454918e-17,"11","Gm45051"
9.98736956000704e-22,2.34569330992453,0.082,0.014,2.03422743198223e-17,"11","Adgrg7"
1.06830972296661e-21,2.23885200905359,0.158,0.044,2.17593324373839e-17,"11","Tmem41a"
1.0861521175444e-21,2.3815301405813,0.042,0.004,2.21227463301444e-17,"11","Galnt6os"
1.29486136508295e-21,2.79758757810158,0.07,0.01,2.63737362840096e-17,"11","Fam184a"
1.47015634185547e-21,4.2481752816963,0.03,0.002,2.99441443709123e-17,"11","Dcaf12l1"
1.47053129591818e-21,2.41869724552049,0.124,0.029,2.99517814352615e-17,"11","Atg4c"
1.5634796826636e-21,2.52788944670144,0.036,0.003,3.18449541764922e-17,"11","Hdx"
1.76311990700753e-21,4.06238420647546,0.027,0.001,3.59112262659294e-17,"11","Alpk3"
1.77783124123913e-21,4.11946036598565,0.027,0.001,3.62108667215586e-17,"11","Gm45029"
1.80215815997138e-21,2.13214450873301,0.088,0.016,3.67063574022972e-17,"11","Nim1k"
1.82840882405387e-21,3.63039117870438,0.052,0.006,3.72410309283292e-17,"11","Gm3625"
1.83790079709763e-21,3.07196066269213,0.027,0.001,3.74343634352845e-17,"11","Slc27a6"
1.97124363558867e-21,3.17247577703726,0.064,0.009,4.015029036967e-17,"11","Mageh1"
2.604261716451e-21,2.72234634144007,0.048,0.005,5.3043602640674e-17,"11","Havcr2"
2.65042389136974e-21,4.46446628140307,0.021,0.001,5.39838338194189e-17,"11","Galnt5"
2.6688738381439e-21,4.33063569727386,0.021,0.001,5.4359622335315e-17,"11","Syne4"
2.6734801834786e-21,2.31071098025117,0.048,0.005,5.44534443770921e-17,"11","Kctd12b"
2.76843406292183e-21,6.52803139148482,0.018,0,5.63874649935917e-17,"11","Btc"
2.80187513776577e-21,5.93307660526917,0.018,0,5.70685928060133e-17,"11","Gm5600"
2.83571574777564e-21,5.39618858651624,0.018,0,5.77578583506942e-17,"11","Gm20478"
2.85807437715528e-21,2.06388870864056,0.067,0.009,5.82132589138987e-17,"11","Kif3c"
2.86996061250951e-21,2.95839163018567,0.018,0,5.84553577555937e-17,"11","Npr2"
2.90461450662546e-21,4.66078503479335,0.018,0,5.91611882709475e-17,"11","Cndp1"
3.21843998086507e-21,2.06868659157283,0.158,0.044,6.55531855302596e-17,"11","Rnf125"
3.69043259317748e-21,3.11064246277516,0.073,0.011,7.51667310578389e-17,"11","Brdt"
3.73611506902385e-21,2.04100867280888,0.082,0.014,7.60971917258777e-17,"11","Ubtd2"
3.94746878523069e-21,2.44372055300787,0.112,0.025,8.04020442175786e-17,"11","Txnrd3"
3.95354913569998e-21,2.0666920867812,0.142,0.037,8.05258887959371e-17,"11","Carf"
4.81399035091376e-21,2.27661581055212,0.1,0.02,9.80513554674115e-17,"11","Trim68"
4.83689169887441e-21,4.7865208537051,0.033,0.002,9.85178101226739e-17,"11","Gm49708"
5.15249330212011e-21,3.99205901712201,0.033,0.002,1.04945983577582e-16,"11","Bnip5"
5.31465847462199e-21,2.27737333332366,0.106,0.023,1.08248963811101e-16,"11","Limk1"
5.49896808963184e-21,2.00023594916793,0.052,0.006,1.12002982049621e-16,"11","Gm8113"
5.58199173715513e-21,2.02261187649112,0.115,0.026,1.13694007702376e-16,"11","Accs"
1.45069522972302e-20,4.31825437477679,0.03,0.002,2.95477604389986e-16,"11","Tmprss7"
1.50044871768565e-20,3.900909438074,0.03,0.002,3.05611394818213e-16,"11","Spata6l"
1.56467710666492e-20,2.90185374223342,0.064,0.009,3.18693433085511e-16,"11","Hoxaas3"
1.66321005807431e-20,3.14195745139092,0.048,0.005,3.38762624628575e-16,"11","Peg12"
1.74463072829234e-20,2.51875488799722,0.052,0.006,3.55346386738583e-16,"11","Rgs7bp"
1.87708616019379e-20,2.96220998351831,0.064,0.009,3.82324909108272e-16,"11","Gm56696"
1.99455130088189e-20,4.07756823428886,0.024,0.001,4.06250208963623e-16,"11","Gm15918"
2.20952492516774e-20,3.03070792736072,0.061,0.008,4.50036036758165e-16,"11","Hhat"
2.24495293874768e-20,2.01387262681433,0.109,0.024,4.57252014564127e-16,"11","Lrp12"
2.25866613729621e-20,3.02721978940732,0.061,0.008,4.60045118844492e-16,"11","Dnal1"
2.31184705773566e-20,2.37278372257705,0.055,0.007,4.70877008719599e-16,"11","Zfp316"
2.72308121619438e-20,2.33359013997868,0.079,0.013,5.54637182114472e-16,"11","5430402O13Rik"
2.86529694314408e-20,2.8690383619849,0.085,0.016,5.83603681379586e-16,"11","Poglut3"
3.02315805212203e-20,2.26219570996562,0.058,0.007,6.15756832056215e-16,"11","Ift43"
3.30369541314934e-20,4.22868665812874,0.033,0.002,6.72896681750258e-16,"11","AI854703"
4.40920010360071e-20,2.3473974155061,0.1,0.021,8.98065877101393e-16,"11","Fkbp7"
4.49402698612007e-20,2.21248731370231,0.139,0.038,9.15343416532935e-16,"11","Tnfsf13os"
5.00594553589818e-20,2.66400288072732,0.058,0.008,1.01961098675174e-15,"11","Dock6"
5.04827910536664e-20,2.02830580243075,0.13,0.034,1.02823348818108e-15,"11","Get1"
5.50889938742547e-20,3.4844851841987,0.045,0.005,1.12205262723082e-15,"11","4930447C04Rik"
7.38327086179783e-20,3.88714714843195,0.052,0.006,1.50382460913098e-15,"11","Zfp982"
7.57184074300144e-20,2.51770597078496,0.091,0.018,1.54223252253453e-15,"11","E130311K13Rik"
1.00620949066151e-19,3.97550136032669,0.039,0.004,2.04944749057937e-15,"11","B230206L02Rik"
1.01855799152153e-19,2.20397124751799,0.067,0.01,2.07459891713105e-15,"11","Efnb1"
1.02902775108102e-19,2.01936174364888,0.118,0.029,2.09592372340182e-15,"11","Pctp"
1.11675673940192e-19,2.49042107384706,0.055,0.007,2.27461012681382e-15,"11","Gstm7"
1.15385430197011e-19,2.89484558043141,0.039,0.004,2.35017044225273e-15,"11","Adgrd1"
1.20258016704592e-19,4.29170772439211,0.03,0.002,2.44941528423912e-15,"11","Gm12195"
1.23628832133292e-19,3.90491793246517,0.03,0.002,2.5180720528909e-15,"11","Armc2"
1.42136174389773e-19,2.34677031380024,0.055,0.007,2.8950295999709e-15,"11","Camkk1"
1.43777376155726e-19,3.13328058676976,0.067,0.01,2.92845759753982e-15,"11","2310047K21Rik"
1.49029119908628e-19,2.47614278582614,0.076,0.013,3.03542511429894e-15,"11","Egr1"
1.69772576688611e-19,3.22956876285029,0.061,0.009,3.45792784199362e-15,"11","Prss36"
1.72042103444297e-19,2.08202513784275,0.148,0.043,3.50415356295344e-15,"11","Fktn"
2.32540137710317e-19,2.13658171416778,0.085,0.016,4.73637752488373e-15,"11","Zfp94"
2.56071309613509e-19,7.16604273409012,0.015,0,5.21566043420795e-15,"11","Fxyd7"
2.56071309613509e-19,6.96388840860787,0.015,0,5.21566043420795e-15,"11","2410017I17Rik"
2.57177491160586e-19,6.10137390111506,0.015,0,5.23819113995881e-15,"11","Vmn2r90"
2.58288393858528e-19,5.85247254623431,0.015,0,5.26081800611051e-15,"11","Gadl1"
2.8625447498554e-19,2.22661350002069,0.085,0.016,5.83043114650548e-15,"11","Car9"
3.89999373664638e-19,4.14029792681012,0.024,0.001,7.94350724280134e-15,"11","Hsf2bp"
3.91074836854976e-19,4.82542980937156,0.024,0.001,7.96541227706214e-15,"11","Prr36"
4.08686110674735e-19,3.54820784490402,0.024,0.001,8.32411870222301e-15,"11","Efhc2"
4.20256832768976e-19,2.19310400740897,0.07,0.011,8.5597911698385e-15,"11","Macroh2a2"
4.25504413894056e-19,2.90995867826112,0.07,0.011,8.66667390219413e-15,"11","Tmem14a"
4.38955097469302e-19,2.76032773950943,0.058,0.008,8.94063742525474e-15,"11","Lyplal1"
4.60409606440841e-19,6.55895372009008,0.018,0.001,9.37762286398705e-15,"11","Tcte2"
4.65480798823657e-19,3.12936965812871,0.045,0.005,9.48091291044025e-15,"11","Rsad1"
4.83986409816385e-19,2.62879142593537,0.045,0.005,9.85783519514013e-15,"11","4930550C14Rik"
4.87556336708058e-19,5.20194635339374,0.018,0.001,9.93054746606973e-15,"11","Aif1l"
4.87556336708058e-19,4.70783679750553,0.018,0.001,9.93054746606973e-15,"11","Spint1"
4.87556336708058e-19,4.73181082252548,0.018,0.001,9.93054746606973e-15,"11","Ece2"
4.90375040804432e-19,3.82302052034242,0.042,0.004,9.98795883110468e-15,"11","Tmem82"
5.50377974081242e-19,2.48706061883337,0.07,0.011,1.12100985760867e-14,"11","Zfp629"
5.51163260798773e-19,2.27535290780854,0.052,0.006,1.12260932959494e-14,"11","Usp44"
6.44504983845249e-19,2.4617699733712,0.094,0.02,1.312727751096e-14,"11","1810024B03Rik"
6.79513698388754e-19,2.76071067609625,0.085,0.017,1.38403350087821e-14,"11","Nudt12"
7.57505461339376e-19,2.84425198618591,0.061,0.009,1.54288712365604e-14,"11","Fzd3"
8.03829786684251e-19,2.14912276443985,0.112,0.027,1.63724050951848e-14,"11","Zfp579"
9.02825980513795e-19,2.86068422519646,0.03,0.002,1.8388759571105e-14,"11","Ephb2"
9.35202828151699e-19,2.11943385887751,0.097,0.021,1.90482112037938e-14,"11","Tnfsf12"
1.02886656121784e-18,3.88788530478548,0.033,0.003,2.0955954118885e-14,"11","Platr27"
1.25310618976226e-18,3.41662695640516,0.039,0.004,2.55232668730778e-14,"11","Echdc3"
1.56125328926456e-18,2.16804067369234,0.061,0.009,3.17996069957405e-14,"11","Bok"
1.58187340490515e-18,3.05380641058545,0.042,0.004,3.2219597511108e-14,"11","Cep112"
2.3359323388005e-18,2.19507724736641,0.094,0.02,4.75782698766885e-14,"11","1700123M08Rik"
2.36241890026956e-18,2.98137359668985,0.064,0.01,4.81177481606905e-14,"11","Pex11a"
2.48290094926676e-18,2.10865108890365,0.121,0.032,5.05717265346653e-14,"11","Ankrd24"
2.50149852987571e-18,2.80374637138076,0.067,0.011,5.09505220565084e-14,"11","Klhdc8b"
2.52474040448054e-18,2.25479933337834,0.121,0.032,5.14239125584597e-14,"11","B4galt4"
2.6400725630223e-18,2.00677026543804,0.118,0.03,5.37729979636382e-14,"11","Zfp385a"
2.81994525376152e-18,4.2997160865141,0.027,0.002,5.74366449286146e-14,"11","Efr3b"
2.92166802037345e-18,3.47959390197444,0.027,0.002,5.95085342389664e-14,"11","Or8b53"
2.93550192841506e-18,3.95166605441631,0.027,0.002,5.9790303277958e-14,"11","Rell2"
3.55209196132454e-18,2.8417064719265,0.058,0.008,7.23490090682582e-14,"11","Gm50035"
3.59973112780788e-18,2.15330026106666,0.045,0.005,7.33193236111909e-14,"11","Loxl3"
3.68478645087144e-18,2.82924275052968,0.061,0.009,7.50517304313495e-14,"11","Sptbn4"
4.07810843357183e-18,3.57039046557212,0.039,0.004,8.3062912574991e-14,"11","Zfp455"
4.24616578460138e-18,3.74697433252674,0.055,0.008,8.64859047007608e-14,"11","Map7d2"
4.5061251520818e-18,4.46418084115837,0.021,0.001,9.1780757097602e-14,"11","Cfap47"
4.50753555694804e-18,2.52516957379071,0.064,0.01,9.18094842239177e-14,"11","Car12"
4.55948225816317e-18,4.38703713138009,0.021,0.001,9.28675346342674e-14,"11","Mab21l2"
4.84296990694563e-18,2.9067580327323,0.073,0.013,9.86416110646687e-14,"11","Anxa9"
5.20440148327969e-18,2.41787765020633,0.039,0.004,1.06003249411441e-13,"11","Slc9c1"
5.48127879145471e-18,4.66045568017523,0.024,0.001,1.1164268642435e-13,"11","Lnx1"
5.49549169400027e-18,4.48951720097262,0.024,0.001,1.11932174823398e-13,"11","Mmp16"
5.57893553757347e-18,3.57174791590313,0.03,0.002,1.13631759029296e-13,"11","Thnsl2"
5.79220717290944e-18,2.01786922904118,0.124,0.033,1.17975675697819e-13,"11","2310015A10Rik"
6.82562590202331e-18,2.01783322240919,0.103,0.024,1.39024348372411e-13,"11","Dmwd"
7.39788459612296e-18,2.10306414268481,0.118,0.031,1.50680113453833e-13,"11","Pus7l"
8.32282016720325e-18,2.58177088905401,0.061,0.009,1.69519201165596e-13,"11","9930014A18Rik"
1.0247569878497e-17,3.86392193376709,0.036,0.003,2.08722503285226e-13,"11","4933426B08Rik"
1.05116801639624e-17,2.10356910175659,0.106,0.026,2.14101901579586e-13,"11","Habp4"
1.13544505900629e-17,7.05875173552716,0.012,0,2.312674496184e-13,"11","Eno2"
1.13544505900629e-17,6.38420287016354,0.012,0,2.312674496184e-13,"11","Nkpd1"
1.13544505900629e-17,7.20006070116042,0.012,0,2.312674496184e-13,"11","Gm35189"
1.13544505900629e-17,7.27848311267909,0.012,0,2.312674496184e-13,"11","Panx2"
1.13544505900629e-17,6.67113967061057,0.012,0,2.312674496184e-13,"11","Sema4g"
1.14098036745764e-17,6.50135368945582,0.012,0,2.32394881243773e-13,"11","Gm13133"
1.15674760569033e-17,3.05932823812312,0.036,0.003,2.35606352327005e-13,"11","Gm26907"
1.15774657132669e-17,4.8831931490407,0.012,0,2.3580982164782e-13,"11","Dync1i1"
1.15774657132669e-17,5.78641473705093,0.012,0,2.3580982164782e-13,"11","Myh14"
1.20008528703011e-17,2.17058164031147,0.103,0.025,2.44433371262292e-13,"11","Gm56589"
1.29282863570487e-17,3.01398290454427,0.067,0.011,2.63323336520367e-13,"11","Arhgef25"
1.33620427185315e-17,2.65860410813906,0.073,0.013,2.72158086091049e-13,"11","Lrrc75a"
1.34079325429152e-17,2.23675350090594,0.064,0.01,2.73092770034097e-13,"11","Slc26a11"
1.40761365357548e-17,2.28640624951555,0.052,0.007,2.86702748960253e-13,"11","Pcbp4"
1.6672369573302e-17,2.5492825679596,0.058,0.009,3.39582823469014e-13,"11","Clic5"
2.04464510475833e-17,2.03890206125965,0.133,0.039,4.16453314937177e-13,"11","Rabl2"
2.17503497410602e-17,3.16202913774333,0.027,0.002,4.43011123525913e-13,"11","6720407P12Rik"
2.29059405618347e-17,2.40384367266663,0.124,0.034,4.66548197363449e-13,"11","D130020L05Rik"
2.4466588913888e-17,2.23011145810277,0.152,0.048,4.98335482998072e-13,"11","Dus4l"
2.45586743062929e-17,2.3595209459823,0.027,0.002,5.00211078270574e-13,"11","Cpxm1"
2.85432194652544e-17,2.31286132087167,0.052,0.007,5.81368294068302e-13,"11","Gm56519"
2.8695494605902e-17,3.41665981266006,0.03,0.002,5.84469834133011e-13,"11","Gm13274"
2.93211745352533e-17,2.0969180796813,0.091,0.02,5.9721368293404e-13,"11","Tuft1"
2.97646928827361e-17,3.3986634981505,0.03,0.002,6.06247264635569e-13,"11","Gm28874"
3.1476794898904e-17,4.72020760109605,0.018,0.001,6.41119358500876e-13,"11","Gm56880"
3.19901572825586e-17,4.16333226051974,0.018,0.001,6.51575523531153e-13,"11","Gm57340"
3.61639598372993e-17,2.85126056616514,0.055,0.008,7.36587533966111e-13,"11","Mfsd4b4"
3.97550066747073e-17,2.31045125620427,0.082,0.017,8.09729975950439e-13,"11","Batf2"
4.22277702880181e-17,2.12948601019958,0.118,0.032,8.60095225226352e-13,"11","BC065397"
4.23225958662057e-17,2.51703869322617,0.064,0.011,8.62026632602877e-13,"11","A230072E10Rik"
4.85794377948041e-17,2.27795432767834,0.082,0.017,9.89465989004571e-13,"11","Rbak"
5.0978774512561e-17,2.33936133200915,0.061,0.01,1.03833567927184e-12,"11","Zfp85"
5.23707463409606e-17,2.1759697146832,0.091,0.02,1.06668736147268e-12,"11","B4gat1"
5.83738509986436e-17,2.0113138897603,0.127,0.037,1.18895859714037e-12,"11","4930549G23Rik"
6.0213415633011e-17,4.34398053602418,0.024,0.001,1.22642684961317e-12,"11","Zfp660"
6.40019073601305e-17,3.29339494491827,0.024,0.001,1.30359084911114e-12,"11","Prune2"
6.82829122673094e-17,2.57571509231983,0.076,0.015,1.39078635706056e-12,"11","Mansc1"
7.26152726428762e-17,2.70463533662627,0.055,0.008,1.4790278731901e-12,"11","Gm56764"
7.80006869026672e-17,5.90072751774853,0.015,0,1.58871799083353e-12,"11","Hoxa2"
7.94756163739808e-17,5.14750230161411,0.015,0,1.61875935430524e-12,"11","Irf6"
8.30587042686297e-17,2.1399172392936,0.097,0.023,1.69173968854345e-12,"11","Lysmd1"
8.41894752966269e-17,2.10505638623167,0.073,0.014,1.7147712328417e-12,"11","Acot11"
8.70561841162045e-17,3.10355878787838,0.033,0.003,1.77316035807885e-12,"11","Parm1"
8.72145719673665e-17,3.33175816431609,0.033,0.003,1.77638640183132e-12,"11","Gm16565"
8.87374505763114e-17,3.76531137209208,0.021,0.001,1.80740439333831e-12,"11","Sh3gl3"
8.88141628203119e-17,2.63566960426635,0.033,0.003,1.80896686832411e-12,"11","Wdr49"
1.02460732995978e-16,2.54197479966329,0.052,0.007,2.08692020966207e-12,"11","Gm17399"
1.44211389925451e-16,3.41657694217804,0.03,0.002,2.93729759000159e-12,"11","Igsf10"
1.52802014025549e-16,2.97922910310636,0.027,0.002,3.11227142167239e-12,"11","Gm29590"
1.78901152087713e-16,3.48478264814733,0.042,0.005,3.64385866572254e-12,"11","2610029K11Rik"
1.95947308726533e-16,2.45060665976559,0.052,0.007,3.99105478414203e-12,"11","Pygm"
1.98759380835307e-16,3.23819744428159,0.042,0.005,4.04833106885354e-12,"11","Ccm2l"
2.11733879488798e-16,3.15209897164948,0.048,0.007,4.31259565742783e-12,"11","Rtkn"
2.72924518686205e-16,2.1719923266975,0.112,0.03,5.55892659660061e-12,"11","Tor4a"
2.83781509412975e-16,3.61320434318146,0.033,0.003,5.78006178372348e-12,"11","Plpp7"
2.85355670953417e-16,2.55396769634536,0.082,0.018,5.81212430597919e-12,"11","Nrg4"
3.2268455692926e-16,2.17674428547655,0.103,0.026,6.57243905553517e-12,"11","Pex12"
3.23836539107748e-16,3.48369609258823,0.033,0.003,6.59590262854661e-12,"11","Brsk1"
3.29589441580939e-16,2.48085823636352,0.073,0.014,6.71307774612056e-12,"11","Pex26"
3.31278106385463e-16,2.29311788866514,0.1,0.025,6.74747247085912e-12,"11","Sox13"
4.40472941497899e-16,2.99875937809991,0.048,0.007,8.9715528724292e-12,"11","Neo1"
4.85510526009007e-16,3.42241043368906,0.045,0.006,9.88887839375144e-12,"11","Gm30108"
4.8987207333312e-16,2.88650203389348,0.042,0.005,9.97771438964898e-12,"11","Oplah"
5.0380188954848e-16,4.13064827863836,0.024,0.002,1.02614368863234e-11,"11","Shisa9"
5.22762895635638e-16,4.11196996112606,0.024,0.002,1.06476346583067e-11,"11","Rasl12"
5.26395568299758e-16,3.70390848001283,0.024,0.002,1.07216249351295e-11,"11","Gm11767"
5.29859875817809e-16,2.32535145786771,0.067,0.012,1.07921859506571e-11,"11","Gm10863"
5.35117154684866e-16,2.16258948958202,0.085,0.019,1.08992662066214e-11,"11","Zfp267"
6.03083108398515e-16,2.71385946135176,0.03,0.003,1.22835967518609e-11,"11","L3hypdh"
6.57963949662627e-16,2.63381426814485,0.085,0.019,1.34014097267284e-11,"11","Mier2"
8.12327762984168e-16,2.01253574546105,0.139,0.044,1.65454918764615e-11,"11","ENSMUSG00000121477"
8.17253992462235e-16,2.53969607688264,0.067,0.012,1.66458293184708e-11,"11","Spaca6"
8.8128995180965e-16,2.2519667214164,0.091,0.022,1.7950113738459e-11,"11","Cage1"
9.01928570464237e-16,2.12287157250944,0.121,0.035,1.83704811232156e-11,"11","Pecr"
1.02525141003667e-15,4.90207577758249,0.018,0.001,2.08823207196268e-11,"11","Dact3"
1.02839224875062e-15,2.78655182411549,0.042,0.005,2.09462933225526e-11,"11","Myof"
1.04355320592592e-15,3.81209449010693,0.018,0.001,2.12550916982992e-11,"11","Gm43703"
1.06217676528609e-15,4.23685034267513,0.018,0.001,2.16344163553471e-11,"11","Gm3739"
1.07161094241677e-15,4.13979238141912,0.018,0.001,2.18265716751448e-11,"11","Slc2a10"
1.07607078652888e-15,2.3700988733726,0.033,0.003,2.19174097800202e-11,"11","Dgki"
1.08059647179536e-15,2.31568532163611,0.045,0.006,2.20095889375278e-11,"11","Bmp1"
1.09642930084024e-15,2.90617892582748,0.033,0.003,2.23320719995141e-11,"11","Jag2"
1.17096601438616e-15,4.86049637432861,0.021,0.001,2.38502357810174e-11,"11","2900060N12Rik"
1.19279376339994e-15,2.04059492250191,0.036,0.004,2.42948233729299e-11,"11","A630035G10Rik"
1.2761724108102e-15,2.15029401076441,0.064,0.012,2.59930796633822e-11,"11","Gm26779"
1.59625888894617e-15,3.21729272489968,0.048,0.007,3.25126010500556e-11,"11","Fgfbp3"
1.7228213349336e-15,2.70337187078378,0.07,0.014,3.50904249499275e-11,"11","Niban2"
1.79293527089344e-15,2.20475331562395,0.124,0.037,3.65185055975576e-11,"11","Spryd4"
1.87197938017806e-15,3.33757593611466,0.055,0.009,3.81284760154667e-11,"11","Wdr19"
2.2089983168931e-15,3.93306742795619,0.03,0.003,4.49928777184787e-11,"11","Klhdc9"
2.32223894733462e-15,2.371714910758,0.045,0.006,4.72993628793115e-11,"11","Epha7"
2.52841937853423e-15,2.67885246291657,0.085,0.02,5.14988459019853e-11,"11","Tmem276"
2.7398590058722e-15,2.38937311507952,0.07,0.014,5.5805448231605e-11,"11","Thnsl1"
3.1586917645786e-15,2.0526406379658,0.106,0.029,6.43362338609369e-11,"11","Zfp763"
4.03303345061986e-15,2.97918054420815,0.027,0.002,8.21448253222254e-11,"11","Amelx"
4.29453009862646e-15,2.76228915433501,0.027,0.002,8.74709890488237e-11,"11","Mapk12"
4.43183893684296e-15,3.34451382779957,0.039,0.005,9.02676954656173e-11,"11","Aspa"
5.19937402096356e-15,2.36723564771546,0.079,0.018,1.05900850058986e-10,"11","Gm26782"
6.78224194264097e-15,5.40252096405971,0.015,0.001,1.38140703887711e-10,"11","Asb4"
6.94109501174601e-15,4.4534002578193,0.015,0.001,1.41376223199243e-10,"11","Gm35229"
7.0102907348675e-15,4.28908933398428,0.015,0.001,1.42785601687781e-10,"11","Sycp2l"
7.10360880718823e-15,3.57984908938538,0.015,0.001,1.4468630418481e-10,"11","Lypd6"
7.11535844161364e-15,4.08342089802199,0.015,0.001,1.44925620738787e-10,"11","Cldn4"
9.32670955538918e-15,3.45642587660108,0.033,0.004,1.89966420224167e-10,"11","Pld2"
1.08784618857738e-14,4.41837737065022,0.012,0,2.21572511689441e-10,"11","1700003C15Rik"
1.08784618857738e-14,4.2256715552884,0.012,0,2.21572511689441e-10,"11","Scd3"
1.09222852953996e-14,5.32980275607176,0.012,0,2.224651068967e-10,"11","Dlk1"
1.10104539241517e-14,5.07375695863185,0.012,0,2.24260925527122e-10,"11","Dpp6"
1.18552931652696e-14,3.67694526596706,0.021,0.001,2.4146861119021e-10,"11","Adamts12"
1.20894626031516e-14,2.84090891047071,0.07,0.015,2.46238174300991e-10,"11","Gm56974"
1.240511273873e-14,2.68322777310135,0.021,0.001,2.52667336262453e-10,"11","Smim35"
1.2553924188682e-14,3.72633013684897,0.021,0.001,2.55698327875075e-10,"11","Gm14964"
1.39167902349172e-14,2.72858625610877,0.061,0.011,2.83457183504794e-10,"11","Gm49741"
1.65337284466008e-14,3.60223914594803,0.027,0.002,3.36758981000364e-10,"11","Gm49694"
1.81295241904948e-14,3.14797238068029,0.036,0.004,3.69262148711997e-10,"11","Ttll7"
2.05098821603337e-14,4.15842946844011,0.024,0.002,4.17745279841676e-10,"11","Morn4"
2.0761051552417e-14,2.99266454659001,0.018,0.001,4.2286109801963e-10,"11","Zfp879"
2.12828256702762e-14,2.83394483252628,0.042,0.006,4.33488593252187e-10,"11","Trim30c"
2.14108712947832e-14,2.55208318102225,0.048,0.008,4.36096626532143e-10,"11","4933424G05Rik"
2.15165030204721e-14,2.70284965603191,0.052,0.008,4.38248133520977e-10,"11","1110035H17Rik"
2.18754186455546e-14,3.73998990134567,0.024,0.002,4.45558526972656e-10,"11","Ppp1r26"
2.24276905341933e-14,2.09543532456738,0.024,0.002,4.56807200800449e-10,"11","Abca4"
2.46318686716509e-14,2.30906443400494,0.07,0.015,5.01701901104186e-10,"11","Gna14"
2.73897607653666e-14,2.84339260343751,0.055,0.009,5.57874647268986e-10,"11","Gm26670"
2.79523423089667e-14,2.64314890513806,0.033,0.004,5.69333308149035e-10,"11","Zmynd12"
2.82392691224423e-14,2.13712243048588,0.061,0.011,5.75177433485906e-10,"11","Kctd17"
3.27775016801691e-14,2.73722342404033,0.045,0.007,6.67612154221684e-10,"11","Gm56719"
3.6932530087584e-14,2.62727869277564,0.097,0.026,7.52241772823911e-10,"11","9230116N13Rik"
3.75923652075682e-14,2.6509552121259,0.058,0.011,7.65681294547748e-10,"11","Gm10399"
4.25152592200026e-14,2.77959850939166,0.055,0.01,8.65950799793013e-10,"11","Gm35315"
4.39829738644403e-14,3.33267435377655,0.036,0.004,8.9584521167092e-10,"11","Gm17249"
4.43560537826021e-14,2.81083507531137,0.055,0.01,9.0344410344404e-10,"11","Gm38250"
5.56367224621114e-14,2.09883227255796,0.07,0.015,1.13320876310828e-09,"11","Chst14"
5.67632266470813e-14,2.39450518683504,0.058,0.011,1.15615340034775e-09,"11","Zc4h2"
6.50781823600025e-14,3.83257792328351,0.033,0.004,1.32551241830853e-09,"11","1810059C17Rik"
6.61041035693764e-14,2.26755898868998,0.052,0.009,1.34640838150106e-09,"11","5830454E08Rik"
7.85400111651174e-14,2.04365216750795,0.091,0.024,1.59970294741111e-09,"11","Gm11973"
8.04590399705999e-14,4.06506217014615,0.03,0.003,1.63878972612118e-09,"11","Slc6a15"
8.50618926327842e-14,2.95804206146937,0.03,0.003,1.73254062914455e-09,"11","Arxes2"
9.08268740924514e-14,3.12366153696341,0.042,0.006,1.84996177151505e-09,"11","Gm11772"
9.13481922694474e-14,3.62430920846026,0.021,0.001,1.8605799801441e-09,"11","Lactbl1"
9.48970011456141e-14,3.17236744029139,0.021,0.001,1.93286211933387e-09,"11","Rasd1"
1.04772112430093e-13,3.20457953886973,0.024,0.002,2.13399838597614e-09,"11","C330002G04Rik"
1.15209093843026e-13,2.40915649335208,0.024,0.002,2.34657882339476e-09,"11","Rhod"
1.45904592449688e-13,2.03383512204477,0.097,0.027,2.97178473901525e-09,"11","Zscan12"
1.68028334613379e-13,3.75152360056229,0.033,0.004,3.42240111940531e-09,"11","C920006O11Rik"
1.92092253657065e-13,2.84026638085291,0.033,0.004,3.91253502248710e-09,"11","Cfap20dc"
1.94565959256617e-13,2.13612712397095,0.042,0.006,3.96291945813878e-09,"11","4931403E22Rik"
2.19136174752804e-13,2.18946598547768,0.064,0.013,4.46336560736511e-09,"11","Napb"
2.37132376796211e-13,5.552130967714,0.015,0.001,4.82991225058523e-09,"11","Scgb3a1"
2.39987921480215e-13,2.48401256103692,0.036,0.005,4.88807398470901e-09,"11","Stpg1"
2.45729149026079e-13,5.02905439870253,0.018,0.001,5.00501130736317e-09,"11","Rnf32"
2.47154700855767e-13,3.01906421717677,0.015,0.001,5.03404694703025e-09,"11","Large2"
2.47436087371387e-13,3.56538055892227,0.03,0.003,5.0397782275804e-09,"11","Jam2"
2.49440813913077e-13,4.86251197713098,0.018,0.001,5.08061049778155e-09,"11","Gm26698"
2.529853615866e-13,2.90655285166963,0.036,0.005,5.15280584479586e-09,"11","Gm42889"
3.31674232667666e-13,2.33139382549139,0.042,0.006,6.75554077097502e-09,"11","Tert"
3.65341149290765e-13,2.04893720236227,0.085,0.022,7.4412685287543e-09,"11","Gm13012"
4.02051360662454e-13,2.38861595777229,0.061,0.012,8.18898211397286e-09,"11","Slc35e4"
4.22638302122766e-13,2.80679955388932,0.039,0.006,8.60829693763649e-09,"11","Matn2"
4.53249598497378e-13,2.06098864482265,0.097,0.028,9.2317878221946e-09,"11","Cryz"
5.10820762746859e-13,2.76915509115318,0.048,0.008,1.0404397295628e-08,"11","Gm47863"
5.1800624792419e-13,2.86531187590185,0.024,0.002,1.05507512577199e-08,"11","D630039A03Rik"
5.31215584366892e-13,2.23989427174618,0.061,0.012,1.08197990223849e-08,"11","Htr2a"
5.57002988457352e-13,4.57612201076088,0.021,0.002,1.13450368688993e-08,"11","H2-T3"
6.7235086090266e-13,2.48799095760332,0.094,0.027,1.36944423348654e-08,"11","Psma8"
6.85978683119254e-13,2.50320571751265,0.055,0.01,1.3972013817773e-08,"11","Rhbdl3"
7.10939610575943e-13,3.42768399495563,0.03,0.003,1.44804179882108e-08,"11","Nhlrc1"
7.16058034746114e-13,2.47270611030003,0.061,0.013,1.45846700517088e-08,"11","Gm4631"
7.9329293827359e-13,2.43175670788208,0.027,0.003,1.61577905667565e-08,"11","Cadm4"
8.3080328148192e-13,2.09867648448445,0.109,0.034,1.69218012372237e-08,"11","C130036L24Rik"
9.42092638988971e-13,2.74812988364017,0.048,0.008,1.91885428709274e-08,"11","Enho"
9.64751971638798e-13,3.71058104694027,0.033,0.004,1.9650068158339e-08,"11","Gm56816"
1.14976977464166e-12,2.18583768504639,0.042,0.007,2.34185107699014e-08,"11","Plekha4"
1.19015538350926e-12,2.16305199223293,0.103,0.032,2.42410848513166e-08,"11","Sumf2"
1.45797928588302e-12,5.05524303987957,0.012,0,2.96961220948654e-08,"11","Hgfac"
1.45797928588302e-12,5.25364206183102,0.012,0,2.96961220948654e-08,"11","6430562O15Rik"
1.46297314030788e-12,5.58109733966978,0.012,0,2.97978369217909e-08,"11","Tceal5"
1.47805561095943e-12,4.37683994289319,0.012,0,3.01050366840216e-08,"11","Gm57089"
1.47805561095943e-12,4.32999780663966,0.012,0,3.01050366840216e-08,"11","2410004P03Rik"
1.48311692176481e-12,4.13511784640412,0.012,0,3.02081254625057e-08,"11","Cdcp1"
2.18461993900513e-12,2.81648335864378,0.036,0.005,4.44963389176564e-08,"11","Prss41"
2.21960913129862e-12,3.27411964245606,0.033,0.004,4.52089987862903e-08,"11","Unc13a"
2.49466190796273e-12,3.06050903701794,0.045,0.008,5.0811273741385e-08,"11","Tctn2"
2.91207890034616e-12,2.17904981589451,0.061,0.013,5.93132230422505e-08,"11","Zfp189"
3.12004649874087e-12,3.18400153059846,0.021,0.002,6.3549107086354e-08,"11","Txlnb"
3.1361834232949e-12,2.13140504314969,0.088,0.025,6.38777839656704e-08,"11","Serpinf1"
3.90056521645737e-12,2.59096320781828,0.07,0.017,7.94467123288037e-08,"11","Tlcd3a"
4.08617221603591e-12,3.56663897382797,0.036,0.005,8.32271556962194e-08,"11","Sgms1os1"
4.17542985294685e-12,3.52104281435872,0.03,0.004,8.50451552448213e-08,"11","Gm50196"
4.24213022190242e-12,3.37287416738655,0.03,0.004,8.64037083597085e-08,"11","Fam131a"
4.3139328316085e-12,2.19144075606681,0.036,0.005,8.78661839142019e-08,"11","2810429I04Rik"
4.40111995381222e-12,6.81121447093591,0.015,0.001,8.96420112192473e-08,"11","Hcn1"
4.44137073705516e-12,2.04741396957452,0.058,0.012,9.04618391723394e-08,"11","Atp6v0e2"
4.58095790447974e-12,3.89242993710158,0.015,0.001,9.33049505984433e-08,"11","Gm29114"
4.79597335198716e-12,3.01268196284735,0.033,0.004,9.76843852332745e-08,"11","Gm57272"
4.91958109523339e-12,2.4154115604011,0.03,0.004,1.00202027747714e-07,"11","Ptprf"
5.42215286441083e-12,2.44182866854822,0.033,0.004,1.1043840954232e-07,"11","Gm28187"
6.56486477906831e-12,2.14458409650331,0.052,0.01,1.33713165820063e-07,"11","Zfp784"
6.68555769752984e-12,2.75314681805648,0.024,0.002,1.36171439183288e-07,"11","Il20ra"
7.23111759545598e-12,2.57798335624708,0.055,0.011,1.47283403184247e-07,"11","Gm26533"
7.53997912373406e-12,2.45890257417156,0.045,0.008,1.53574294792215e-07,"11","Pheta1"
1.08040915898371e-11,2.80423782672145,0.045,0.008,2.20057737501803e-07,"11","Ankrd13b"
1.19006195337072e-11,2.36959907106379,0.052,0.01,2.42391818662548e-07,"11","Zfp248"
1.21162601464888e-11,2.56688772457219,0.045,0.008,2.46783986663685e-07,"11","Gm9776"
1.24925822202356e-11,2.26286301283257,0.045,0.008,2.54448914661758e-07,"11","Pvr"
1.25862562811814e-11,2.0000981960332,0.048,0.009,2.56356867935103e-07,"11","Map9"
1.30328317139044e-11,2.63466659254063,0.058,0.013,2.65452716348805e-07,"11","Igip"
1.46619822643212e-11,2.83112970625963,0.042,0.007,2.98635254759693e-07,"11","5730414N17Rik"
1.52007467814803e-11,2.06741749970143,0.079,0.021,3.09608810445191e-07,"11","Zfp12"
1.55693719053167e-11,2.69108525307121,0.07,0.018,3.17116966967491e-07,"11","4930558N01Rik"
1.56952938945429e-11,3.72809304628391,0.018,0.001,3.1968174604405e-07,"11","Gm10561"
1.57972873813747e-11,2.78012512770168,0.018,0.001,3.2175914938384e-07,"11","Obsl1"
1.71362787933782e-11,2.28550730458853,0.036,0.005,3.49031726463528e-07,"11","Gm45606"
1.76131254775935e-11,3.01103776655223,0.027,0.003,3.58744139727625e-07,"11","Ccdc120"
1.95677299821323e-11,2.13875358693871,0.048,0.009,3.98555524276071e-07,"11","Gm16759"
1.97190397776634e-11,2.08020658542595,0.064,0.015,4.01637402191448e-07,"11","Rmdn2"
2.12479447615027e-11,2.45143484770409,0.024,0.002,4.32778138902286e-07,"11","Gm56593"
2.1667680443164e-11,2.01623560267385,0.045,0.008,4.41327315266364e-07,"11","Fbxl12os"
2.19343098036598e-11,2.30833322673451,0.033,0.005,4.46758022080942e-07,"11","Gm26664"
2.23644314199917e-11,2.97867468412642,0.024,0.002,4.55518739162391e-07,"11","Grm1"
2.3419186225247e-11,3.08068534429176,0.03,0.004,4.7700198503583e-07,"11","Lrch2"
2.52190225031127e-11,2.27591233740863,0.042,0.007,5.136610503434e-07,"11","6230426M11Rik"
2.67354306339201e-11,3.59894723135503,0.039,0.006,5.44547251151684e-07,"11","Syngap1"
2.73412397858823e-11,2.740550065709,0.036,0.006,5.56886371958851e-07,"11","Gm10638"
2.75257153162164e-11,2.8613106989823,0.039,0.006,5.60643769560696e-07,"11","Kank2"
2.82599622484283e-11,2.33490446601412,0.058,0.013,5.75598911075987e-07,"11","Ak4"
4.3154095251201e-11,2.41268015025722,0.048,0.01,8.78962612076462e-07,"11","Gm16553"
4.4139836570503e-11,2.77198958883666,0.027,0.003,8.99040191268005e-07,"11","Als2cl"
5.08930838645608e-11,4.69880875603187,0.015,0.001,1.03659033215337e-06,"11","Ptgds"
5.15417412813194e-11,3.27865520023137,0.021,0.002,1.04980218641791e-06,"11","Kcnj14"
5.18924387443121e-11,3.10995394400646,0.015,0.001,1.05694519234415e-06,"11","Susd5"
5.25267571435007e-11,2.9173043869841,0.015,0.001,1.06986498949882e-06,"11","Igdcc4"
5.26545279658767e-11,4.0059027833727,0.015,0.001,1.07246742560898e-06,"11","Gm3696"
5.27826028103114e-11,3.50568568853351,0.015,0.001,1.07507605404042e-06,"11","Gm7580"
5.3528834863417e-11,2.01630955670336,0.039,0.007,1.09027530849808e-06,"11","Castor1"
5.38290928243558e-11,2.58309109789208,0.03,0.004,1.09639096264648e-06,"11","Gbp6"
5.75957234759472e-11,5.1104620047305,0.012,0.001,1.17310969575809e-06,"11","Gm44257"
5.79387141222058e-11,4.43342961437738,0.012,0.001,1.18009572924109e-06,"11","Acot4"
5.88049554116285e-11,4.15361101499793,0.012,0.001,1.19773933182405e-06,"11","Ablim2"
5.90701402479173e-11,2.55743662698575,0.048,0.01,1.20314061656958e-06,"11","Trim3"
6.2391738649151e-11,2.06058623911425,0.055,0.012,1.27079493280591e-06,"11","Nicn1"
6.39594207220656e-11,2.17121253758962,0.048,0.01,1.30272548126703e-06,"11","Ndrg2"
7.13464935320479e-11,2.0748195726619,0.042,0.008,1.45318538026075e-06,"11","Lpar2"
7.14129118662797e-11,2.2155708733273,0.064,0.016,1.45453818889239e-06,"11","Gm6598"
8.03757602990775e-11,3.05046059994941,0.048,0.01,1.63709348577161e-06,"11","2810408A11Rik"
8.18099372682458e-11,5.05778994601719,0.018,0.001,1.66630480227963e-06,"11","Kif6"
8.23077032560313e-11,3.88185359065804,0.018,0.001,1.67644329991885e-06,"11","Hoxb5"
8.29760002608763e-11,4.36934258392142,0.018,0.001,1.69005517331353e-06,"11","Gm5148"
8.46700415598548e-11,3.37828352409759,0.018,0.001,1.72455940649112e-06,"11","Fam241b"
8.60495807343835e-11,3.07036534173173,0.018,0.001,1.75265786039792e-06,"11","Gm32027"
8.62235609073297e-11,2.79595756279627,0.018,0.001,1.75620148856049e-06,"11","Plekha6"
8.63978850092874e-11,2.77294707299485,0.018,0.001,1.75975212186917e-06,"11","4930412C18Rik"
8.71758558022868e-11,2.43319621496895,0.036,0.006,1.77559783098098e-06,"11","1700080G18Rik"
8.78049391774305e-11,2.42003297678413,0.018,0.001,1.7884110011659e-06,"11","P3h4"
8.95952934193839e-11,2.26231278459124,0.018,0.001,1.82487693636601e-06,"11","Trpv4"
9.28418646325629e-11,2.75555302378299,0.036,0.006,1.89100309883604e-06,"11","Gm56981"
1.00352836582996e-10,2.13115479625784,0.067,0.017,2.04398657552246e-06,"11","Prmt2"
1.00583019060974e-10,3.0508390338971,0.03,0.004,2.04867493223393e-06,"11","Gm45620"
1.0594349203573e-10,2.47361438653694,0.027,0.003,2.15785704578374e-06,"11","Gm40841"
1.08667934871497e-10,2.16396834702679,0.045,0.009,2.21334849746266e-06,"11","Arhgef9"
1.35404387359757e-10,2.28302074003932,0.039,0.007,2.75791656174353e-06,"11","ENSMUSG00000121374"
1.58373181285054e-10,2.44960142495925,0.042,0.008,3.22574495641397e-06,"11","Brme1"
1.60477087584572e-10,3.09497855972428,0.024,0.003,3.26859731992257e-06,"11","Porcn"
1.67246502679391e-10,2.08095176278247,0.067,0.017,3.40647676657384e-06,"11","Appbp2os"
1.67734884310551e-10,2.98741784293973,0.024,0.003,3.4164241236373e-06,"11","Noxo1"
1.68760799126593e-10,2.86139462715161,0.024,0.003,3.43731995661044e-06,"11","2900089D17Rik"
1.69018234290331e-10,2.92081925025947,0.024,0.003,3.44256339602547e-06,"11","Crygn"
1.71875468199608e-10,2.20623667589726,0.024,0.003,3.50075953628962e-06,"11","Gpc3"
2.03799350734037e-10,3.15156715113645,0.03,0.004,4.15098517575086e-06,"11","Tbc1d30"
2.21607302620637e-10,3.52303586978489,0.027,0.004,4.51369753977714e-06,"11","Zfp941"
2.35264781408119e-10,2.92097547661311,0.027,0.004,4.79187306772057e-06,"11","Ttc30b"
2.37189728541867e-10,2.3732562655331,0.027,0.004,4.83108039094074e-06,"11","Espn"
2.38481564167746e-10,2.74382936194208,0.027,0.004,4.85739249896865e-06,"11","Pgr"
2.40106025731931e-10,2.29581827749365,0.027,0.004,4.89047953210798e-06,"11","Doc2g"
2.5629921308447e-10,3.17708949154036,0.033,0.005,5.22030237210449e-06,"11","Lzts1"
2.6253448578886e-10,2.42034364006159,0.042,0.008,5.3473024065475e-06,"11","Gm56806"
2.96744321254966e-10,2.44107851419602,0.045,0.009,6.04408833532115e-06,"11","Idua"
3.04498029631144e-10,2.23410282392493,0.061,0.015,6.20201586752714e-06,"11","Gm56915"
3.3085091229427e-10,2.29260566774586,0.039,0.007,6.7387713816097e-06,"11","Slc16a13"
3.80734428110186e-10,3.53417909428934,0.03,0.004,7.75479883174827e-06,"11","Gm56904"
3.90492212174136e-10,2.66330038407057,0.018,0.002,7.9535453775628e-06,"11","Gm38414"
3.91809603849728e-10,5.39659307504715,0.015,0.001,7.98037801121127e-06,"11","Gm13496"
3.9443953640501e-10,4.72666498653703,0.015,0.001,8.03394447749725e-06,"11","Gm15555"
4.00643240877025e-10,3.45088063013755,0.015,0.001,8.16030153018325e-06,"11","4930558K02Rik"
4.01537223747983e-10,4.24807581607839,0.015,0.001,8.17851017329893e-06,"11","Gm56941"
4.02433153796333e-10,4.39699129058018,0.015,0.001,8.19675847652371e-06,"11","1700110K17Rik"
4.05132668372808e-10,4.24240837241183,0.015,0.001,8.25174218941736e-06,"11","Tmem74"
4.08022036309747e-10,3.41555327081494,0.03,0.004,8.31059283555692e-06,"11","Slc7a4"
4.08759533303503e-10,4.06152595374779,0.015,0.001,8.32561417432575e-06,"11","Gm12536"
4.13337706992265e-10,3.71515479657725,0.015,0.001,8.41886241601846e-06,"11","Gm56727"
4.15182957861721e-10,2.43503044303811,0.015,0.001,8.45644648572754e-06,"11","Nckap5los"
4.18897614565983e-10,3.83069640539697,0.015,0.001,8.53210661347994e-06,"11","Gm29050"
4.37699224820798e-10,2.04765850263749,0.036,0.006,8.91505781115002e-06,"11","Tulp2"
5.33523390967272e-10,2.04117166305951,0.027,0.004,1.08668044272214e-05,"11","Mxra8"
7.14612107253989e-10,2.48915499098733,0.088,0.029,1.45552194005492e-05,"11","Nthl1"
7.38226562407573e-10,3.08162676644281,0.03,0.005,1.50361986231174e-05,"11","Gm12802"
7.57726073788722e-10,3.02381772505422,0.033,0.005,1.54333646709287e-05,"11","C8g"
7.80398630070907e-10,2.89668378228329,0.03,0.005,1.58951592972842e-05,"11","Aldh5a1"
8.11403634151384e-10,2.28926108032314,0.03,0.005,1.65266692203954e-05,"11","Gm47320"
8.50460259282774e-10,2.13348261211131,0.076,0.023,1.73221745610715e-05,"11","Cyp4f16"
8.75678414913802e-10,3.00931157963539,0.033,0.005,1.78358179549643e-05,"11","5031434O11Rik"
9.92812391988703e-10,2.44147327408572,0.045,0.01,2.02216028000259e-05,"11","Kif21a"
1.0011952184127e-09,3.53461221533772,0.027,0.004,2.03923442086299e-05,"11","Gm43254"
1.00676635782804e-09,5.41623789382482,0.012,0.001,2.05058171762416e-05,"11","Gm12830"
1.01133988391324e-09,2.4238064011924,0.024,0.003,2.05989707555448e-05,"11","Gm3716"
1.01470620236175e-09,4.89194705483911,0.012,0.001,2.0667535929704e-05,"11","Sytl5"
1.01736636055496e-09,4.66007739129851,0.012,0.001,2.07217180317834e-05,"11","Cst6"
1.02185577136324e-09,2.85082870817789,0.027,0.004,2.08131583511265e-05,"11","Gm27042"
1.02807516029562e-09,4.40328820397642,0.012,0.001,2.09398348649012e-05,"11","Dsg2"
1.03076948684914e-09,4.19485226660159,0.012,0.001,2.09947129081432e-05,"11","Hoxb6"
1.03617881129969e-09,4.23694564869315,0.012,0.001,2.11048900285521e-05,"11","Fgfr3"
1.03889384347628e-09,4.0820119505222,0.012,0.001,2.11601898039248e-05,"11","Tmprss4"
1.15601698825899e-09,2.70473916069994,0.039,0.008,2.35457540168591e-05,"11","Nap1l3"
1.39969320531172e-09,2.71529805081963,0.033,0.006,2.85089512057891e-05,"11","Cryzl2"
1.46852354446163e-09,3.7805799656745,0.018,0.002,2.99108875535945e-05,"11","Gm12828"
1.48604711349787e-09,4.22278638533165,0.021,0.002,3.02678076077246e-05,"11","Tcf15"
1.55225058345144e-09,3.89382249741919,0.021,0.002,3.16162398837389e-05,"11","Ncam2"
1.56193983149816e-09,3.15514347674554,0.021,0.002,3.18135904879546e-05,"11","Kcnh4"
1.57658431222318e-09,3.1823447026887,0.021,0.002,3.21118692713618e-05,"11","Pard3bos1"
1.5839566454276e-09,2.86107073140586,0.021,0.002,3.22620289540694e-05,"11","Col11a2"
1.6263721184716e-09,2.53624438087528,0.021,0.002,3.31259473090295e-05,"11","Phf21b"
1.67181754807423e-09,2.03449203212159,0.067,0.019,3.4051579819176e-05,"11","Gm14455"
1.69076514280211e-09,2.01810582144326,0.021,0.002,3.44375044285934e-05,"11","Gm41556"
1.7968400704646e-09,2.39027165131987,0.039,0.008,3.65980385552229e-05,"11","Zfp202"
1.84149765267796e-09,2.27522905111916,0.042,0.009,3.75076241897447e-05,"11","Gm9888"
1.86235041052281e-09,2.67283403737669,0.036,0.007,3.79323531615286e-05,"11","Angptl2"
2.10855892129433e-09,3.10392189823754,0.027,0.004,4.29471281089229e-05,"11","Phf11d"
2.32663941807415e-09,5.08223799415159,0.015,0.001,4.73889916673342e-05,"11","Gm5103"
2.35067860719927e-09,3.45083460567354,0.015,0.001,4.78786218714347e-05,"11","4933429H19Rik"
2.36036187262742e-09,4.55433994006418,0.015,0.001,4.80758506216752e-05,"11","Mccc1os"
2.38032261499109e-09,2.93134299300097,0.033,0.006,4.84824110221385e-05,"11","Gm46280"
2.4107702607647e-09,2.10386277570923,0.024,0.003,4.91025686712554e-05,"11","Wtip"
2.43923934727717e-09,2.48025635938349,0.015,0.001,4.96824270253414e-05,"11","Hipk4"
2.73184124049531e-09,2.15873754093266,0.03,0.005,5.56421423864084e-05,"11","Tead2"
3.20062267329799e-09,2.76593935150406,0.042,0.009,6.51902826097335e-05,"11","B930046K06Rik"
3.75872958419761e-09,3.46255549632672,0.027,0.004,7.65578041709369e-05,"11","4930429F24Rik"
4.04952860449634e-09,2.59681846985133,0.027,0.004,8.24807986163815e-05,"11","Adamts17"
4.07327150762588e-09,3.40813086818034,0.021,0.002,8.29643940673239e-05,"11","Gm57429"
4.19624719884218e-09,2.37604132630775,0.021,0.002,8.54691629460176e-05,"11","Gm47920"
4.29395575842195e-09,2.10052300982377,0.039,0.008,8.74592908875384e-05,"11","Morn3"
4.31020976572766e-09,2.23836053314005,0.027,0.004,8.77903525083409e-05,"11","4930568A12Rik"
4.31063256936258e-09,2.38106190132712,0.048,0.011,8.7798964172777e-05,"11","Setmar"
4.59783576184623e-09,2.01734235238534,0.055,0.014,9.36487187972841e-05,"11","Creb5"
4.60339656937244e-09,2.04252704506385,0.03,0.005,9.37619813249778e-05,"11","Nr1d1"
4.67906128231708e-09,2.18481810527753,0.048,0.011,9.53031201982342e-05,"11","Gm9887"
4.78474778382369e-09,2.23768608532562,0.048,0.011,9.7455742860921e-05,"11","Gm56543"
4.90401776030802e-09,3.84993675803422,0.018,0.002,9.98850337419537e-05,"11","Zfp109"
5.02967585584742e-09,3.21550158735657,0.018,0.002,0.0001024444378319,"11","Gal3st1"
5.05518076163739e-09,2.66632017444118,0.018,0.002,0.00010296392175303,"11","Gm26672"
6.2267629687453e-09,2.6178214710709,0.033,0.006,0.000126826708147404,"11","Gm49785"
6.97033951648204e-09,3.64379346331911,0.03,0.005,0.000141971875271706,"11","Upk3bl"
7.20844484223202e-09,2.01264545461027,0.058,0.015,0.000146821604546582,"11","Gm31793"
9.25655116171089e-09,2.38380401707281,0.039,0.008,0.000188537434061727,"11","AI429214"
1.01261551525277e-08,4.4211868373568,0.012,0.001,0.000206249528146684,"11","Gm28151"
1.01261551525277e-08,4.81997430179285,0.012,0.001,0.000206249528146684,"11","Kcp"
1.01261551525277e-08,4.46768605047425,0.012,0.001,0.000206249528146684,"11","Gcnt4"
1.01498532865147e-08,4.49019668315301,0.012,0.001,0.000206732211739731,"11","Tnxb"
1.02212715742986e-08,4.16528988067581,0.012,0.001,0.000208186859425314,"11","1700022H01Rik"
1.02451860291963e-08,3.71132043305553,0.012,0.001,0.000208673949042669,"11","Or52n4"
1.02451860291963e-08,2.99849268431209,0.012,0.001,0.000208673949042669,"11","Gm17509"
1.03111310962918e-08,2.88742489837223,0.024,0.003,0.000210017118169271,"11","Lca5l"
1.03172561454347e-08,3.67882891693027,0.012,0.001,0.000210141873170213,"11","Gm32282"
1.05359225815123e-08,2.43121088548424,0.024,0.003,0.000214595671140242,"11","Gm57096"
1.05454851196071e-08,2.84801193360602,0.021,0.003,0.000214790440916157,"11","Fgf3"
1.05905821123323e-08,2.36979762523406,0.021,0.003,0.000215708976463985,"11","Uchl1os"
1.08998430529526e-08,3.3416738661697,0.015,0.001,0.00022200800330254,"11","Htr1f"
1.10883177648262e-08,3.46797672692699,0.015,0.001,0.00022584685623398,"11","Gm29340"
1.14312332510584e-08,3.11694421927351,0.015,0.001,0.000232831358857558,"11","Fyb2"
1.15844791263824e-08,2.01881237273398,0.015,0.001,0.000235952670846157,"11","Gm12503"
1.16600213306959e-08,3.35082677546146,0.03,0.005,0.000237491314463614,"11","Gm57245"
1.24993910295034e-08,2.27676855528058,0.048,0.012,0.000254587596488925,"11","Nherf2"
1.34062643255027e-08,2.60803893346582,0.027,0.004,0.00027305879178184,"11","Unc13b"
1.50007788052229e-08,3.35260598366448,0.018,0.002,0.000305535862704781,"11","Ighv1-85"
1.52664478008818e-08,2.82854937115007,0.018,0.002,0.000310947008808361,"11","Gm10392"
1.55366846119525e-08,2.1098901832647,0.018,0.002,0.000316451192176249,"11","Ephb6"
1.56503488572839e-08,2.02990364955869,0.033,0.006,0.000318766305525158,"11","Dsel"
1.95791122980885e-08,3.19646569020603,0.024,0.004,0.000398787359287467,"11","Cbarp"
2.01892957268075e-08,2.76883969160666,0.024,0.004,0.000411215575363616,"11","Gm6787"
2.03192575582597e-08,2.11079310650762,0.073,0.023,0.000413862637946633,"11","D330050I16Rik"
2.06906975974841e-08,2.26406043268926,0.024,0.004,0.000421428128665556,"11","Gm47079"
2.09306470066939e-08,2.86991189338845,0.036,0.007,0.000426315418232342,"11","Zfp647"
2.40056129456081e-08,2.04472300360836,0.036,0.007,0.000488946324476145,"11","A930024E05Rik"
2.40948742217337e-08,2.11250511262867,0.021,0.003,0.000490764398148272,"11","4930593A02Rik"
2.41599652095425e-08,2.03815304693431,0.042,0.01,0.000492090171387961,"11","Pak6"
2.42597669917932e-08,2.24856324256043,0.021,0.003,0.000494122934088845,"11","4930517O19Rik"
2.44449173579847e-08,2.36956009989537,0.033,0.006,0.000497894076747433,"11","Gm14399"
2.57881572214837e-08,2.12001202399706,0.042,0.01,0.000525253186287179,"11","Zfp111"
3.33509174712917e-08,2.01204628801795,0.03,0.005,0.00067929148705527,"11","Tcaf1"
3.62560033244651e-08,2.24526594912638,0.033,0.006,0.000738462275712706,"11","Cep170b"
3.74414224864415e-08,2.81133047168525,0.024,0.004,0.00076260689320384,"11","Ak1"
3.83256078489878e-08,3.84475169979435,0.027,0.005,0.000780615980668184,"11","Gm46404"
4.05024726870913e-08,3.27485436622142,0.018,0.002,0.000824954363690675,"11","Gm19569"
4.06253533943043e-08,2.66212209717234,0.018,0.002,0.00082745719793519,"11","Ripply3"
4.08722002250271e-08,2.9239226932847,0.018,0.002,0.000832484974183352,"11","Gm26620"
4.09320375564425e-08,4.53775304053145,0.015,0.001,0.00083370374094962,"11","Gm12827"
4.10047521348751e-08,4.42775528839433,0.015,0.001,0.000835184791483135,"11","Gm48903"
4.10582891414745e-08,3.12099318505543,0.018,0.002,0.000836275233233553,"11","Gm1123"
4.15909952056956e-08,4.10792031040878,0.015,0.001,0.000847125390349608,"11","Bmerb1"
4.20360024901788e-08,3.52115605872438,0.015,0.001,0.000856189298719962,"11","Rnf208"
4.23841084338125e-08,2.71120230345466,0.018,0.002,0.000863279520579893,"11","Gm16225"
4.26365326106328e-08,2.77215104262102,0.015,0.001,0.000868420896213369,"11","Gm4724"
4.29399087063561e-08,2.79691583387174,0.015,0.001,0.000874600060531061,"11","Gm44037"
4.30993072563086e-08,2.26153430533748,0.036,0.008,0.000877846690196494,"11","Gm57465"
4.77341902565652e-08,4.06975315016895,0.021,0.003,0.000972249987145721,"11","Tcam1"
5.10373119109562e-08,2.87744160139439,0.021,0.003,0.00103952796900236,"11","Gm26693"
5.1171259633478e-08,2.72416889769256,0.021,0.003,0.00104225621621468,"11","Cxcl17"
5.21835594667126e-08,2.61953644220188,0.033,0.007,0.001062874739218,"11","Gm57385"
5.28047224177244e-08,2.11145407227475,0.055,0.015,0.00107552658620421,"11","Gm12454"
6.62404312350259e-08,4.78884020675386,0.012,0.001,0.00134918510339501,"11","BC030343"
6.68013923456218e-08,3.95308930001673,0.012,0.001,0.00136061075929562,"11","Map1b"
6.69423500802203e-08,4.28404900060172,0.012,0.001,0.00136348178643393,"11","Epha1"
6.72251304671031e-08,3.98566349211277,0.012,0.001,0.00136924145735396,"11","1700031C06Rik"
6.85120264813489e-08,2.71529871563894,0.012,0.001,0.00139545295537211,"11","Lix1"
6.90916104854484e-08,2.11726931166984,0.012,0.001,0.00140725792236761,"11","Fblim1"
7.09045877822808e-08,2.27664150462553,0.027,0.005,0.00144418464394949,"11","Zfp14"
7.15257953318405e-08,2.24873779879451,0.024,0.004,0.00145683739931893,"11","Samd13"
7.81469344847558e-08,2.67001451586962,0.03,0.006,0.00159169676158551,"11","Gm43570"
8.05329876491204e-08,2.76648469251059,0.036,0.008,0.00164029589243729,"11","4930532G15Rik"
8.42508113698045e-08,2.26054036716988,0.033,0.007,0.00171602052598018,"11","Nr0b2"
8.71154578298875e-08,2.14444182456612,0.039,0.009,0.00177436764507915,"11","Zfp820"
9.75002620861107e-08,3.28637989591181,0.021,0.003,0.0019858853381699,"11","Ddx4"
9.77467988744435e-08,3.51933443664183,0.021,0.003,0.00199090679947466,"11","Gm13032"
9.87136904744239e-08,3.4118820061232,0.018,0.002,0.00201060044758307,"11","Rarb"
1.26550451738892e-07,2.17900515560006,0.036,0.008,0.00257757960101775,"11","Tcea2"
1.28475096090121e-07,2.43563962259184,0.024,0.004,0.00261678075716359,"11","Mroh8"
1.34935555929196e-07,3.86021542122201,0.015,0.002,0.00274836740316587,"11","6030445D17Rik"
1.36284852315987e-07,3.70780422517587,0.015,0.002,0.00277584987197202,"11","Gm16244"
1.37191624191568e-07,3.59958515848694,0.015,0.002,0.00279431900153385,"11","AI661453"
1.399470929238e-07,3.09482851166696,0.015,0.002,0.00285044238867195,"11","Gm50254"
1.40411511944477e-07,2.33270508052795,0.015,0.002,0.00285990167528511,"11","Tyro3"
1.71928363606001e-07,2.01434389923842,0.036,0.008,0.00350183690992702,"11","Gm28370"
1.72928230758521e-07,2.88819185861379,0.027,0.005,0.00352220220408956,"11","Gm28513"
1.79238640889356e-07,2.03665792059865,0.036,0.008,0.0036507326376344,"11","Amot"
1.82057717351695e-07,2.07731916064703,0.045,0.012,0.00370815158701932,"11","Mtx3"
1.87809504231684e-07,2.52749924760521,0.03,0.006,0.00382530398219094,"11","Acoxl"
1.9220552731457e-07,3.46689496531951,0.021,0.003,0.00391484218034315,"11","B430105G09Rik"
2.16987989738615e-07,2.44501227221467,0.055,0.016,0.00441961137499611,"11","Bbs5"
2.25212557800217e-07,3.6722060154455,0.018,0.002,0.00458712937727481,"11","Gm49871"
2.2551644814521e-07,2.19631756806638,0.024,0.004,0.00459331901582165,"11","Zfp28"
2.25521971941256e-07,3.96267991681016,0.018,0.002,0.00459343152449951,"11","A830031A19Rik"
2.2769940069919e-07,2.72876337159085,0.018,0.002,0.0046377813934411,"11","Smim10l2a"
2.34675796516187e-07,3.52770772698661,0.018,0.002,0.0047798766234417,"11","Gm56859"
2.38567684757235e-07,2.25131015862501,0.018,0.002,0.00485914660313537,"11","Nsg1"
2.90438730207116e-07,2.64736951530683,0.036,0.008,0.00591565605685854,"11","Pcsk4"
3.12166423153181e-07,2.0699510900913,0.033,0.007,0.00635820570678398,"11","Sncaip"
3.21192456496902e-07,2.31910945447237,0.033,0.007,0.00654204795392891,"11","Ier5l"
3.22939905875056e-07,3.18426674183818,0.012,0.001,0.00657764000286314,"11","Mb21d2"
3.27927970034602e-07,3.21130713504309,0.012,0.001,0.00667923689366477,"11","Gm33799"
3.27927970034602e-07,2.81413913817012,0.012,0.001,0.00667923689366477,"11","Gm7598"
3.32086430595925e-07,2.12139054291717,0.033,0.007,0.00676393641837779,"11","Tle6"
3.59394961495549e-07,2.00205193245357,0.055,0.017,0.00732015657574134,"11","Gorasp1"
3.63514293425027e-07,2.75294445521978,0.024,0.004,0.00740405912848094,"11","Lamb2"
3.68495752478963e-07,2.5655392476298,0.024,0.004,0.00750552148649152,"11","Car5b"
3.80817396871757e-07,2.59354331230339,0.021,0.003,0.00775648873948395,"11","Ranbp3l"
3.87210855070423e-07,3.80381831239715,0.015,0.002,0.00788671069607438,"11","Lrrc23"
3.95117846764283e-07,2.64405468309522,0.015,0.002,0.00804776030289492,"11","Gm14320"
3.97581954558537e-07,3.52444466804358,0.015,0.002,0.00809794925044827,"11","Spag17"
4.04434950745908e-07,2.12446444046454,0.015,0.002,0.00823753107679266,"11","D930048N14Rik"
4.93047250401962e-07,2.94781632230537,0.018,0.002,0.0100423863961872,"11","Kif7"
5.15472995474512e-07,2.84208142260951,0.018,0.002,0.0104991539718249,"11","Gm57127"
5.21571936742284e-07,2.13764209297788,0.018,0.002,0.0106233772075668,"11","Adamts9"
5.29819035283157e-07,2.8436053802518,0.03,0.006,0.0107913541106474,"11","Rwdd2a"
5.50041137744548e-07,2.80089681976988,0.03,0.006,0.0112032378935809,"11","Gpx7"
5.86237731069515e-07,2.56922841631824,0.03,0.006,0.0119404901064239,"11","Pkn3"
5.88959538396031e-07,2.43882788318284,0.024,0.004,0.0119959278780504,"11","Samd15"
6.53375119682606e-07,3.3376868066234,0.021,0.003,0.0133079444376953,"11","1700022N22Rik"
6.60789769080399e-07,3.28550126391557,0.021,0.003,0.0134589660166296,"11","Gsto2"
6.63029930875032e-07,2.91473442894829,0.021,0.003,0.0135045936320627,"11","Khdrbs2"
6.88935412647135e-07,2.04065401523295,0.021,0.003,0.0140322364847969,"11","Zfp93"
7.629391340711e-07,2.68861115236669,0.03,0.006,0.0155395442827602,"11","Gm56994"
7.63575460603318e-07,3.15390325218495,0.03,0.006,0.0155525049815684,"11","9130019O22Rik"
7.93674342870949e-07,2.09127974611638,0.036,0.009,0.0161655590155955,"11","Gm11696"
7.97378515095139e-07,2.28396282785198,0.03,0.006,0.0162410055954578,"11","Zfp940"
8.55048595884462e-07,2.09820276070873,0.03,0.006,0.0174156298009747,"11","Kctd21"
9.21255074387888e-07,3.08136816405071,0.024,0.004,0.0187641233551325,"11","Gm56791"
9.62172681299725e-07,2.51283549265008,0.024,0.004,0.0195975331727128,"11","Atad3aos"
1.00472462795022e-06,4.4521539179021,0.015,0.002,0.0204642312220901,"11","Fv1"
1.01450514099558e-06,3.33101299064106,0.018,0.003,0.0206634407117979,"11","Pard6b"
1.01952548216362e-06,3.10328765497338,0.015,0.002,0.0207656950207087,"11","Eid3"
1.10786959930918e-06,2.17890827754452,0.03,0.007,0.0225650879987295,"11","Fam167a"
1.18562251547083e-06,2.40730148875739,0.036,0.009,0.0241487593951099,"11","Lipt1"
1.20103628166575e-06,4.5538374986143,0.012,0.001,0.024462706984968,"11","Rps6ka6"
1.21375410002026e-06,3.90737033151297,0.012,0.001,0.0247217435092127,"11","Gm5106"
1.22016149594712e-06,3.34137733372609,0.012,0.001,0.024852249349451,"11","C230013L11Rik"
1.22230451660487e-06,3.545410172284,0.012,0.001,0.0248958983942079,"11","Gm56798"
1.22875532649864e-06,2.93787905961759,0.012,0.001,0.0250272884901244,"11","Gm57065"
1.25285010555968e-06,2.17762590218153,0.045,0.013,0.0255180509500396,"11","4930578M01Rik"
1.35971438183315e-06,2.89559380758239,0.027,0.006,0.0276946625291775,"11","Cct6b"
1.38470410222951e-06,2.25255149886423,0.039,0.01,0.0282036531542107,"11","Gm13375"
1.43291810053712e-06,2.95387972481821,0.024,0.005,0.02918567587174,"11","Tomt"
1.48901665832939e-06,2.36233189770162,0.024,0.005,0.030328291296853,"11","Zfp937"
1.55828353518417e-06,2.25498720903521,0.03,0.007,0.0317391190446311,"11","Gm56552"
1.96682036720352e-06,2.00741358826526,0.045,0.013,0.0400601972392013,"11","4833418N02Rik"
2.02190768562571e-06,2.07511315489051,0.039,0.011,0.0411822157408244,"11","Gm57337"
2.31160655452699e-06,2.7784961912679,0.024,0.005,0.0470828023026058,"11","Map3k6"
2.32457144307935e-06,2.18177188876402,0.024,0.005,0.0473468711526401,"11","Gm11697"
2.38595079281596e-06,2.60846321130985,0.015,0.002,0.0485970457480754,"11","Wnk3"
2.39253976814923e-06,2.15080552441865,0.015,0.002,0.0487312499976636,"11","Fzd8"
