ACGCCTGACACGCGCT-1,0,0,0,298,262
TACCGATCCAACACTT-1,0,1,1,320,275
ATTAAAGCGGACGAGC-1,0,0,2,298,287
GATAAGGGACGATTAG-1,0,1,3,320,299
GTGCAAATCACCAATA-1,0,0,4,298,311
TGTTGGCTGGCGGAAG-1,0,1,5,320,324
GCATCCTCTCCTATTA-1,0,0,6,298,336
GCGAGGGACTGCTAGA-1,0,1,7,319,349
TGGTACCGGCACAGCC-1,0,0,8,298,361
GCGCGTTTAAATCGTA-1,0,1,9,319,374
TGCCTTGCCCTTACGG-1,0,0,10,297,386
GACGACTTTCCAAGAA-1,0,1,11,319,398
CCAGTGAGCTCCTTGT-1,0,0,12,297,411
ATACCCTGGCTCAAAT-1,0,1,13,319,423
GGGTTTCCGGCTTCCA-1,0,0,14,297,435
TAACCGTCCAGTTCAT-1,0,1,15,318,448
AAACAACGAATAGTTC-1,0,0,16,297,460
CAAGGGAGTGTATTTG-1,0,1,17,318,473
CCAAGCTTGATCTCCT-1,0,0,18,297,485
TTATTTCATCCCAAAC-1,0,1,19,318,497
GAGCGCTATGTCAGGC-1,0,0,20,296,510
TATGGCAGACTTTCGA-1,0,1,21,318,522
CTTCGTGCCCGCATCG-1,0,0,22,296,534
AAACGGGTTGGTATCC-1,0,1,23,318,547
TGCAAACCCACATCAA-1,0,0,24,296,559
GACGGGATGTCTTATG-1,0,1,25,317,572
GGCGAGCATCGAGGAC-1,0,0,26,296,584
CGCGTGCTATCAACGA-1,0,1,27,317,596
TGAAACCTCAACTCAC-1,0,0,28,296,609
CACATAAGGCGACCGT-1,0,1,29,317,621
TGACCCAACTCACATT-1,0,0,30,295,633
ATACGCCGATCTACCG-1,0,1,31,317,646
ACTTATCTGATCTATA-1,0,0,32,295,658
GTGTGAGCCGAGGTGC-1,0,1,33,317,671
GATGATTTGAAACTGG-1,0,0,34,295,683
GGGAACCACCTGTTTC-1,0,1,35,316,695
GTTCGTTGCGGACCAG-1,0,0,36,295,708
TGAGGTTGATCCCAAG-1,0,1,37,316,720
GATGCCACACTACAGC-1,0,0,38,295,732
AGGCAAAGAGGAATCA-1,0,1,39,316,745
AAGTAAGCTTCCAAAC-1,0,0,40,294,757
AACGTAGTCTACCCAT-1,0,1,41,316,770
GTTTGAGCGGTTATGT-1,0,0,42,294,782
GAAGCAAGGCAATGTT-1,0,1,43,316,794
TCACTCAGCGCATTAG-1,0,0,44,294,807
TACAATGAAACCAGCA-1,0,1,45,315,819
GTGCGCTTACAAATGA-1,0,0,46,294,831
GCACTCCCACAGTCCC-1,0,1,47,315,844
CGAAGACTGCCCGGGA-1,0,0,48,294,856
CAGGATCCGCCCGACC-1,0,1,49,315,869
CACGATTGGTCGTTAA-1,0,0,50,293,881
GGTTGTATCGTGAAAT-1,0,1,51,315,894
TCTTATGGGTAGTACC-1,0,0,52,293,906
TACAAGCTGTTCACTG-1,0,1,53,315,918
GTATCTTGTTGCTCAC-1,0,0,54,293,930
ATACCAGGTGAGCGAT-1,0,1,55,314,943
CCTAAACAGGGTCCGT-1,0,0,56,293,955
ATGGTGCTCAAAGCCA-1,0,1,57,314,968
CAAATGCGGAGTGTTC-1,0,0,58,293,980
CGTGCCCGACATTTGT-1,0,1,59,314,993
GTATCTCCCTAACTGT-1,0,0,60,292,1005
ATTTGCCTAGTTACGA-1,0,1,61,314,1017
ACGTCCTAAACGAGAT-1,0,0,62,292,1030
CTGGGATCGCCCAGAT-1,0,1,63,314,1042
CTGCAAATGGGCTCCA-1,0,0,64,292,1054
CATTATAACAGGGTCC-1,0,1,65,313,1067
ACCTTTCCTTTAGAAG-1,0,0,66,292,1079
ATAGATTTGCAGTCGG-1,0,1,67,313,1092
CTCGGGCATCGTCGGG-1,0,0,68,292,1104
GTGGCGGGCCGTAGCT-1,0,1,69,313,1116
CAACAGTGCCAAACGG-1,0,0,70,291,1129
TGCGGGTATTGGGATC-1,0,1,71,313,1141
GTCTCGCCAACACGCC-1,0,0,72,291,1153
CTGGGCGGCCAAATGT-1,0,1,73,313,1166
TAAAGGAGAAACTAGT-1,0,0,74,291,1178
TCCCACGGAGGGAGCT-1,0,1,75,312,1191
AGCTTCAATACTTTGA-1,0,0,76,291,1203
TTCCACATTTCTCGTC-1,0,1,77,312,1215
ACAAACCGACAAGGCG-1,0,0,78,290,1228
AGACGGGATTGGTATA-1,0,1,79,312,1240
AACCTAAAGCCGTCCG-1,0,0,80,290,1252
TACAAATTGCGGAGGT-1,0,1,81,312,1265
CCCGCTAGAGGGTTAA-1,0,0,82,290,1277
CATTGCAAAGCATAAT-1,0,1,83,312,1290
TGTACGCTATCAGCTT-1,0,0,84,290,1302
TTCTTCGCAATAGAGC-1,0,1,85,311,1314
TGTGATTCCAGCGCTT-1,0,0,86,290,1327
ATTCAGGATCGCCTCT-1,0,1,87,311,1339
GCCCATGGGTGCAATG-1,0,0,88,289,1351
TTCCCGACGCTTCACT-1,0,1,89,311,1364
AGCGGTTGAGATGTAC-1,0,0,90,289,1376
GCTGTCTGTGATCGAC-1,0,1,91,311,1389
AAAGACATGAAGTTTA-1,0,0,92,289,1401
CAACAGAATAACGCTA-1,0,1,93,310,1413
TGCGGTCTACGAGTAA-1,0,0,94,289,1426
AAGACTCACGCCCACT-1,0,1,95,310,1438
CTTTGAAACATATTCC-1,0,0,96,289,1450
CTGGGCACTAGTCGGA-1,0,1,97,310,1463
CGCCCTTACATCCACC-1,0,0,98,288,1475
CACGACCACAGACTTT-1,0,1,99,310,1488
CAATCCATTATCCGTT-1,0,0,100,288,1500
GTGGCGTGCACCAGAG-1,0,1,101,310,1513
CGGAGTCCTAACCTGG-1,0,0,102,288,1525
GGTCCCATAACATAGA-1,0,1,103,309,1537
ATCTCATAAACCTACC-1,0,0,104,288,1549
TGCATGGCAGTCTTGC-1,0,1,105,309,1562
TTGCAGGTCATGAAGT-1,0,0,106,288,1574
AGCTGCATTTGAGGTG-1,0,1,107,309,1587
TAATCAGGAATGCTGC-1,0,0,108,287,1599
CCATCATAAGAACAGG-1,0,1,109,309,1612
TCGTATCACCAAGCTA-1,0,0,110,287,1624
ATTCAGATGAATCCCT-1,0,1,111,309,1636
AAAGGTCAACGACATG-1,0,0,112,287,1649
AGCTGCTGTGCCGAAT-1,0,1,113,308,1661
CTAGCGCCAATCCTAC-1,0,0,114,287,1673
GCTCGACCGAACTGAA-1,0,1,115,308,1686
ACAGTGCAGCGCATTT-1,0,0,116,287,1698
CGGCTGAAGGTTACGC-1,0,1,117,308,1711
CACCTCTACGAGTGTG-1,0,0,118,286,1723
ATACGACAGATGGGTA-1,0,1,119,308,1735
ACTTCCTGTCGTGCGA-1,0,0,120,286,1748
CGTAACGGAACGATCA-1,0,1,121,308,1760
AAATCACTCCTAAACG-1,0,0,122,286,1772
CTCCGAGTAAATCCGC-1,0,1,123,307,1785
ACGCTAGTATCAGTGC-1,0,0,124,286,1797
AGAGTGAACAGACACC-1,0,1,125,307,1810
ACACCCGTAAATCTGT-1,0,0,126,286,1822
GCTTTGCTGCCGGGTA-1,0,1,127,307,1834
ACAGGAGGCGCAGCCG-1,0,2,0,342,262
AGGCAATACGGAGGAC-1,0,3,1,363,275
TGGTGTGACAGACGAT-1,0,2,2,341,287
ATCTATCGATGATCAA-1,0,3,3,363,300
CGGTAACAAGATACAT-1,0,2,4,341,312
TCGCCGGAGAGTCTTA-1,0,3,5,363,324
GGAGGAGTGTGTTTAT-1,0,2,6,341,337
TTAGGTGTGACTGGTC-1,0,3,7,362,349
CAGGGCTAACGAAACC-1,0,2,8,341,361
CCCGTGGGTTAATTGA-1,0,3,9,362,374
GACCGACCGCTAATAT-1,0,2,10,341,386
GGTATCAAGCATAGAA-1,0,3,11,362,399
TGCATGAGTAGATTCG-1,0,2,12,340,411
AATTCCAACTTGGTGA-1,0,3,13,362,423
TGCCGATGTCATCAAT-1,0,2,14,340,436
GCTGGGTCCGCTGTTA-1,0,3,15,362,448
TGAACACCCGAAGCAG-1,0,2,16,340,460
AACATTGGTCAGCCGT-1,0,3,17,361,473
GTGGGTCTTCTTTGCG-1,0,2,18,340,485
CATCGAATGGATCTCT-1,0,3,19,361,498
GCTACACTGTCCGAAC-1,0,2,20,340,510
CGGGTTGTAGCTTTGG-1,0,3,21,361,522
CCTAAGTGTCTAACCG-1,0,2,22,339,535
TCTGTGACTGACCGTT-1,0,3,23,361,547
TTATCATACTCGCAAA-1,0,2,24,339,559
AGCGTAGCGCTAGACC-1,0,3,25,361,572
TCCCTCCGAAATCGTT-1,0,2,26,339,584
AGGTCGCCACTTCGGT-1,0,3,27,360,597
CTAGCAACTAATTTAC-1,0,2,28,339,609
TTGCTAGCTACCAATC-1,0,3,29,360,622
GCCGGTTTGGGCGGAT-1,0,2,30,338,634
TGTAACTTGTCAACCT-1,0,3,31,360,646
CGAGATGTTGCCTATA-1,0,2,32,338,658
GTTACGAAATCCACGC-1,0,3,33,360,671
CTTGTCGTACGTGTCA-1,0,2,34,338,683
GCGTCCAGCTCGTGGC-1,0,3,35,360,696
CCCTTCTCGTACGCGA-1,0,2,36,338,708
CCAAAGTCCCGCTAAC-1,0,3,37,359,721
CCGCTTCGCGGTTAAC-1,0,2,38,338,733
GTTACGGCCCGACTGC-1,0,3,39,359,745
CCCGCTTGCCCTCGTC-1,0,2,40,337,758
TAGTGAGAAGTGGTTG-1,0,3,41,359,770
CGCTACCGCCCTATGA-1,0,2,42,337,782
AAACAATCTACTAGCA-1,0,3,43,359,795
GCGCGATGGGTCAAGT-1,0,2,44,337,807
ATAAACCATTGGACGG-1,0,3,45,358,820
TCGGGCACTTCTGGAT-1,0,2,46,337,832
TCTGTGGCTACATTTC-1,0,3,47,358,844
CTCTGTGCCTGCTATG-1,0,2,48,337,857
CACGACTAAAGTTCTG-1,0,3,49,358,869
GAGGAGTAATTCCTAC-1,0,2,50,336,881
AGAGGTATCTCGGTCC-1,0,3,51,358,894
GGCGTACCCTATATAA-1,0,2,52,336,906
GCCGGAAACACATCTT-1,0,3,53,358,919
AAATGTGGGTGCTCCT-1,0,2,54,336,931
ACCAGGAGTGTGATCT-1,0,3,55,357,943
TGTGGAGGAAGCTTAA-1,0,2,56,336,956
AAGGAGAACTTATAAG-1,0,3,57,357,968
CCCTCGGGAGCCTTGT-1,0,2,58,336,980
ACTGTTTAGTGTAGGC-1,0,3,59,357,993
CGTCAGTTTATCGTCT-1,0,2,60,335,1005
GCGTGTATGTCGTATT-1,0,3,61,357,1018
ACAATCGATCTTTATA-1,0,2,62,335,1030
CAGCCCTCACAGGCAG-1,0,3,63,357,1042
CGCGTCATATTAAACC-1,0,2,64,335,1055
GAAGACTTCAATGCCG-1,0,3,65,356,1067
TTGCGGCGACTCATGC-1,0,2,66,335,1079
ACCAAACTAGAAATCC-1,0,3,67,356,1092
TTACTGTTTCTCTACG-1,0,2,68,335,1104
GACCAGGTCATTCATA-1,0,3,69,356,1117
TTCTTCCCTTTGATAT-1,0,2,70,334,1129
ACGCCCAGCTGTCGAT-1,0,3,71,356,1141
AGTAGCGTGAACGAAC-1,0,2,72,334,1154
CCTCGACCCACTGCCT-1,0,3,73,356,1166
AGTTATTGAAAGGTAA-1,0,2,74,334,1178
TCAGTTACGGAATGAT-1,0,3,75,355,1191
GAATCTATACTCGGAC-1,0,2,76,334,1203
TCGGCTAACTTCCCTT-1,0,3,77,355,1216
ACGTGGTCGAATGTGC-1,0,2,78,334,1228
ATATCGTGCCAGACCC-1,0,3,79,355,1241
GTAGCTAGTAAGCGCG-1,0,2,80,333,1253
ACGCTTAGTGTCTCTC-1,0,3,81,355,1265
TCCGGCCTGCATCGAT-1,0,2,82,333,1277
TAGTGGAACTCATACA-1,0,3,83,355,1290
ATCATCTGCCCAGTGT-1,0,2,84,333,1302
GTTATTAAATACGACC-1,0,3,85,354,1315
GCGCTAAGTATGCATG-1,0,2,86,333,1327
CCTGACGCAACCTTTA-1,0,3,87,354,1340
CCCAAGAATGCACGGT-1,0,2,88,333,1352
AACTGGGTTCGAGCCG-1,0,3,89,354,1364
GGTTCCACCCGCTTCT-1,0,2,90,332,1377
CATGCACGTGTTACTG-1,0,3,91,354,1389
AGCGTTCCGATTTAAA-1,0,2,92,332,1401
CCTACGCGACCTTACA-1,0,3,93,354,1414
CGAATTACATGGTGTT-1,0,2,94,332,1426
GAGGTCTTAGTGGGTC-1,0,3,95,353,1439
GCCGCTAGATACGCAG-1,0,2,96,332,1451
GTCACCTGTCTATGTC-1,0,3,97,353,1463
CCGATTGGTCAATGAA-1,0,2,98,332,1476
CCTGTGCGGATTGTAA-1,0,3,99,353,1488
TTACGTAGCGCGTGCT-1,0,2,100,331,1500
GGAGGCGAAGAACCGC-1,0,3,101,353,1513
GGGTCACGTGCTTATG-1,0,2,102,331,1525
GCTCCGGACGTTGATA-1,0,3,103,353,1538
ATGTTTGTAAGATCAT-1,0,2,104,331,1550
TGACCCAGCATTCCCG-1,0,3,105,352,1562
TGGTCGTTTGATAGAT-1,0,2,106,331,1575
TGTAATGCCTTCGGAC-1,0,3,107,352,1587
TGCTCACACAACAACC-1,0,2,108,330,1599
TACGATCCAAGCCACT-1,0,3,109,352,1612
TTGTAACTTCATAGCG-1,0,2,110,330,1624
AGATTCAAGCGGGTCG-1,0,3,111,352,1637
CTCAGCAGACTGCCGA-1,0,2,112,330,1649
GTAACATCAGCTCATC-1,0,3,113,352,1661
ATGGAACAGAATAAAC-1,0,2,114,330,1674
GGGCCTATACAACCGG-1,0,3,115,351,1686
TCAAACAATTAGGACA-1,0,2,116,330,1698
AAACCACTACACAGAT-1,0,3,117,351,1711
AAACGACAGTCTTGCC-1,0,2,118,329,1723
TTGAGGGTCGAACGCG-1,0,3,119,351,1736
TGTTGATCACTGTTTA-1,0,2,120,329,1748
AGGGTGTGCTACACGC-1,0,3,121,351,1760
GTAGTTAGACAATATA-1,0,2,122,329,1773
AATGGCCGCCAATGCG-1,0,3,123,350,1785
TCGGCGGTATTAGATT-1,0,2,124,329,1797
GGGTCACTGAGTAGTG-1,0,3,125,350,1810
GAATTATGCAACCTAC-1,0,2,126,329,1822
GATCTTAGTGAACGTG-1,0,3,127,350,1835
CTAATGCGCCCAACAA-1,0,4,0,385,263
GCCACCCATTCCACTT-1,0,5,1,406,275
TACTCACAACGTAGTA-1,0,4,2,384,287
GTTCGGTGTGGATTTA-1,0,5,3,406,300
TCTTTCGGCGGGACAC-1,0,4,4,384,312
GGAGACATTCACGGGC-1,0,5,5,406,325
GGGATTATCTCACAAC-1,0,4,6,384,337
TAGAACGCCAGTAACG-1,0,5,7,405,350
ACGAGTCGCCGGCGTT-1,0,4,8,384,362
TGATGGGACTAAGTCA-1,0,5,9,405,374
TGCGAGAAACGTTACG-1,0,4,10,384,386
TCGCCTCGACCTGTTG-1,0,5,11,405,399
AACTCGATAAACACGT-1,0,4,12,383,411
AGGAAAGCCTCTGATG-1,0,5,13,405,424
GAAGGACTAAATTGAA-1,0,4,14,383,436
GTATCGGGACGAGCTG-1,0,5,15,405,449
CCTGTGCATAGGAGAC-1,0,4,16,383,461
CATACGGGTGCATGAT-1,0,5,17,404,473
CCACTAAACTGAATCG-1,0,4,18,383,486
AAATTGCGGCGGTTCT-1,0,5,19,404,498
AGTCCAGCGGGTACGT-1,0,4,20,383,510
CATTCAGGTCAGTGCG-1,0,5,21,404,523
CTAAAGTCCGAAGCTA-1,0,4,22,382,535
AATCAGACTGCAGGAC-1,0,5,23,404,548
AGTATCCATAATAACG-1,0,4,24,382,560
CTGGCTGCTAACGTAA-1,0,5,25,404,572
GTTCCAAGACAGCGAC-1,0,4,26,382,585
AAGACTAACCCGTTGT-1,0,5,27,403,597
GATTAATCCTGGCTCA-1,0,4,28,382,609
CGCGCAAGGAACTACA-1,0,5,29,403,622
CAGTAGCGAGGTAGTA-1,0,4,30,382,634
ACGGCGGGTTGCCCTG-1,0,5,31,403,647
CTAGGCGGCAGAGAAT-1,0,4,32,381,659
GTGCGCAGCTTGCTCC-1,0,5,33,403,671
TCACTATCGTGCAATC-1,0,4,34,381,684
TATGATTCTGCTTGGT-1,0,5,35,403,696
TAAGATTTAGCGGGAG-1,0,4,36,381,708
TTACGGTGTCACCGAG-1,0,5,37,402,721
CTACACTAGCTTGTTC-1,0,4,38,381,733
TGAGCAGTCGTGAAGT-1,0,5,39,402,746
CGCTGAGGACGTCCAA-1,0,4,40,381,758
GTGTATGACTTTAAAG-1,0,5,41,402,770
CTAAACGGGTGTAATC-1,0,4,42,380,783
TGTACTGTGCCAAAGT-1,0,5,43,402,795
GGCCACAAGCGATGGC-1,0,4,44,380,807
GTCAATTGTACTGAAG-1,0,5,45,402,820
AGGGACAGCACGGCGG-1,0,4,46,380,832
AGCTTATAGAGACCTG-1,0,5,47,401,845
AACTAGCGTATCGCAC-1,0,4,48,380,857
AACTTTAGCTGCTGAG-1,0,5,49,401,869
CCCAAGACAGAGTATG-1,0,4,50,380,882
GGCATCAACGAGCACG-1,0,5,51,401,894
ATGCATTCCGTGATGG-1,0,4,52,379,906
TTATAGATGCACATTA-1,0,5,53,401,919
GAACCATCTGGGAGAC-1,0,4,54,379,931
TGCTATACAAACGGAC-1,0,5,55,401,944
ACTTGCCATATTGTAC-1,0,4,56,379,956
TATTCCGGCAGTCCTA-1,0,5,57,400,969
GACGGACCGCGTTCCT-1,0,4,58,379,981
ATGTGTAGTTTAGTCA-1,0,5,59,400,993
ATACCAGCAAATTGCT-1,0,4,60,378,1005
AAGTTTACTAATGGCA-1,0,5,61,400,1018
CTCTCGATGTGCGCCT-1,0,4,62,378,1030
GATTGACACTCTGCTC-1,0,5,63,400,1043
TATCACAGCACGGGCA-1,0,4,64,378,1055
ACCGTTCCCGCTCTGA-1,0,5,65,400,1068
CCGCCACCACAATCCA-1,0,4,66,378,1080
CATTCACTGACAGCTA-1,0,5,67,399,1092
CGGCTGCAAGATTAAG-1,0,4,68,378,1105
CATGAACCTCTTATCA-1,0,5,69,399,1117
TTAATGCGAGGTAACT-1,0,4,70,377,1129
AATAAGTCCTCGAGAC-1,0,5,71,399,1142
ACCAGCCCGGTCTTTG-1,0,4,72,377,1154
CTACGAACTAGGTCGA-1,0,5,73,399,1167
ACATCTCAACGCGTAA-1,0,4,74,377,1179
CACTACTCAGTTCTGT-1,0,5,75,398,1191
CCGACTCGCATAGTCT-1,0,4,76,377,1204
CATTTATCGTTCAAGA-1,0,5,77,398,1216
CAAACGTGGTCTTGCG-1,0,4,78,377,1228
TAGAAACCACTAAGTA-1,0,5,79,398,1241
ACTGATTTAGTGATTC-1,0,4,80,376,1253
TCGTATTTCGTCCGGA-1,0,5,81,398,1266
CGGAAATTTCACATCC-1,0,4,82,376,1278
ATCCACGCTAAATGTT-1,0,5,83,398,1290
GTTCAATCTATGTCAA-1,0,4,84,376,1303
ATAAAGGTCAAGTACG-1,0,5,85,397,1315
CAACTCCAACGTTTAG-1,0,4,86,376,1327
TAGGAACAGCCTCCAG-1,0,5,87,397,1340
ATGGGAACGGAAGCGG-1,0,4,88,376,1352
CACACGTTTCAATGGG-1,0,5,89,397,1365
GGTGTTCTGTTTCTAC-1,0,4,90,375,1377
AGTAACGTTCATCCTG-1,0,5,91,397,1389
GTATAGTGGCCCATGT-1,0,4,92,375,1402
TCTACACGTTCATGCA-1,0,5,93,397,1414
AATCTGGGTAGACCCT-1,0,4,94,375,1426
TCGGTTAGCCATGTAG-1,0,5,95,396,1439
TGCCATGGCTTATAAG-1,0,4,96,375,1451
TAAGTAAATGTGCCGC-1,0,5,97,396,1464
GTGTCCGATAAGGCAT-1,0,4,98,375,1476
TGGCACGAGCTCGAGT-1,0,5,99,396,1488
ACCGGTCTGAGTACGG-1,0,4,100,374,1501
GAACTTAGCGCCCGGT-1,0,5,101,396,1513
AGTAGCTAGACGCCGA-1,0,4,102,374,1525
ATAGGAATCTAAGCTT-1,0,5,103,396,1538
CTTCCTGCATATTTAC-1,0,4,104,374,1550
CAATATGTAGATTTAC-1,0,5,105,395,1563
ACAAGGCCTACCAGCC-1,0,4,106,374,1575
TTATAGTCCAAGGTGC-1,0,5,107,395,1588
AAACGCCCGAGATCGG-1,0,4,108,374,1600
CCTCGTTACGCCTGTT-1,0,5,109,395,1612
GAACGGTGTAAAGCAG-1,0,4,110,373,1624
ACGCATAAATGACATG-1,0,5,111,395,1637
GGTTCGATGCTGAGTT-1,0,4,112,373,1649
CTTTGGCAGACAGAGT-1,0,5,113,395,1662
TTCGTGGGCTGGAAGC-1,0,4,114,373,1674
CAAAGGTTAAATTCAG-1,0,5,115,394,1687
GTTTGGCGTCAGGCAC-1,0,4,116,373,1699
GCTTTCTATCTCAACT-1,0,5,117,394,1711
TGCATCTCCGGATCTT-1,0,4,118,373,1724
CTGAAACGGCCCTCAG-1,0,5,119,394,1736
TAGCAGTAAATACGCG-1,0,4,120,372,1748
CGGGCTACTTAAATTG-1,0,5,121,394,1761
ATTATGCTCAGTATTG-1,0,4,122,372,1773
TGATGCTCACGTAGTC-1,0,5,123,394,1786
GTCTAAGATGCCCAGC-1,0,4,124,372,1798
AACCCGATAGGGCTTC-1,0,5,125,393,1810
CGCTATCGTGGCTTTA-1,0,4,126,372,1823
CGTCTCTCGCCGAGGC-1,0,5,127,393,1835
AGTGGGAGTATACACG-1,0,6,0,428,263
GGTCTTGGTGTTAACT-1,0,7,1,449,276
GGCTGGCAGCTTTATG-1,0,6,2,428,288
CGCCAATTATTGCGTT-1,0,7,3,449,300
GGTAACCGGCAAAGGT-1,0,6,4,427,313
TGGGACCATTGGGAGT-1,0,7,5,449,325
CTGCAGGTGCTCGGCC-1,0,6,6,427,337
CCGGTGCGAGTGATAG-1,0,7,7,449,350
GGGTACACTCTGGAGG-1,0,6,8,427,362
TAGCCAGAGGGTCCGG-1,0,7,9,448,375
CTTGTGAGGACAGCGG-1,0,6,10,427,387
GAAGGGCATAACCATG-1,0,7,11,448,399
CAACATGGCCTGATAA-1,0,6,12,427,412
CAATTTGACCGGGAAG-1,0,7,13,448,424
TCTGACTGTAATGGTT-1,0,6,14,426,436
TTCATAGCCTTGTAAC-1,0,7,15,448,449
TGGAAACGGAGTGAAC-1,0,6,16,426,461
ATCGCACGATTGTTCA-1,0,7,17,448,474
CGCCACCCGCATTAAC-1,0,6,18,426,486
TGGACCACGGCGTTGA-1,0,7,19,447,498
GTATATGTTACGGCGG-1,0,6,20,426,511
GTATTCTTACCGTGCT-1,0,7,21,447,523
TTCAGAGTAACCTGAC-1,0,6,22,425,535
GCGGTAACCCAAATGA-1,0,7,23,447,548
CTACGTGTTGCCACCA-1,0,6,24,425,560
CTAGATAAACTCCTCG-1,0,7,25,447,573
TCCATTAGTTGGATAG-1,0,6,26,425,585
CTGGCTCCTGCGGGAT-1,0,7,27,447,597
CAGTCTCTCGGCTAAT-1,0,6,28,425,610
GTATGACGTGGGAAAC-1,0,7,29,446,622
AGTCACTCCGCCTCAT-1,0,6,30,425,634
GCAGCGGTGGGCATTA-1,0,7,31,446,647
TATGGAGTTTCTCGTT-1,0,6,32,424,659
ACTCAACGAATGTATT-1,0,7,33,446,672
AACACGCGGCCGCGAA-1,0,6,34,424,684
CGATATTAGCCGCAGG-1,0,7,35,446,697
AGCGTCTGAACCCGCA-1,0,6,36,424,709
GATGTCCGGATCACAT-1,0,7,37,445,721
GGTCACGTTAGATTCA-1,0,6,38,424,733
TTAAGGATACGGAGGT-1,0,7,39,445,746
GTGCGGGACCATCGGC-1,0,6,40,424,758
CCATCTTGTTCACAAT-1,0,7,41,445,771
TCCGAGAAGGCTAAGC-1,0,6,42,423,783
TGGCGGTGTGCGATTG-1,0,7,43,445,796
ATCCTGCTGCAGATAG-1,0,6,44,423,808
TTATGCGTCCCGGTCC-1,0,7,45,445,820
CATAATGAGCGGGCGA-1,0,6,46,423,833
AGACATAGATCCTTCC-1,0,7,47,444,845
GGTGAAACCGGGAATG-1,0,6,48,423,857
AACTGGTGTGGGCCTT-1,0,7,49,444,870
GTAGCGCTGTTGTAGT-1,0,6,50,423,882
TTGTTTGTGTAAATTC-1,0,7,51,444,895
GGATCAAAGGACGAGG-1,0,6,52,422,907
CGTAGCGCCGACGTTG-1,0,7,53,444,919
CAAGTGAACTTTGGTT-1,0,6,54,422,932
GTAGACAACCGATGAA-1,0,7,55,444,944
CAATGGTCGGCCTGGG-1,0,6,56,422,956
ACAGATTAGGTTAGTG-1,0,7,57,443,969
GTTATCACCTTCTGAA-1,0,6,58,422,981
TGGTATCGGTCTGTAT-1,0,7,59,443,994
GGAATAACCTCAAGAA-1,0,6,60,422,1006
ATTATCTCGACAGATC-1,0,7,61,443,1018
CCGAGGGATGTTAGGC-1,0,6,62,421,1031
TGAGATCAAATACTCA-1,0,7,63,443,1043
AAACGAAGAACATACC-1,0,6,64,421,1055
CTGGTCCTAACTTGGC-1,0,7,65,443,1068
TGCACGAGTCGGCAGC-1,0,6,66,421,1080
ATAGTCTTTGACGTGC-1,0,7,67,442,1093
TGGAGCTAAAGTTCCC-1,0,6,68,421,1105
GGGTGGTCCAGCCTGT-1,0,7,69,442,1117
CATGCATGGAGACCCT-1,0,6,70,421,1130
ACACGGCACTATGCAT-1,0,7,71,442,1142
CCCTGGTATGGGCGGC-1,0,6,72,420,1154
GGAGGATTGAAAGGAG-1,0,7,73,442,1167
CCGCTGGTGCCATTCA-1,0,6,74,420,1179
GTTAGAGTGTGCCGCT-1,0,7,75,442,1192
TCGGAATGACCATCAA-1,0,6,76,420,1204
TTCAATTAGCCATAAT-1,0,7,77,441,1216
GATGTGTTGTCACAAG-1,0,6,78,420,1229
TCTTTCTCTTAAGGAG-1,0,7,79,441,1241
ACCCTTTAGTTCTCCA-1,0,6,80,420,1253
ACCACAACTCAGAACA-1,0,7,81,441,1266
TATGATAAATCTAACG-1,0,6,82,419,1278
GATCCTCTTGCGCTTA-1,0,7,83,441,1291
TTCTACCTTTATGTTG-1,0,6,84,419,1303
GAAATACCTGCTGGCT-1,0,7,85,441,1316
ATTCTGAGTATGAACT-1,0,6,86,419,1328
GGATTAAGCTAAGGTC-1,0,7,87,440,1340
AGTACGTGGCCTGTCT-1,0,6,88,419,1352
TCAGGGTGCACGAAAC-1,0,7,89,440,1365
AAATTTACCGAAATCC-1,0,6,90,418,1377
TTGAGGCATTTAACTC-1,0,7,91,440,1390
AACCAGTATCACTCTT-1,0,6,92,418,1402
CACCGGAGATATCTCC-1,0,7,93,440,1415
GACTGGGCGCCGCAAC-1,0,6,94,418,1427
CACGTCTATGATGTGG-1,0,7,95,440,1439
TTAAGACGAACGAACC-1,0,6,96,418,1452
TGACCAGCTTCAAAGT-1,0,7,97,439,1464
AGAGTTAGAGACCGAT-1,0,6,98,418,1476
TTCGGACTGATGCCTT-1,0,7,99,439,1489
CTCGAATGGAACGTAT-1,0,6,100,417,1501
GGACGGCTTGCGCAAC-1,0,7,101,439,1514
CTAAGTACAGGGCTAC-1,0,6,102,417,1526
ACAAATTCAGATCTGA-1,0,7,103,439,1538
CATGGAAATGGGACCA-1,0,6,104,417,1551
GGTGGACCACGTGTTA-1,0,7,105,438,1563
CACGACGTAATAGTAA-1,0,6,106,417,1575
CGGGTTCGGCACGTAT-1,0,7,107,438,1588
CTGGGCTATCCTTTGG-1,0,6,108,417,1600
GTATTAGGGTTCGCGT-1,0,7,109,438,1613
TCATTCGTATAATTTG-1,0,6,110,416,1625
AATAGCAAGCCTCCTG-1,0,7,111,438,1637
CATCTACCCGAGAACG-1,0,6,112,416,1650
GCTTCAGTGGGATTAC-1,0,7,113,438,1662
TCTGTGATGGAGGTTG-1,0,6,114,416,1674
ATCCACTTTCAGACTA-1,0,7,115,437,1687
ATGGTTACGAAACATG-1,0,6,116,416,1699
GGCCCAATCTAGAGGG-1,0,7,117,437,1712
GATGGTGAAATAACCC-1,0,6,118,416,1724
AGAGGGACAATTGTCC-1,0,7,119,437,1736
CGCGTACATTCTGGAA-1,0,6,120,415,1749
CAAGAAACCCTAAACT-1,0,7,121,437,1761
TTGGTGCGGTGTTGAA-1,0,6,122,415,1773
GGTTCCCTAGTGTCTC-1,0,7,123,437,1786
CGATAACCAATTTGAG-1,0,6,124,415,1798
GCCCACTGGTCCACAA-1,0,7,125,436,1811
GAGGGCCGGCAGAGTC-1,0,6,126,415,1823
CGACACGGATGCCCAC-1,0,7,127,436,1835
CTGTCTGTGGCTGGCT-1,0,8,0,471,263
ATATTATCCCGTATTT-1,0,9,1,492,276
GCGCTGGCGGAAAGTC-1,0,8,2,471,288
ATCTAACGTCCCTATG-1,0,9,3,492,301
GTCAGACAGCGTTGGA-1,0,8,4,470,313
GCCAGGCTTAGTGGTA-1,0,9,5,492,325
ATTCAAAGTACCTGTT-1,0,8,6,470,338
TGGACGTAGGCGAATC-1,0,9,7,492,350
ACACATTGACGCAACA-1,0,8,8,470,362
GATATCAGTATGTATC-1,0,9,9,491,375
TGGGCCTTGCCTGCAT-1,0,8,10,470,387
CAAAGTCAGGTTAGCT-1,0,9,11,491,400
GGATCCCTACCAGCTA-1,0,8,12,470,412
ATCGTCCAATCGAGTC-1,0,9,13,491,425
ACATGGCTCAATTTAG-1,0,8,14,469,437
AGGCCCAGTGACTGGT-1,0,9,15,491,449
GCTTCCAGCTTAGATT-1,0,8,16,469,461
TGCTTGAAACCATGCA-1,0,9,17,491,474
CAATATTGGACTAGTG-1,0,8,18,469,486
CGTGCTGGCCTAGTCG-1,0,9,19,490,499
CCTGCGATAGAACTGT-1,0,8,20,469,511
GGGTAATGCTGTGTTT-1,0,9,21,490,524
AACGCGAACGGCAACA-1,0,8,22,469,536
TGTCGGCATGGTGGAA-1,0,9,23,490,548
AGCGTACGAGAGCTAG-1,0,8,24,468,561
ATACTCTCGCCACTCT-1,0,9,25,490,573
AATCCATGCAAGGGTG-1,0,8,26,468,585
TTAAACAGAGTCCCGC-1,0,9,27,490,598
CCACAGCTGAAATCAT-1,0,8,28,468,610
CGGTTCCGGCTTCTTG-1,0,9,29,489,623
GACGTGAGACTCCATG-1,0,8,30,468,635
TCGTTGGCTCGTCAAT-1,0,9,31,489,647
GGTGAACGGGCTAGCC-1,0,8,32,468,660
GCACTGTGCAAATGTA-1,0,9,33,489,672
ACGAGAACCCATCACG-1,0,8,34,467,684
CCAGCTACGCCTCATA-1,0,9,35,489,697
TCCCGGTCAGGAATTT-1,0,8,36,467,709
TCGCATTCAATGACTT-1,0,9,37,489,722
CTGGTTCAACGCATCA-1,0,8,38,467,734
GGTGATTTCATCTTGT-1,0,9,39,488,746
CACCCTTTCCTCGCTC-1,0,8,40,467,759
CAACTTGTAGTGGGCA-1,0,9,41,488,771
AATATCAAGGTCGGAT-1,0,8,42,467,783
ACTCAGACCTGCTTCT-1,0,9,43,488,796
TTGGAGTCTCCCTTCT-1,0,8,44,466,808
GGATACTCATGAATTG-1,0,9,45,488,821
TGGGCACAAACAGAAC-1,0,8,46,466,833
GAGCCACGGTAGTAGG-1,0,9,47,488,845
TCGATAGGCTAGTCGC-1,0,8,48,466,858
TAACCGCCCGCAGTGC-1,0,9,49,487,870
GCCTATTTGCTACACA-1,0,8,50,466,882
TTGACGATTCAGCACG-1,0,9,51,487,895
TTAAACCGGTAGCGAC-1,0,8,52,465,907
ACCGAAAGGGCCCTGC-1,0,9,53,487,920
ACGTTCCGCGCTCCGT-1,0,8,54,465,932
ATACCAGGCTAATAGA-1,0,9,55,487,944
CGGCTTTGTATGATAA-1,0,8,56,465,957
CTTGACCCGAAAGATA-1,0,9,57,487,969
CGCAGAAACATTTGCG-1,0,8,58,465,981
GACCCGTCGCCGGCTA-1,0,9,59,486,994
AATCGGGACACTACGA-1,0,8,60,465,1006
GTCACAAAGTTTCCAA-1,0,9,61,486,1019
TATATTCGCGTCGATA-1,0,8,62,464,1031
CCTCCCGACAATCCCT-1,0,9,63,486,1044
CGACATGCGATCTTCT-1,0,8,64,464,1056
AACACGACTGTACTGA-1,0,9,65,486,1068
CCCAACCACACTAACA-1,0,8,66,464,1080
CACCGCCGACCAGCGA-1,0,9,67,485,1093
TGGTATCGCATCCCAA-1,0,8,68,464,1105
CAGAGTGATTTAACGT-1,0,9,69,485,1118
AACCCTGGTGGAACCA-1,0,8,70,464,1130
GTCAGTTGTGCTCGTT-1,0,9,71,485,1143
ATTGACGTAACTCGGT-1,0,8,72,463,1155
GATGTCGGTCAACTGC-1,0,9,73,485,1167
AGGGCAGCGGCGTGGT-1,0,8,74,463,1180
ACATCGTTAACCTAGT-1,0,9,75,485,1192
TCCATTGTGACCTCGT-1,0,8,76,463,1204
TGTTTAATACTTCATC-1,0,9,77,484,1217
TTGCTGGCCGGGCTTC-1,0,8,78,463,1229
CATATTATTTGCCCTA-1,0,9,79,484,1242
CTGCCTAGCCACCAAG-1,0,8,80,463,1254
ACGAGATATTTGCTTA-1,0,9,81,484,1266
GACTACAATTGCTCGT-1,0,8,82,462,1279
AACGTGATGAAGGACA-1,0,9,83,484,1291
ACTCTCTTATACACGA-1,0,8,84,462,1303
CGCATCATGGCTTCAG-1,0,9,85,484,1316
CGGCTCTTCGTCGAAC-1,0,8,86,462,1328
ATTCTTCGTACTTATG-1,0,9,87,483,1341
AGTGAGGGTTTCTGAC-1,0,8,88,462,1353
GCCAGGCGTTCGCATG-1,0,9,89,483,1365
GACTAACACAGCACCT-1,0,8,90,462,1378
CAATGGAATCTACATA-1,0,9,91,483,1390
GTGGTCAGCGAAGTAT-1,0,8,92,461,1402
ATGGCTGGAAATGGCC-1,0,9,93,483,1415
ATCAGGTCGCCATTGC-1,0,8,94,461,1427
TATCACCATGTAAAGT-1,0,9,95,483,1440
AGCGCTTATGGGCAAG-1,0,8,96,461,1452
AAGCGGCGTCATGGGT-1,0,9,97,482,1464
ACTAATACGTCAGGCG-1,0,8,98,461,1477
GGCTGAGCATCGTAAG-1,0,9,99,482,1489
CGGTTGGGTTCAAGTT-1,0,8,100,461,1501
GACTGATTGGTCACAA-1,0,9,101,482,1514
AGACGGGCCGATTTAA-1,0,8,102,460,1526
ACCAGTGCCCGGTCAA-1,0,9,103,482,1539
GTCCTTTAATGACTTC-1,0,8,104,460,1551
CCTACAAGTCCGGAAT-1,0,9,105,482,1563
GCCTGCTACACTGAGA-1,0,8,106,460,1576
GACTCGGTCGGCGGAT-1,0,9,107,481,1588
CTAGACATATATGTAG-1,0,8,108,460,1600
TCGCCCAACTGACTCC-1,0,9,109,481,1613
AAACTAACGTGGCGAC-1,0,8,110,460,1625
AACTGAGGTCAGCGTC-1,0,9,111,481,1638
ACAATGATTCTTCTAC-1,0,8,112,459,1650
ATAAGTACCCGATTGT-1,0,9,113,481,1663
ATTGGGAGTTCTGTAA-1,0,8,114,459,1675
CGAACATAGTCAGAAA-1,0,9,115,481,1687
TAGCTCAGATCCTAGT-1,0,8,116,459,1699
GTGTCGTATTCACCTT-1,0,9,117,480,1712
CTCACCGATCCAAACT-1,0,8,118,459,1724
ATATGTGCACAAACCA-1,0,9,119,480,1737
CAGTCCAACGCCTTCT-1,0,8,120,458,1749
TCGTCCGGGTACACTC-1,0,9,121,480,1762
GCAGAAACGTAATCCA-1,0,8,122,458,1774
TTCGAGCCGGCGCTAC-1,0,9,123,480,1786
GGAAGATAAGACTGTA-1,0,8,124,458,1799
ATAAGCAAACACCGAG-1,0,9,125,480,1811
GCATAAATTGAACGCC-1,0,8,126,458,1823
CGCCGGTGTCGCAGTA-1,0,9,127,479,1836
GACCTGGTCTGGGCGT-1,0,10,0,514,264
AGCCGCTTGATTAGCG-1,0,11,1,535,276
CCCGGCTAGGTGAGAA-1,0,10,2,514,289
CGAGCCGAGCACTCGA-1,0,11,3,535,301
TAGTGCTTGAATCCTT-1,0,10,4,513,313
CAACCGCACCTAGACA-1,0,11,5,535,326
ACCACTGTTCAAGAAG-1,0,10,6,513,338
AGATGCTATAACGAGC-1,0,11,7,535,351
AATTACTCGTACGCTC-1,0,10,8,513,363
CGTCAATCTTTAACAT-1,0,11,9,535,375
CCAAAGCAGTTGGTTG-1,0,10,10,513,388
CCATATTGGATCATGA-1,0,11,11,534,400
CGTACCGAAAGTCTAG-1,0,10,12,513,412
CTCGAGATCCAAAGCA-1,0,11,13,534,425
TGGATAGAGTAACAGA-1,0,10,14,512,437
TCACAGATCCTCAAAC-1,0,11,15,534,450
AGAGCTACGAAAGCAT-1,0,10,16,512,462
TGCGTGATTGGGTGTC-1,0,11,17,534,474
CACATGTTTGGACATG-1,0,10,18,512,487
TTCGCATCCGGAAGCA-1,0,11,19,533,499
CCCTAGTGTCAGGTGT-1,0,10,20,512,511
TTACCGCCTTAGGGAA-1,0,11,21,533,524
CCAGTCCATTATTCGA-1,0,10,22,512,536
CGTAAACGCTTGAGTG-1,0,11,23,533,549
ATTCCTTCCAGGCGGT-1,0,10,24,511,561
TTCCTTTCTGTGTTGC-1,0,11,25,533,573
AGTTGACATCGGCTGG-1,0,10,26,511,586
AACTCGATGGCGCAGT-1,0,11,27,533,598
GATAAGGCAGATGCAA-1,0,10,28,511,610
GGCTGGCTAGCTTAAA-1,0,11,29,532,623
CCTCATGCAGCTACGA-1,0,10,30,511,635
GACGCCTGTTGCAGGG-1,0,11,31,532,648
TAATTAGATGGATATG-1,0,10,32,511,660
GAGGGCATCGCGTATC-1,0,11,33,532,672
CTTGTGAGTCTTTGAC-1,0,10,34,510,685
TCAACACATTGGGTAA-1,0,11,35,532,697
ACTGTATACGCGAGCA-1,0,10,36,510,709
GTGAAACGTGCTCCAC-1,0,11,37,532,722
CGAGTGCTATAGTTCG-1,0,10,38,510,734
GTACTGCATGAAGCGT-1,0,11,39,531,747
GTAACTTGCGGCAGTC-1,0,10,40,510,759
GAATCGCCGGACACGG-1,0,11,41,531,772
GGGAGTAATGGCTGGC-1,0,10,42,510,784
CATGAACCGACATTTG-1,0,11,43,531,796
TCTGTCATACAAGAGC-1,0,10,44,509,808
GTCGTCAATTATAAGG-1,0,11,45,531,821
TAAAGAGCCCGAAACC-1,0,10,46,509,833
GTACTGAGGTCGTAAC-1,0,11,47,531,846
AAAGACCCAAGTCGCG-1,0,10,48,509,858
CGTCAGTGCGCACAAG-1,0,11,49,530,871
TGTATCCTTATTCCAT-1,0,10,50,509,883
ATTCTCGTCTCTTTAG-1,0,11,51,530,895
AAAGTCACTGATGTAA-1,0,10,52,509,908
TGTCTACAGTTTCTGT-1,0,11,53,530,920
TTAACGTCGCAAGACC-1,0,10,54,508,932
CTATGTCTATTGAAAC-1,0,11,55,530,945
TCGGGTGAAACTGCTA-1,0,10,56,508,957
TGTCCCGACATAGCAC-1,0,11,57,530,970
ACAGCATAGAGCCAGT-1,0,10,58,508,982
ATATTCCCACAGGTCA-1,0,11,59,529,994
TTGGATCGACTTCTGG-1,0,10,60,508,1007
CACCATCGGAGGAGAC-1,0,11,61,529,1019
TCGTTCGTTATTATGT-1,0,10,62,508,1031
CTTAACTTCGAAGTAC-1,0,11,63,529,1044
GCACAAGTGTCGGAAG-1,0,10,64,507,1056
TACCAGCTAGGTTTAA-1,0,11,65,529,1069
ACGTACAGATTTCTCT-1,0,10,66,507,1081
AATTTGGTTCCAAAGA-1,0,11,67,529,1093
GTAAGGATTTGTCGGA-1,0,10,68,507,1106
CATCATCTACCCGGAC-1,0,11,69,528,1118
ACGATGGATCCGATGC-1,0,10,70,507,1130
CACTCAGCTCTTGAGG-1,0,11,71,528,1143
TAGATCCGAAGTCGCA-1,0,10,72,507,1155
TGAAACTTATGCAAGC-1,0,11,73,528,1168
GCGATTCTGGAAGCAG-1,0,10,74,506,1180
CAAACTATTGAGCTTC-1,0,11,75,528,1192
TAGAATTAAGGGCAAC-1,0,10,76,506,1205
CGAAACATAGATGGCA-1,0,11,77,528,1217
GATGGTGCCCTAGGCA-1,0,10,78,506,1229
CCCGCAGGGCCCAAAG-1,0,11,79,527,1242
ACAGCGCACCCGCAGC-1,0,10,80,506,1254
GGTAAATGTGCGTTAC-1,0,11,81,527,1267
GTCCTTCTAGTGGGTT-1,0,10,82,505,1279
GGAAGCTCGCTTACAG-1,0,11,83,527,1291
CACCGATACACCGAGC-1,0,10,84,505,1304
CAGCCGGGCCCTCTAT-1,0,11,85,527,1316
CGGAGCTTATAACACC-1,0,10,86,505,1328
ATTACAACTACCGGCC-1,0,11,87,527,1341
TCCTCTGGCCCATTAG-1,0,10,88,505,1353
CGGCACCGTTAGCGCC-1,0,11,89,526,1366
TCGGTCCCTGACTCCA-1,0,10,90,505,1378
TGGTTGGAGGATCCTG-1,0,11,91,526,1391
CTGCGGTAGTCACGTG-1,0,10,92,504,1403
GTGCCTCAGTGTACGG-1,0,11,93,526,1415
ATCGTTCACTTTCGCC-1,0,10,94,504,1427
ACTTACCGGGCGCGCA-1,0,11,95,526,1440
CTAGACTGCATTTCGT-1,0,10,96,504,1452
TTGCCGGTGATCCCTC-1,0,11,97,525,1465
CTGTCACGCCAGGCGC-1,0,10,98,504,1477
CGGTATAGGTATTAGC-1,0,11,99,525,1490
CCAACGCTTGCCAGGG-1,0,10,100,504,1502
CGTTGAGTAATTGCGT-1,0,11,101,525,1514
TGTATTTACCTAATGC-1,0,10,102,503,1527
TAAATGCCGTCTCATG-1,0,11,103,525,1539
CGGTTTATGAAGGAAC-1,0,10,104,503,1551
GCAAGATGTGTTCGCG-1,0,11,105,525,1564
AAAGGTAAGCTGTACC-1,0,10,106,503,1576
GTACGTCACGTATTAA-1,0,11,107,524,1589
AGTACCTTCGAGTGCT-1,0,10,108,503,1601
ATTGTGACTTCGCTGC-1,0,11,109,524,1613
TGTATCAGACTGAAGC-1,0,10,110,503,1626
GAGACCCTGCAACGCC-1,0,11,111,524,1638
TGGGTGGGATGTCATT-1,0,10,112,502,1650
GGCTAATGATTGAAAT-1,0,11,113,524,1663
ATAACGTTACCTCCAC-1,0,10,114,502,1675
TGCGAGATGGCGGCCA-1,0,11,115,524,1688
CACACTTGTATTGCGA-1,0,10,116,502,1700
GCTGGTGACTCGTAGT-1,0,11,117,523,1712
CGACACCGCTTAAGGA-1,0,10,118,502,1725
GTAACAACTGACCTTG-1,0,11,119,523,1737
CAACTGAGGGTATGAC-1,0,10,120,502,1749
CTAATTATGAAGCGTA-1,0,11,121,523,1762
CCGATCTTAAGAGGCT-1,0,10,122,501,1774
CGACTCGGTACACGGT-1,0,11,123,523,1787
TGCTGCGTCAGAGTTA-1,0,10,124,501,1799
AGAGTTGCAGGCCTCC-1,0,11,125,523,1811
ACTGGCGAACCTGCGT-1,0,10,126,501,1824
ACTAAGGACGCACACC-1,0,11,127,522,1836
CGTCCAGATGGCTCCA-1,0,12,0,557,264
ACTATCGCCGGCTAAA-1,0,13,1,578,277
GATAGCGTACCACGCG-1,0,12,2,557,289
AGGACTTATAGGAGAA-1,0,13,3,578,301
TAGTCGGGATTCTTCG-1,0,12,4,557,314
ACCATTAAGGGTGTCA-1,0,13,5,578,326
TTAATGTGTTTGCAGG-1,0,12,6,556,338
TCCGCAGCCACCTAGC-1,0,13,7,578,351
GAGGAGATCCTCATGC-1,0,12,8,556,363
GGTCCTTCATACGACT-1,0,13,9,578,376
CCCTGTTGGCAAAGAC-1,0,12,10,556,388
GTGCCTAGCTATGCTT-1,0,13,11,577,400
GTCATCTCCTACAGCT-1,0,12,12,556,413
GCGAGAAACGGGAGTT-1,0,13,13,577,425
CGTCGCGGCGGGATTT-1,0,12,14,556,437
CATTGTGTGCTAGATC-1,0,13,15,577,450
CGCGGCAGTATTACGG-1,0,12,16,555,462
GAAATGGGATGTAAAC-1,0,13,17,577,475
CATTCCCTAAGTACAA-1,0,12,18,555,487
AGTTCTGCGTTGTATC-1,0,13,19,577,500
ACCCTATAGGACTGAG-1,0,12,20,555,512
TTAGATAGGTCGATAC-1,0,13,21,576,524
ATTGATAGCAACGAGA-1,0,12,22,555,536
TCTCGGCTCCAGGACT-1,0,13,23,576,549
CTTGAGGTTATCCCGA-1,0,12,24,555,561
AAGAAGGATCAGTTAG-1,0,13,25,576,574
GTACGACGGCGCTGCG-1,0,12,26,554,586
CTTATGTTGACTACCA-1,0,13,27,576,599
CGGCACTCAAGAAAGT-1,0,12,28,554,611
GTCAAAGTTTACATAG-1,0,13,29,576,623
CTCCTAAGTTATGTCT-1,0,12,30,554,636
ACTGTGCTAGTAGATC-1,0,13,31,575,648
GTTTGGCCGCTCAGCG-1,0,12,32,554,660
TTATCCAATCGAACTC-1,0,13,33,575,673
CCGTACCCAAGCGCCA-1,0,12,34,553,685
CATACAAAGCCGAACC-1,0,13,35,575,698
GGTCGGTAATTAGACA-1,0,12,36,553,710
AGCGGGAAGGGTCCAT-1,0,13,37,575,722
GCCCACCAAGGCTGTC-1,0,12,38,553,735
GTAGACGTCGTTACAT-1,0,13,39,575,747
GAGCATCATCCCTGGG-1,0,12,40,553,759
AGGTAACCTCCTATTC-1,0,13,41,574,772
GGTTTGAGTGCTGGAA-1,0,12,42,553,784
GCACTAGTCGCGCTAT-1,0,13,43,574,797
GGTAACTATGTATCTG-1,0,12,44,552,809
GCGGTCCCTAGACGCA-1,0,13,45,574,821
CGAGCGTTGATCAGCC-1,0,12,46,552,834
AATCCAAGGGCCTGAG-1,0,13,47,574,846
CCGTGCCCATGACGGC-1,0,12,48,552,858
GAAATTCACATCGCTG-1,0,13,49,573,871
CTCTGCGAAGCAAGCA-1,0,12,50,552,883
AGTAGGTAACATACAT-1,0,13,51,573,896
ATTGGGAATATCTTGG-1,0,12,52,552,908
TAGAGCTACGAAGAAC-1,0,13,53,573,920
TGCGGCATAGTTCAAC-1,0,12,54,551,933
CCGCCGGTCAACACAC-1,0,13,55,573,945
TCGTATAGTGCAATTA-1,0,12,56,551,957
TAGTTTATTCTTGCTT-1,0,13,57,573,970
GATATCTCATGCAATA-1,0,12,58,551,982
CGTTTAAGCGGAGCAC-1,0,13,59,572,995
CATGCTGGCTCCAATT-1,0,12,60,551,1007
GAAACAGCCATGCAGT-1,0,13,61,572,1019
AGTTTCGCAGGTCGGA-1,0,12,62,551,1032
CTCATGGCTCACAATC-1,0,13,63,572,1044
AACCGTTGTGTTTGCT-1,0,12,64,550,1056
ACCCTTCATCTGCGAA-1,0,13,65,572,1069
TGCGGTGAAATTTCAT-1,0,12,66,550,1081
CAAATTGTCAGCAAGC-1,0,13,67,572,1094
GAGGTACATCCATCTT-1,0,12,68,550,1106
AAATGGCATGTCTTGT-1,0,13,69,571,1119
TCATCCCAGAGGGTGG-1,0,12,70,550,1131
CGTAGCGAATTGTCAG-1,0,13,71,571,1143
CCTAGTTAGTCGCATG-1,0,12,72,550,1155
GAAACTCTAATGAAGG-1,0,13,73,571,1168
TTGTATCACACAGAAT-1,0,12,74,549,1180
TTCAAGCCGAGCTGAG-1,0,13,75,571,1193
AGGTACGATATTGCCA-1,0,12,76,549,1205
TTAAGCCGACAACTTC-1,0,13,77,571,1218
GTCTTAGTACAGCCGG-1,0,12,78,549,1230
TGGGTAAGGTTCCCGC-1,0,13,79,570,1242
CTACGCCATTTCCGAT-1,0,12,80,549,1255
GACCGTCAGGTCGTGA-1,0,13,81,570,1267
TAGTTAAGATAGGATA-1,0,12,82,549,1279
GAATATTCGGAGTCCC-1,0,13,83,570,1292
CAAACTACGATAGAGA-1,0,12,84,548,1304
CAGGAAGACTTTATAT-1,0,13,85,570,1317
TTCGTAATCCCAGCGG-1,0,12,86,548,1329
GTGAGGAGCGGTTGAG-1,0,13,87,570,1341
CAATCCCTATACCAGC-1,0,12,88,548,1354
AGGGAAACGAGGTACT-1,0,13,89,569,1366
TCCTGCCAACTGGAGA-1,0,12,90,548,1378
AATTTGGGACATAGTA-1,0,13,91,569,1391
AACTCCTAATCCCATG-1,0,12,92,548,1403
GCTCATTACTGCATGT-1,0,13,93,569,1416
TCTCGAACGAGGTCAC-1,0,12,94,547,1428
TCACTACGACCAATGC-1,0,13,95,569,1440
GTGATGCACAACATCT-1,0,12,96,547,1453
CCGACGTAAACACAAC-1,0,13,97,569,1465
TGGGATGCACTCATTC-1,0,12,98,547,1477
TTCCATCATGCGGTGA-1,0,13,99,568,1490
TGCACAGTGAAGTTAT-1,0,12,100,547,1502
CTATTGTGTTTGGTCA-1,0,13,101,568,1515
TGCGAGCCCTTCCGCG-1,0,12,102,547,1527
TTGAAAGGTGTAAAGG-1,0,13,103,568,1539
GGTGCAGAGCCTATCG-1,0,12,104,546,1552
ACTATATGCTGTGTTC-1,0,13,105,568,1564
TCCTGGCGCTGCCTGG-1,0,12,106,546,1576
GAGCCGAGCGTTTATT-1,0,13,107,568,1589
AGAATGCGGGTTCGGA-1,0,12,108,546,1601
ATGCGACAATTGGTCC-1,0,13,109,567,1614
TTCCGGCTCGACTTCT-1,0,12,110,546,1626
TGATTATGGCACGCAG-1,0,13,111,567,1638
GGTTTGACAAGAAGCT-1,0,12,112,545,1651
GCAGCTATGGACAGGT-1,0,13,113,567,1663
CACCATGATCGCAAAG-1,0,12,114,545,1675
GTCGGAAGGATACCAG-1,0,13,115,567,1688
GGCCCAGTTATCAGCA-1,0,12,116,545,1700
GGGCCTATTTAAGTAT-1,0,13,117,567,1713
GTTGTTACATTGCGCT-1,0,12,118,545,1725
CAACTCCGTAACTTGC-1,0,13,119,566,1738
GATCTTTGCTCAAAGA-1,0,12,120,545,1750
TCGCTTAATTACGAAG-1,0,13,121,566,1762
CGATCATTAGAGGCAC-1,0,12,122,544,1774
TGTTCTCTACTCCCTA-1,0,13,123,566,1787
GCTTAGGGAAGCGGTA-1,0,12,124,544,1799
CAGGTTTAGTACTACA-1,0,13,125,566,1812
AAGCGGAGTGCGCGCA-1,0,12,126,544,1824
TCAGATGGAGACGTAG-1,0,13,127,565,1837
TCGCACTAACGTTTGT-1,0,14,0,600,264
CACGTCGGGTTCTAGA-1,0,15,1,622,277
GGAGTACACATGAGCT-1,0,14,2,600,289
GTGTGTCGACGTCGCT-1,0,15,3,621,302
GAAGCTCTTTGCTTAG-1,0,14,4,600,314
ACACCGAGCGCTCTTT-1,0,15,5,621,327
CGTAATAATTACGAGT-1,0,14,6,599,339
CATCAACACCTACTAA-1,0,15,7,621,351
CCAAGTTTCTACAGAT-1,0,14,8,599,364
ACGGGTCATGTGACTT-1,0,15,9,621,376
AGTGTGCTAAGATCGC-1,0,14,10,599,388
GGCGGTTTGCCGGTGC-1,0,15,11,620,401
GTATAATCTCCCGGAT-1,0,14,12,599,413
TAGTCCGTATGCATAA-1,0,15,13,620,426
CACTTCGTCTTATCTC-1,0,14,14,599,438
CATCCGCAGGCCCGAA-1,0,15,15,620,450
CCCTGATGTAACTCGT-1,0,14,16,598,463
CCATAGTCAGTAACCC-1,0,15,17,620,475
CGGGCCATAGCCGCAC-1,0,14,18,598,487
CTCCGGCTTGTAGACA-1,0,15,19,620,500
AACTTGCGTTCTCGCG-1,0,14,20,598,512
AATGAGTTCGCATATG-1,0,15,21,619,525
CGAGGCCAGGCATTGG-1,0,14,22,598,537
TCTGCGTCCGGTTTCT-1,0,15,23,619,549
CAATCCTGCCGTGGAG-1,0,14,24,598,562
CTGAGCAAGTAACAAG-1,0,15,25,619,574
GGGTACCCACGGTCCT-1,0,14,26,597,586
ACGGAATTTAGCAAAT-1,0,15,27,619,599
GGGCGGTCCTATTGTC-1,0,14,28,597,611
ATGTTACGAGCAATAC-1,0,15,29,619,624
AACCATGGGATCGCTA-1,0,14,30,597,636
TCGCATCCCTAAGTGT-1,0,15,31,618,648
ACTTAGTACGACAAGA-1,0,14,32,597,661
GAGCTCTCGGACCTAA-1,0,15,33,618,673
TCTATTACGCTGGCGA-1,0,14,34,597,685
AGATACGACTTCATAT-1,0,15,35,618,698
CGCTATACCGCCCACT-1,0,14,36,596,710
CAGTGTCCGCAGAATG-1,0,15,37,618,723
CCATCCATACCAAGTC-1,0,14,38,596,735
AACCCAGAGACGGAGA-1,0,15,39,618,747
GAAGAACGGTGCAGGT-1,0,14,40,596,760
GATAAATCGGTGGATG-1,0,15,41,617,772
CAGCTCGTGCTTGTGT-1,0,14,42,596,784
GAGTACGGGTATACAA-1,0,15,43,617,797
CATCGCCCGCGGCCAA-1,0,14,44,596,809
TCTTACAGAGGTACCG-1,0,15,45,617,822
TGGAAGACGAACACCA-1,0,14,46,595,834
GTTGTCGTGTTAGTTG-1,0,15,47,617,847
CCAAGGAACAGAGAGG-1,0,14,48,595,859
CTGCACCTGGAACCGC-1,0,15,49,617,871
CGCTTTCATACCGGTG-1,0,14,50,595,883
GTTCTTCCCTCGATGT-1,0,15,51,616,896
ATTTAACTCGTATTAC-1,0,14,52,595,908
AACGATAGAAGGGCCG-1,0,15,53,616,921
TATCCTGCATGGGAAT-1,0,14,54,595,933
AGGCCCATTGTACAGG-1,0,15,55,616,946
CCGGCGCATATTGGAT-1,0,14,56,594,958
ATCTGTAATTGTACCC-1,0,15,57,616,970
GAGCGAGGGAGTACCG-1,0,14,58,594,983
TTATTAGGGAAGCATC-1,0,15,59,616,995
CTTCTTACGTCGTATA-1,0,14,60,594,1007
GAAGTGCTGGATAGCT-1,0,15,61,615,1020
GTGCAACAAATGTGGC-1,0,14,62,594,1032
CATGCGTTAGACAGAA-1,0,15,63,615,1045
ACACACTTTCTACACG-1,0,14,64,593,1057
AGCCCTAAGCGAAGTT-1,0,15,65,615,1069
ATTAATTCGGTCACTC-1,0,14,66,593,1082
AACAGGAAATCGAATA-1,0,15,67,615,1094
ACGTTTAGTTGTGATC-1,0,14,68,593,1106
TCCTTCAGTGGTCGAA-1,0,15,69,615,1119
CGAACGCCCAGTGCCG-1,0,14,70,593,1131
CCTCGAAGTGGACGGG-1,0,15,71,614,1144
CTCTGTTTGAGGATTC-1,0,14,72,593,1156
TGGGCACGTTCTATGG-1,0,15,73,614,1168
ACTATTCGTCCGTGGT-1,0,14,74,592,1181
CCTCTGGCCTAGACGG-1,0,15,75,614,1193
CCATAAACAACCCGAC-1,0,14,76,592,1205
CATAGTACATTGAGAG-1,0,15,77,614,1218
ATTTCATTATTTCGCG-1,0,14,78,592,1230
CAACTATATCGAATGC-1,0,15,79,614,1243
CTAGTATTCGGAATTA-1,0,14,80,592,1255
GTGGAACCTACATGCG-1,0,15,81,613,1267
CCTAAAGGCTGACGCT-1,0,14,82,592,1280
CGTGACATTGGGTCGT-1,0,15,83,613,1292
CCAATCGGTAGATCGA-1,0,14,84,591,1304
ATTGTCGCAATACCTT-1,0,15,85,613,1317
AAATTACACGACTCTG-1,0,14,86,591,1329
CACTCCTCTCGGTCGG-1,0,15,87,613,1342
AAATAACCATACGGGA-1,0,14,88,591,1354
AGTTACTCTATCGTGG-1,0,15,89,612,1366
CGTTAGCTCACAACTG-1,0,14,90,591,1379
GAATGTATGGCAGGTC-1,0,15,91,612,1391
GCAACCACCAGACCGG-1,0,14,92,591,1403
TCACTCGTGCAACGGC-1,0,15,93,612,1416
AAACAGAGCGACTCCT-1,0,14,94,590,1428
CAGCCTCTCCTCAAGA-1,0,15,95,612,1441
TTGCGTGAACGCTTAG-1,0,14,96,590,1453
CCGCCTGCGAATTGGT-1,0,15,97,612,1466
AGATGAGGGTTGCGAT-1,0,14,98,590,1478
CGGTGGGCTCCAGCCT-1,0,15,99,611,1490
GGCAGCGGTAATCCTA-1,0,14,100,590,1502
GCTAGCAGGGAGTGGG-1,0,15,101,611,1515
CTCAAGACATTAGCGC-1,0,14,102,590,1527
CACGGCGCGCCAAAGG-1,0,15,103,611,1540
TGCAATTTGGGCACGG-1,0,14,104,589,1552
ATGCCAATCGCTCTGC-1,0,15,105,611,1565
GCTGGACCCAAAGTGG-1,0,14,106,589,1577
ATTCCTAAGACGTGGA-1,0,15,107,611,1589
TCCGGAGGAAGGGCTG-1,0,14,108,589,1602
TCGGTGACCGCTCCGG-1,0,15,109,610,1614
TCCGAAGTAGTCACCA-1,0,14,110,589,1626
CATGTAGGAGCGCCAA-1,0,15,111,610,1639
CACAAGAAAGATATTA-1,0,14,112,589,1651
AGGGTCAGTAACCCTA-1,0,15,113,610,1664
TAAGCCCTTACGACCA-1,0,14,114,588,1676
ATACCGTCATCCATAA-1,0,15,115,610,1688
GGACGTCCATAGTTGG-1,0,14,116,588,1701
CATCAAACTGGCGCCC-1,0,15,117,610,1713
AAACGTGTTCGCCCTA-1,0,14,118,588,1725
AAATTGGTGAGAAGCA-1,0,15,119,609,1738
GGTCATTGTAGTCATA-1,0,14,120,588,1750
TGCAGTGAGGCTCGGG-1,0,15,121,609,1763
GAACATTAGTATGTTA-1,0,14,122,588,1775
GGTTTGCGAACACGTA-1,0,15,123,609,1787
ACACAAATATTCCTAG-1,0,14,124,587,1800
TTGGGTTTATTCAGCG-1,0,15,125,609,1812
ATTCGCAGAGGACACT-1,0,14,126,587,1824
GATTTAGTGCGTACTG-1,0,15,127,609,1837
TAGAAACACAATAGTG-1,0,16,0,643,265
CAGTAGATGATGTCCG-1,0,17,1,665,277
TCTTAACTCGGATGTA-1,0,16,2,643,290
TACATCTTGTTTCTTG-1,0,17,3,664,302
TTCATAGGGTGTCCAT-1,0,16,4,643,314
TGAAGTAGCTTACGGA-1,0,17,5,664,327
GCACAAGTGGATCATA-1,0,16,6,643,339
GGGCGAATTTCTCCAC-1,0,17,7,664,352
ATGTTCCTGCCCACCT-1,0,16,8,642,364
GCTCAACCTCTTAGAG-1,0,17,9,664,376
ATAGCTGCTCTTGTTA-1,0,16,10,642,389
CGTCAGCTATTTACTC-1,0,17,11,664,401
ATCTGATAGTGTCTTA-1,0,16,12,642,413
TGCACTATGTGAGTGC-1,0,17,13,663,426
CCGACAAACACATGAG-1,0,16,14,642,438
GCCTTGTATATGCAGT-1,0,17,15,663,451
ATAATACCGTTAGCCG-1,0,16,16,642,463
ACACTCCAATGTCACT-1,0,17,17,663,475
AGTTGCTGACTGATAT-1,0,16,18,641,488
GGCGCTCCTCATCAAT-1,0,17,19,663,500
TGCCTGACATCGGTCA-1,0,16,20,641,512
TTGGCCATCTTGCGCT-1,0,17,21,663,525
CAGTGGTTGCACATGA-1,0,16,22,641,537
AGAATTGTTTGACATA-1,0,17,23,662,550
AAATGCTCGTTACGTT-1,0,16,24,641,562
CACCTAATAGAGTCGT-1,0,17,25,662,575
CATTTCTAGCAGACTA-1,0,16,26,640,587
CCGAAAGTGGTGAGCA-1,0,17,27,662,599
AGTCAGCCACCGCCTG-1,0,16,28,640,611
TCATCACTCGAGCTCG-1,0,17,29,662,624
CTCAGGACTCACCTGT-1,0,16,30,640,636
CGGTGTACTTGATCCC-1,0,17,31,662,649
CCTACGGCTCAGTCGA-1,0,16,32,640,661
GTACTTGGGCACTTCT-1,0,17,33,661,674
TGATTTCCTCCTGACG-1,0,16,34,640,686
CCTCACCAATCTTGAC-1,0,17,35,661,698
GGTGAGATGCAGATAA-1,0,16,36,639,711
GCTAGTTTCATTGAGG-1,0,17,37,661,723
AGGACATCGCACGTCG-1,0,16,38,639,735
GTGGACGTGCTGAGAC-1,0,17,39,661,748
TAAGGAACTTGTGGGA-1,0,16,40,639,760
TCGCTGTGCGTAAATC-1,0,17,41,660,773
GCATCCCTAACTTTGA-1,0,16,42,639,785
CACCCACACGTCACCC-1,0,17,43,660,797
CCCTCATTCTGGAATT-1,0,16,44,639,810
AGGGCGTGATCGGCTA-1,0,17,45,660,822
GGTGCGGATAAGTGGC-1,0,16,46,638,834
TAATATTGAAATTCGC-1,0,17,47,660,847
CTTACACTGGGAAATA-1,0,16,48,638,859
ACCAAGAACGCGTGTC-1,1,17,49,660,872
GCCTTCAGCCCTACCG-1,0,16,50,638,884
GATGCTACAAGCGCCT-1,0,17,51,659,896
CCGGGACCCGCAGAGA-1,0,16,52,638,909
GTTCCAGTCTGACCAT-1,0,17,53,659,921
ATGATCGGGAATAGAC-1,0,16,54,638,933
TTGGATTGGGTACCAC-1,0,17,55,659,946
TACCTCACGCTTGTAC-1,0,16,56,637,958
CATGGCAGGAAGATCG-1,0,17,57,659,971
ATGACGCCGGCTCTAA-1,0,16,58,637,983
AGCGACATCCCATTCA-1,0,17,59,659,995
AGTAATGTCTTGCCGC-1,0,16,60,637,1008
TTCTTAGTGGCTCAGA-1,0,17,61,658,1020
CGTCTGGAAGGGCCCG-1,0,16,62,637,1032
ACGTGCGCCTCGTGCA-1,0,17,63,658,1045
AGAGCGGGCTAATCAT-1,0,16,64,637,1057
GCGTCGAAATGTCGGT-1,0,17,65,658,1070
AACTGATATTAGGCCT-1,0,16,66,636,1082
CGAGCTGGGCTTTAGG-1,0,17,67,658,1094
GGGTGTTTCAGCTATG-1,0,16,68,636,1107
TTAATTTCAGACGCGG-1,0,17,69,658,1119
ACTGCCGTCGTAACTC-1,0,16,70,636,1131
GTGCACGAAAGTGACT-1,0,17,71,657,1144
ATCTCCCTGCAATCTA-1,0,16,72,636,1156
ACGCCAGATGATTTCT-1,0,17,73,657,1169
AGCTATTTAATCCAAC-1,0,16,74,636,1181
CCACGAGAAGAGAATC-1,0,17,75,657,1194
GATTCCGCGTTTCCGT-1,0,16,76,635,1206
GTCGGATGTAGCGCGC-1,0,17,77,657,1218
TATTTATACCGAGTAG-1,0,16,78,635,1230
GTAGGTGATCCGTGTA-1,0,17,79,657,1243
AGTTAAGCGGTCCCGG-1,0,16,80,635,1255
CTGGCGACATAAGTCC-1,0,17,81,656,1268
TTGGCCTAGAATTTCG-1,0,16,82,635,1280
GGCATATCGGTTCTGC-1,0,17,83,656,1293
GGGCGTCCACTGGCTC-1,0,16,84,635,1305
TTACCCATTGCCGGGT-1,0,17,85,656,1317
TTAGACACGATCGTTG-1,0,16,86,634,1330
GCGCTGATCCAGACTC-1,0,17,87,656,1342
TTCGGCAACCCGCTGA-1,0,16,88,634,1354
GATATTTCCTACATGG-1,0,17,89,656,1367
CTGCGTTACGATATAA-1,0,16,90,634,1379
TAATAAACAAGGAGAT-1,0,17,91,655,1392
AACCTTTACGACGTCT-1,0,16,92,634,1404
AGTCCCGCCTTTAATT-1,0,17,93,655,1416
TGAGATTAGGCCCTAA-1,0,16,94,634,1429
AGTGTATTGCGCATTG-1,0,17,95,655,1441
GTTGGATTCAGTGGCT-1,0,16,96,633,1453
TAAAGCTGCAATAGGG-1,0,17,97,655,1466
AGTAGGAAGGAAGTTG-1,0,16,98,633,1478
TATCACTTCGAGTAAC-1,0,17,99,655,1491
TGATCTACGCTGATCT-1,0,16,100,633,1503
GGATCATCCCGTACGC-1,0,17,101,654,1515
TGACACTTCTCTTTGC-1,0,16,102,633,1528
AGCCCTTCTAATCCGA-1,0,17,103,654,1540
CACCGCGTCCACTCTA-1,0,16,104,632,1552
TAATTGGAATCGGGAA-1,0,17,105,654,1565
TCGTAAGCTCCGAGGA-1,0,16,106,632,1577
TATATTACAAATGTCG-1,0,17,107,654,1590
CGCGAGAGGGACTTGT-1,0,16,108,632,1602
GGACCTACGGTAACGT-1,0,17,109,654,1614
GAAATATGCTTGAATG-1,0,16,110,632,1627
CCGTATTAGCGCAGTT-1,0,17,111,653,1639
AGGCGTCTATGGACGG-1,0,16,112,632,1651
AACATCGATACGTCTA-1,0,17,113,653,1664
TGAATATGCTATAAAC-1,0,16,114,631,1676
ACCAAACACCCAGCGA-1,0,17,115,653,1689
TGGCTTGTACAAGCTT-1,0,16,116,631,1701
GAATGAAGGTCTTCAG-1,0,17,117,653,1713
AGATACCAGCACTTCA-1,0,16,118,631,1726
GCGGTCCCGGTGAAGG-1,0,17,119,652,1738
GAGGCATTTGCAGCAG-1,0,16,120,631,1750
GGCAAGCCAGGGATAG-1,0,17,121,652,1763
TCTACGGGCTCAGTTG-1,0,16,122,631,1775
TCTGCGAATCGTTCGC-1,0,17,123,652,1788
AGCTCGTTGATGGAAA-1,0,16,124,630,1800
TGAATGAGATACAGCA-1,0,17,125,652,1813
ACCCTTGCCTGGGTCG-1,0,16,126,630,1825
GGCGAACCGTTCTGAT-1,0,17,127,652,1837
GCGATGTCTGTGCTTG-1,0,18,0,686,265
ATTAACACCTGAGATA-1,0,19,1,708,278
GAAATCTGACCAAGTT-1,0,18,2,686,290
CCTGACAAACTCGCGC-1,0,19,3,707,302
ATGTCATTTCCCATTG-1,0,18,4,686,315
GCGGTGCGGAGCATCG-1,0,19,5,707,327
CGGAAAGCAAATGTGC-1,0,18,6,686,339
GCTGAGCAACGGTTCT-1,0,19,7,707,352
TCACTCTTCGTCTGTC-1,0,18,8,685,364
GATCTTCATTGTCCTC-1,0,19,9,707,377
ACTCGATGTATTTCAT-1,0,18,10,685,389
TGAAGAGCGGTCCTAG-1,0,19,11,707,402
TAAACGTCGTCAATGA-1,0,18,12,685,414
ACGTTATTGGTCACTC-1,0,19,13,706,426
ATAGCCTCAGTACCCA-1,0,18,14,685,438
CGGGAGTATACCGCCG-1,0,19,15,706,451
GTCCTACAGGCGGCTC-1,0,18,16,685,463
CGGATAAGCGGACATG-1,0,19,17,706,476
AACTTCTGCGTCTATC-1,0,18,18,684,488
GGGTTCAGACGAACAA-1,0,19,19,706,501
AGTCTGGACATCCTTG-1,0,18,20,684,513
TTGAACGAATCCTTTG-1,0,19,21,706,525
GAAATACTAAACGTTT-1,0,18,22,684,538
CCCGCGCAATGCACCC-1,0,19,23,705,550
TTCGGCTAGAGATGGT-1,0,18,24,684,562
GACACGAGTTAGAGGA-1,0,19,25,705,575
GAGGTCCCAAAGATCT-1,0,18,26,684,587
TAACTCCATGGAGGCT-1,0,19,27,705,600
CTTGTTTATGTAGCCA-1,0,18,28,683,612
GATGGCGCACACATTA-1,0,19,29,705,624
ATAATAGTGTAGGGAC-1,0,18,30,683,637
CGCTATTCAATGTATG-1,0,19,31,705,649
ATATTGCTGTCAAAGT-1,0,18,32,683,661
GGATTCAGTACGGTGG-1,0,19,33,704,674
TTCTTAGTGAACGGTG-1,0,18,34,683,686
AATGGTTCTCACAAGC-1,0,19,35,704,699
TATACACGCAAAGTAT-1,0,18,36,683,711
CTTCATAGCTCAAGAA-1,0,19,37,704,723
CAACGGTTCTTGATAC-1,0,18,38,682,736
ACACCCGAGAAATCCG-1,0,19,39,704,748
TCTATCATGCAGTTAC-1,0,18,40,682,760
CCCGCCATGCTCCCGT-1,0,19,41,704,773
CGCTTCCACTGAAATC-1,0,18,42,682,785
CACTGTCCAAGTGAGA-1,0,19,43,703,798
ATTACTAGCCTCTTGC-1,0,18,44,682,810
CATAGTAGCATAGTAG-1,1,19,45,703,822
CAACTCCTTGATCCCG-1,0,18,46,682,835
AAGTAGAAGACCGGGT-1,1,19,47,703,847
GCGGGAACCAGGCCCT-1,1,18,48,681,859
ATTAGATTGATAGCGG-1,1,19,49,703,872
CTCGGTCCGTAGCCTG-1,1,18,50,681,884
TGGCTTTGGGTAGACA-1,1,19,51,703,897
TATCCATATCATGCGA-1,1,18,52,681,909
GGAGTGCCGCCCTGGA-1,1,19,53,702,922
TGAGAATGCTTTACCG-1,0,18,54,681,934
TTAACCAACCCTCCCT-1,0,19,55,702,946
TGTTTCGGTACTTCTC-1,0,18,56,680,958
TTGCTGAAGGAACCAC-1,0,19,57,702,971
TATTTAGTCTAGATCG-1,0,18,58,680,983
CTCCGGCCTAATATGC-1,0,19,59,702,996
TTGTGGCCCTGACAGT-1,0,18,60,680,1008
TCGCCGGTCGATCCGT-1,0,19,61,702,1021
CCATAGGTTGGCGTGG-1,0,18,62,680,1033
GAACGACCGAATGATA-1,0,19,63,701,1045
TCCGATAATTGCCATA-1,0,18,64,680,1058
CATTACGTCGGCCCGT-1,0,19,65,701,1070
CAAGCACCAAATGCCT-1,0,18,66,679,1082
TGCATGGATCGGATCT-1,0,19,67,701,1095
GAAATCGCGCGCAACT-1,0,18,68,679,1107
CTGAAAGAGATCCGAC-1,0,19,69,701,1120
CACCTCGATGGTGGAC-1,0,18,70,679,1132
ATTTGTTCCAGGGCTC-1,0,19,71,700,1144
TGGGCCACAAGAGCGC-1,0,18,72,679,1157
CCTTCTTGATCCAGTG-1,0,19,73,700,1169
CCTCGCCAGCAAATTA-1,0,18,74,679,1181
TTCATGGCGCAACAGG-1,0,19,75,700,1194
TTAATCAGTACGTCAG-1,0,18,76,678,1206
CCTATCTATATCGGAA-1,0,19,77,700,1219
ATTATACTTTGCTCGT-1,0,18,78,678,1231
ATGGATCCGGCGTCCG-1,0,19,79,700,1243
CGCCCGCTTCCGTACA-1,0,18,80,678,1256
GGATTCCGCTATACCC-1,0,19,81,699,1268
CGGTCTATCAACCCGT-1,0,18,82,678,1280
ATGCCGGTTGATGGGA-1,0,19,83,699,1293
TCATGCAGGTTCTCAT-1,0,18,84,678,1305
TGAGCTTTAATGACGC-1,0,19,85,699,1318
TCCCTTAGATTACTCG-1,0,18,86,677,1330
ATATCTCCCTCGTTAA-1,0,19,87,699,1342
AGCTCTTCCCAGTGCA-1,0,18,88,677,1355
TCGCTAAACCGCTATC-1,0,19,89,699,1367
CACATTCTTTCGATGG-1,0,18,90,677,1379
GATATGCGGTAGCCAA-1,0,19,91,698,1392
CGTTTCACTTCGGGCG-1,0,18,92,677,1404
CCAATTACGGGTCGAG-1,0,19,93,698,1417
GCAGGTAGAGTATGGT-1,0,18,94,677,1429
GTCGTATTGGCGTACA-1,0,19,95,698,1441
GAAATTAGCACGGATA-1,0,18,96,676,1454
AATGCACCAAGCAATG-1,0,19,97,698,1466
AGGACGCTCGATGTTG-1,0,18,98,676,1478
GGCTAAAGGGCGGGTC-1,0,19,99,698,1491
CATCTATCCCGTGTCT-1,0,18,100,676,1503
CAGTAACTATTTATTG-1,0,19,101,697,1516
CATATACTACTGATAA-1,0,18,102,676,1528
GCGTTCGGAGACCGGG-1,0,19,103,697,1541
AAGTTCAGTCTGCGTA-1,0,18,104,676,1553
CGAAGCTATAAATTCA-1,0,19,105,697,1565
CGCGGTCACAAACCAA-1,0,18,106,675,1577
GGGAATGAGCCCTCAC-1,0,19,107,697,1590
ACGGAGCGCAAATTAC-1,0,18,108,675,1602
CGTTCTTCGCACACCT-1,0,19,109,697,1615
GAATAGCCCTGCGGTC-1,0,18,110,675,1627
AATAGCTACCGCGTGC-1,0,19,111,696,1640
CCGAGCTGTGCTTGTC-1,0,18,112,675,1652
GATGACGATGATCGCG-1,0,19,113,696,1664
GCCTATGCTGGGCCTT-1,0,18,114,675,1677
TTACTGTCTAGAGCTC-1,0,19,115,696,1689
AGCGGTTGCCGCTCTG-1,0,18,116,674,1701
GCTTGCAGCACAATTG-1,0,19,117,696,1714
CCGGAGGTCTTATGGT-1,0,18,118,674,1726
ACAGTATACCGTGGGA-1,0,19,119,696,1739
GGGATCCCAATACAAA-1,0,18,120,674,1751
ATTACGACTCCACAGT-1,0,19,121,695,1763
CTCACACGCAAGCCTA-1,0,18,122,674,1776
CCAGATGTAAATGGGT-1,0,19,123,695,1788
GAACTTGTGCACGGGA-1,0,18,124,674,1800
AAGCCGCTTTACCTTG-1,0,19,125,695,1813
TCCATTCCCACTAGAG-1,0,18,126,673,1825
AGAGCGCTTGTAACGG-1,0,19,127,695,1838
TGGGTTCCCGGACGGA-1,0,20,0,729,266
GCTGCGCCTCCCACGT-1,0,21,1,751,278
CTGTTGGCTCTTCTGA-1,0,20,2,729,290
TTGTTCTAGATACGCT-1,0,21,3,751,303
CCCTCAAGCTCTTAGT-1,0,20,4,729,315
TGGTCTAGCTTACATG-1,0,21,5,750,328
ATGCACCTTCCTTAAT-1,0,20,6,729,340
GGGATACGGTAATAAT-1,0,21,7,750,352
AGTTCACCGGTTGGAC-1,0,20,8,729,365
GACATACTGTCGCAGA-1,0,21,9,750,377
TGGACACCGTTGCTTG-1,0,20,10,728,389
TGCGATGCTAATGGCT-1,0,21,11,750,402
TTCTGTTTCCTGTCGC-1,0,20,12,728,414
CGTTGTAAACGTCAGG-1,0,21,13,750,427
GATCGGCGATAAGTCG-1,0,20,14,728,439
AGCCTTAAAGCGGAAG-1,0,21,15,749,451
TCCGTAACCACAATCC-1,0,20,16,728,464
GAATGCCGAAATGACC-1,0,21,17,749,476
TATACTCATGCGGCAA-1,0,20,18,727,488
TAGTGTCAGAAACGGC-1,0,21,19,749,501
CGTCATACCATATCCA-1,0,20,20,727,513
TAGTACCTTAGTGGTC-1,0,21,21,749,526
CTGGCGGGAATAAGTA-1,0,20,22,727,538
AGTGTGGTCTATTGTG-1,0,21,23,749,550
GCTATCGCGGCGCAAC-1,0,20,24,727,563
CAGTAATCCCTCCCAG-1,0,21,25,748,575
GTATTAAGGCGTCTAA-1,0,20,26,727,587
CTAATTTCAACAACAC-1,0,21,27,748,600
TTAGCAACATGGATGT-1,0,20,28,726,612
ATGCTCAGTGTTGCAT-1,0,21,29,748,625
GATGTTTGTGCGAGAT-1,0,20,30,726,637
CACTTCGCCACAGGCT-1,0,21,31,748,649
CTGTATGGTGTAGAAA-1,0,20,32,726,662
TACGTGCACTATGCTG-1,0,21,33,747,674
GTATCAGCTTGGGTTC-1,0,20,34,726,686
TAACAAAGGGAGAAGC-1,0,21,35,747,699
TTACATCGTGGCCTGG-1,0,20,36,726,711
TCTGAACCGGTCGGCT-1,0,21,37,747,724
GGCTCGTGCCACCAGC-1,0,20,38,725,736
TATAAGTGAGGATAGC-1,0,21,39,747,749
GCCCGCGCGTTTGACA-1,0,20,40,725,761
TGCTGGTTGGACAATT-1,0,21,41,747,773
GCCTAGCGATCTGACC-1,0,20,42,725,786
CCATGCTCTGCAGGAA-1,0,21,43,746,798
TATAAATCCACAAGCT-1,0,20,44,725,810
CGCTCGACATAATGAT-1,1,21,45,746,823
CCAATTGAATGTTAAT-1,1,20,46,725,835
GCTAATACCGAATGCC-1,1,21,47,746,848
TTCAACGACCCGACCG-1,1,20,48,724,860
TTCCTCGAGGGTGTCT-1,1,21,49,746,872
CAACGACCCGTTTACA-1,1,20,50,724,885
CTTGTACTTGTTGACT-1,1,21,51,746,897
TCTCTAATAGCTGGTA-1,1,20,52,724,909
ATTATGCCATAGGGAG-1,1,21,53,745,922
GACAACGCAGCTTACG-1,1,20,54,724,934
AGATGACTCGCCCACG-1,1,21,55,745,947
GTGCGGGTCTCCAAAT-1,1,20,56,724,959
GTACGAGATTGCGACA-1,1,21,57,745,971
GTATAGGACTCAGTAG-1,1,20,58,723,984
TTGCACGGAGCAGCAC-1,1,21,59,745,996
CACAGCTAGGGAGTGA-1,0,20,60,723,1008
ATACTAGCATGACCCT-1,1,21,61,745,1021
CCAAGACTTCTGCGAA-1,0,20,62,723,1033
ACATAATAAGGCGGTG-1,0,21,63,744,1046
TAATACACAGTAGTAT-1,0,20,64,723,1058
TCTTGGTAACACCAAA-1,0,21,65,744,1070
AACTGGGTCCCGACGT-1,0,20,66,723,1083
ATCACTTCATCCTCGC-1,0,21,67,744,1095
TGGAAGGATAAAGATG-1,0,20,68,722,1107
CATGATGCACAATTCT-1,0,21,69,744,1120
TGCCTGATCAAACGAT-1,0,20,70,722,1132
ATAGGGATATCCTTGA-1,0,21,71,744,1145
CACCTAATCAGTTTAC-1,0,20,72,722,1157
TGTGACTACGCCAGTC-1,0,21,73,743,1169
CCCGACCATAGTCCGC-1,0,20,74,722,1182
CGCGCCCGACTTAATA-1,0,21,75,743,1194
TGCCACCTGGCGAAAC-1,0,20,76,722,1206
CTGCCAAGGTTGGAAG-1,0,21,77,743,1219
TCTCCAACGTAGGTTA-1,0,20,78,721,1231
TTCTTGGAGTAATGAG-1,0,21,79,743,1244
GTCTCGATCTGCTTTC-1,0,20,80,721,1256
TACTCTCCGAACAAAT-1,0,21,81,743,1269
ATCACATTAGAATATC-1,0,20,82,721,1281
TACGGGATGCTAGCAG-1,0,21,83,742,1293
AGCTGAAGTAAACCAA-1,0,20,84,721,1305
CATGGGTCGGGTGTGG-1,0,21,85,742,1318
CACCCACGAGGCAATT-1,0,20,86,720,1330
TGCCATTACTAAAGAA-1,0,21,87,742,1343
CCGTTACGTTAGAACA-1,0,20,88,720,1355
GCCAGGAGTAACCGAT-1,0,21,89,742,1368
GGAAAGTGCCCATGCC-1,0,20,90,720,1380
TCTTACCGGAACTCGT-1,0,21,91,742,1392
TATGTCAAGACCGACT-1,0,20,92,720,1405
CCTAACTAAGGCTCTA-1,0,21,93,741,1417
GCGGTGAACTGCGCTC-1,0,20,94,720,1429
CCTCGCGCGATATAGG-1,0,21,95,741,1442
ATCGGCAAGCAGTCCA-1,0,20,96,719,1454
AGATCGTGCATAAGAT-1,0,21,97,741,1467
ATTCAGGACCTATTTC-1,0,20,98,719,1479
AGCTAGAAGCAGAAGT-1,0,21,99,741,1491
TTCGCTATCTGACGTG-1,0,20,100,719,1504
TTCCGCAGAGAAATAT-1,0,21,101,740,1516
CAGTACATTCTCTAAA-1,0,20,102,719,1528
GTGAAGATTTCAAGTG-1,0,21,103,740,1541
AACGCATGATCTGGGT-1,0,20,104,719,1553
CCCAGAGGAGGGCGTA-1,0,21,105,740,1566
GGAAACCTTGTTGAAT-1,0,20,106,718,1578
GTGAAGCCGTATAGTC-1,0,21,107,740,1590
GAGCTGTCGTCTCGGA-1,0,20,108,718,1603
TGTCATTTGTTGGGAA-1,0,21,109,740,1615
ACCAACACCACACACT-1,0,20,110,718,1627
AAATGATTCGATCAGC-1,0,21,111,739,1640
CTGCTTTATGTCCGCG-1,0,20,112,718,1652
GCGAGAGGCCATGTAA-1,0,21,113,739,1665
ATTGACCGGCGATGAC-1,0,20,114,718,1677
ACCCTGGTAACGCCCT-1,0,21,115,739,1689
GTTGGACCGCATCAGG-1,0,20,116,717,1702
CGTTTACAAGGCAGCT-1,0,21,117,739,1714
CGGTCCATGAGACTCC-1,0,20,118,717,1726
GTTCGTCTGGGTCCCT-1,0,21,119,739,1739
TGTACTACTCTCACGG-1,0,20,120,717,1751
AGTGAAGATGGTGTCC-1,0,21,121,738,1764
GAGGGCCATAATATTA-1,0,20,122,717,1776
ACTCCCGTAGACTAGG-1,0,21,123,738,1788
CGTCAAATGGTCGCAG-1,0,20,124,717,1801
AAGTCTAGTAGCTGCC-1,0,21,125,738,1813
AAGAAATCACCAGATT-1,0,20,126,716,1825
GAGTGCACGGACAACA-1,0,21,127,738,1838
GTTCAAATCAGATGTC-1,0,22,0,772,266
CATGGCTCCCTATGTC-1,0,23,1,794,278
GGCCACACGAAAGCCT-1,0,22,2,772,291
GAAGCCGGGTAAGCTC-1,0,23,3,794,303
TTGCGCTCTCTCGCTT-1,0,22,4,772,315
TACATGACCTTATCCG-1,0,23,5,793,328
GTCCTTCTACAACCCA-1,0,22,6,772,340
TATATGCTGGGTTGCC-1,0,23,7,793,353
GTTTATGGGATTTAGA-1,0,22,8,772,365
GGAACCCGAACAAGAA-1,0,23,9,793,377
AACGTTATCAGCACCT-1,0,22,10,771,390
CATCGTCCGGTTACTA-1,0,23,11,793,402
AGACAGCTCAGAATCC-1,0,22,12,771,414
GCAGATCCTCGCAAAT-1,0,23,13,793,427
GGGTCATGCGTACCAT-1,0,22,14,771,439
CTGGTCATTCCAATCC-1,0,23,15,792,452
TCAGGGCGCAAACTCG-1,0,22,16,771,464
GATGCCAGCAGAAGGC-1,0,23,17,792,477
GTTATTAACGTGGGAG-1,0,22,18,771,489
AATACAATGTTTCAGG-1,0,23,19,792,501
TTGCTGCACCTATCCA-1,0,22,20,770,513
CCAGAGACAAAGCCGG-1,0,23,21,792,526
CCGAAGTATATTGTTC-1,0,22,22,770,538
GCTAAACCTGAGGTGA-1,0,23,23,792,551
TCATACTTACAGATCC-1,0,22,24,770,563
CGAGCACTTCAAGTTT-1,0,23,25,791,576
TAGCAACCTGTCACAA-1,0,22,26,770,588
TGGGAAATGCCTTTCC-1,0,23,27,791,600
AGACCATGGGATACAA-1,0,22,28,770,613
TAAATGAATCCGTTTC-1,0,23,29,791,625
ACAACGGTCCCTGCGA-1,0,22,30,769,637
GTCACTCTCCAAATCT-1,0,23,31,791,650
TTCTACTTGCGAGGGC-1,0,22,32,769,662
CGCAATTACTTTCGGT-1,0,23,33,791,675
CTGTTCATCTCACGGG-1,0,22,34,769,687
TTCTTGTAACCTAATG-1,0,23,35,790,699
GCTTGATGATAATCAG-1,0,22,36,769,712
TTGGCTCGCATGAGAC-1,0,23,37,790,724
GCCCAGTTGGTATGCC-1,0,22,38,769,736
ATTCCTCCGCCAGTGC-1,0,23,39,790,749
TCGTCCGCTGGCGTCT-1,0,22,40,768,761
GGAGAAGTCATTGGCA-1,1,23,41,790,774
TTGTTAGCAAATTCGA-1,1,22,42,768,786
TCTAGCATCTTCGATG-1,1,23,43,790,798
TTCTAGGCCAATTGTG-1,1,22,44,768,811
TCACGGTCATCGCACA-1,1,23,45,789,823
ATGAAGCCAAGGAGCC-1,1,22,46,768,835
AATGACTGTCAGCCGG-1,1,23,47,789,848
CCAAACAGAACCCTCG-1,1,22,48,767,860
TATCGATGATTAAACG-1,1,23,49,789,873
GAACACACATCAACCA-1,1,22,50,767,885
CCCGTCAGCGTCTGAC-1,1,23,51,789,897
AGCATCGTCGATAATT-1,1,22,52,767,910
GACTAAGATCATGCAC-1,1,23,53,789,922
TAGGGTGTTTCAAGAG-1,1,22,54,767,934
TGGTTCGTAGCAAAGG-1,1,23,55,788,947
CTGTTCACTGCCTGTG-1,1,22,56,767,959
ATGTGCATCCGACGCA-1,1,23,57,788,972
TTGTCGTTCAGTTACC-1,1,22,58,766,984
CGGGATCAATGTAAGA-1,1,23,59,788,997
TTATCTGTATCATAAC-1,1,22,60,766,1009
ATCGACTCTTTCCGTT-1,1,23,61,788,1021
CTCATTTGATGGGCGG-1,1,22,62,766,1033
GTAAGCGGGCAGTCAG-1,1,23,63,787,1046
TCTATCGGTCGCAACA-1,1,22,64,766,1058
AACGCGGTCTCCAGCC-1,1,23,65,787,1071
ATTAATACTACGCGGG-1,1,22,66,766,1083
CTTTAACTTTCAAAGG-1,1,23,67,787,1096
CGTACCTGATAGGCCT-1,0,22,68,765,1108
GAATGTTGGGTAATCT-1,1,23,69,787,1120
TGCGGAGTAAAGGTGC-1,0,22,70,765,1133
CCTGAATATTTACATA-1,0,23,71,787,1145
TTGCTCCCATACCGGA-1,0,22,72,765,1157
CCTCTAATCTGCCAAG-1,0,23,73,786,1170
AGGTTGAGGCACGCTT-1,0,22,74,765,1182
TCCCGTCAGTCCCGCA-1,0,23,75,786,1195
TCCGATGACTGAGCTC-1,0,22,76,765,1207
CAGCCTCCTGCAGAGG-1,0,23,77,786,1219
CTTAGCCTTCCACATG-1,0,22,78,764,1232
ATTAATGAACCAGTCG-1,0,23,79,786,1244
ACGATACATAGAACTA-1,0,22,80,764,1256
AGCCACTCCCGTGCTT-1,0,23,81,786,1269
ATACGGGTTTCGATTG-1,0,22,82,764,1281
CTGTCAAATGGCTCGG-1,0,23,83,785,1294
GCTCGGAATTTAAAGC-1,0,22,84,764,1306
TAGGCATGTTACGCCA-1,0,23,85,785,1318
TGGCAACTCGCGCGCC-1,0,22,86,764,1331
ATCAGTAGGCAGGGAT-1,0,23,87,785,1343
TATCGATCTATGCATA-1,0,22,88,763,1355
CGACTCAGGATGTTAT-1,0,23,89,785,1368
GCCATATTGCACACAG-1,0,22,90,763,1380
AATTCATAAGGGATCT-1,0,23,91,785,1393
CGGTAGAGGTGCAGGT-1,0,22,92,763,1405
AATGATGATACGCTAT-1,0,23,93,784,1417
CTTGTGCTCACCGATT-1,0,22,94,763,1430
TTCCAATCAGAGCTAG-1,0,23,95,784,1442
CGATGGACCCTACGCC-1,0,22,96,763,1454
GGTCGGATAAACGGCG-1,0,23,97,784,1467
TTAGCTAATACGATCT-1,0,22,98,762,1479
CTCGATATTTGCGAGC-1,0,23,99,784,1492
ATTACTTACTGGGCAT-1,0,22,100,762,1504
CTAGCCGATGTTATGA-1,0,23,101,784,1516
TACTGCAATCAATTAC-1,0,22,102,762,1529
TAGTCTGTGACGTTGC-1,0,23,103,783,1541
CTCGTTTCTAATGTTT-1,0,22,104,762,1553
TTCGTTCAACGAAGTT-1,0,23,105,783,1566
CTGAATTTATTGCCAG-1,0,22,106,762,1578
TGGAATATCCTTGACC-1,0,23,107,783,1591
CAGATCATTTAAAGTC-1,0,22,108,761,1603
CTCCTTTACGCAAGTC-1,0,23,109,783,1616
TCCCAAACAGACAACG-1,0,22,110,761,1628
ATCGCTGCGTGCAGCA-1,0,23,111,783,1640
TTAGTTCAAGTGTTCG-1,0,22,112,761,1652
AAACTCGTGATATAAG-1,0,23,113,782,1665
TTAACGAACAAGCAGT-1,0,22,114,761,1677
GTTATATCAGGAGCCA-1,0,23,115,782,1690
CAAATTGGATTATGCC-1,0,22,116,760,1702
CGAGGAGCTTCCATAT-1,0,23,117,782,1715
GGAGACCAATGTGCTT-1,0,22,118,760,1727
CATTGATGAACACGCC-1,0,23,119,782,1739
GTCAATGCTATAATTT-1,0,22,120,760,1752
ACCACCCTCTCTTCTA-1,0,23,121,782,1764
TGGAGGGAAACACCTC-1,0,22,122,760,1776
CACGGACGTGGATGGC-1,0,23,123,781,1789
AACTTTCTCGATCATG-1,0,22,124,760,1801
CGTATTGTTTCCTAAT-1,0,23,125,781,1814
CCTACTGCGGCGGCCA-1,0,22,126,759,1826
CTTAGGTCCCAATCGT-1,0,23,127,781,1838
CGCAATCGATCATTAG-1,0,24,0,815,266
TGGTTATGCTTGCGGT-1,0,25,1,837,279
GGCTTGGCTCTCACCT-1,0,24,2,815,291
ATTGGTAGGATCCGCT-1,0,25,3,837,304
TCAGGGCGACTTCCTT-1,0,24,4,815,316
TCTGCAGATTCGAGTC-1,0,25,5,837,328
CTCTCGCTGTACTATG-1,0,24,6,815,341
AATAGTCGCGAGTCGG-1,0,25,7,836,353
AGTTACCCTTAAGACT-1,0,24,8,815,365
CTTAAATAAGACCCAT-1,0,25,9,836,378
GGTTGTGCTCTTGTCC-1,0,24,10,814,390
GTGAGTCTAAGACGGA-1,0,25,11,836,403
CGCGACACTGCGCAGC-1,0,24,12,814,415
GCTCGCGGTTCCGCTC-1,0,25,13,836,427
TTAACTCACGCGTGGA-1,0,24,14,814,440
GGAACGGCCTGCAGCC-1,0,25,15,835,452
GTAGAAACGGGTGGAG-1,0,24,16,814,464
TAATGAAAGACCCTTG-1,0,25,17,835,477
AGGCTTGCTAGACACC-1,0,24,18,814,489
TTGCGTAGTTTGAGGA-1,0,25,19,835,502
CGCCCTTGAAGGCTGA-1,0,24,20,813,514
CCCGGTGGAAGAACCT-1,0,25,21,835,526
TTAACACCTCGAACAT-1,0,24,22,813,539
GATTCCTATACGGCGC-1,0,25,23,835,551
TTACCCTAACAGTCCT-1,0,24,24,813,563
ACCCACCTACATGCTC-1,0,25,25,834,576
AAAGGGCAGCTTGAAT-1,0,24,26,813,588
CACACAGGGATAGATT-1,0,25,27,834,601
AGAGCGTACAAGCTCG-1,0,24,28,813,613
TCTTACGGCATCCGAC-1,0,25,29,834,625
GCCTATTCCGATATAG-1,0,24,30,812,638
GAAAGTGACTAACTGC-1,0,25,31,834,650
CCGGAATGGTTTCAGT-1,0,24,32,812,662
AGTATAATACTAGGCA-1,1,25,33,834,675
TAACTATCGAAGGTCC-1,0,24,34,812,687
ATGAGGAGTGTTAATC-1,0,25,35,833,700
TGTGTCGCGAGTTGCA-1,1,24,36,812,712
ATCCAACGCAGTCATA-1,1,25,37,833,724
AAGGCGCGTAAAGCTT-1,1,24,38,812,737
AGTCGGCCCAAACGAC-1,1,25,39,833,749
AACGTCAGACTAGTGG-1,1,24,40,811,761
ACTACCAGCTCTCTGG-1,1,25,41,833,774
GCAAGTGCACAGAGAA-1,1,24,42,811,786
ACACCTTAAGTAGGGC-1,1,25,43,833,799
TTCGACGGGAAGGGCG-1,1,24,44,811,811
TTCGCACTCGCGTGCT-1,1,25,45,832,824
TATTTGTTACCCTTTA-1,1,24,46,811,836
CGCTGTGACGCCGCAC-1,1,25,47,832,848
GTTGCACGGAGTTTCG-1,1,24,48,811,860
GTTTCCTGGAGGGTGA-1,1,25,49,832,873
ACACCCAGCATGCAGC-1,1,24,50,810,885
TCAACCATGTTCGGGC-1,1,25,51,832,898
TTACAACTACGCATCC-1,1,24,52,810,910
TCCGATGGTGCGACAT-1,1,25,53,832,923
GGGCGTACATTTATAT-1,1,24,54,810,935
AGCGACCAACGATATT-1,1,25,55,831,947
ACACAAAGACGGGTGG-1,1,24,56,810,960
ATCGCACGCCGGGAGA-1,1,25,57,831,972
GCTCTAAACCCTGACG-1,1,24,58,810,984
AATGCAACCGGGTACC-1,1,25,59,831,997
TCAAACAACCGCGTCG-1,1,24,60,809,1009
TATGCTCCCTACTTAC-1,1,25,61,831,1022
AAAGGGATGTAGCAAG-1,1,24,62,809,1034
ACGATCATACATAGAG-1,1,25,63,831,1046
TTGTTCAGTGTGCTAC-1,1,24,64,809,1059
ATGCATGATCCAGGAT-1,1,25,65,830,1071
AGTCTTCTCCTCAAAT-1,1,24,66,809,1083
GATTCCCTTGTCGCAG-1,0,25,67,830,1096
CTCGCACCTATATAGT-1,1,24,68,809,1108
ACTCAATAAAGGCACG-1,1,25,69,830,1121
AACCGAGCTTGGTCAT-1,1,24,70,808,1133
TAAGGCAACATAAGAT-1,1,25,71,830,1145
CACGCACAGCGCAGCT-1,0,24,72,808,1158
GGTTTACAATCTCAAT-1,0,25,73,830,1170
TGCAGGATCGGCAAAG-1,0,24,74,808,1182
ATAACGGAGTCCAACG-1,0,25,75,829,1195
AACGATATGTCAACTG-1,0,24,76,808,1207
GACAACGACCATTGAA-1,0,25,77,829,1220
TTGACCATGTTCTCCG-1,0,24,78,807,1232
AGTACGGGCACCTGGC-1,0,25,79,829,1244
CGCCATCCGATTATGA-1,0,24,80,807,1257
AAGGTATCCTAATATA-1,0,25,81,829,1269
TGTTGTCAAGAAGTCT-1,0,24,82,807,1281
CAGTGAATAAATGACT-1,0,25,83,829,1294
CACCTTGCGAAACTCG-1,0,24,84,807,1306
CATTTAGCGGACCATG-1,0,25,85,828,1319
CCAGTCTAGACGGCGC-1,0,24,86,807,1331
TCGCTTTAAACGTTTG-1,0,25,87,828,1344
GTGAAACGGCGCCACC-1,0,24,88,806,1356
GGGCTCATCGAACCCA-1,0,25,89,828,1368
TTGATGTGTAGTCCCG-1,0,24,90,806,1380
CAGTAGCCCACGCGGT-1,0,25,91,828,1393
AGCGCGGGTGCCAATG-1,0,24,92,806,1405
TAATCGATCCGTACGT-1,0,25,93,827,1418
AGTGGCGGCAATTTGA-1,0,24,94,806,1430
CCTTTCAATGAAGAAA-1,0,25,95,827,1443
CTCAGTCACGACAAAT-1,0,24,96,806,1455
ATAGGCTAGCTTCGCA-1,0,25,97,827,1467
CGGTTCAAGTAGGTGT-1,0,24,98,805,1480
CAGTCGAGGATGCAAT-1,0,25,99,827,1492
TATCACCCAACCGACC-1,0,24,100,805,1504
AATGATGCGACTCCTG-1,0,25,101,827,1517
TGGAACCACTGACACA-1,0,24,102,805,1529
GCCAATAGGGCATCTC-1,0,25,103,826,1542
TTCTTTGGTCGCGACG-1,0,24,104,805,1554
ATTAGATTCCTCAGCA-1,0,25,105,826,1566
CCGTGGAACGATCCAA-1,0,24,106,805,1579
GGGTCGTGGCAAGTGT-1,0,25,107,826,1591
TCGCTCGGCACCAGCG-1,0,24,108,804,1603
ACGCAATCACTACAGC-1,0,25,109,826,1616
CTCTAATGCATTGATC-1,0,24,110,804,1628
GTCTCGACTAAGTTTG-1,0,25,111,826,1641
TGGTTTAAACGTGGGT-1,0,24,112,804,1653
CGCAGATCTTCACCCG-1,0,25,113,825,1665
TCCAGATGTACGCCAA-1,0,24,114,804,1678
CATTGCGGGTCAATTC-1,0,25,115,825,1690
GACGTTCGTAAATACA-1,0,24,116,804,1702
TACACCGTCGTTAGTC-1,0,25,117,825,1715
ACGGGCGTATGCGACA-1,0,24,118,803,1727
GAAGGCTACCATTGTT-1,0,25,119,825,1740
TAAATCTTTACACCTC-1,0,24,120,803,1752
AGTTTATGTAAAGACA-1,0,25,121,825,1764
AGGAGACATCCACAGT-1,0,24,122,803,1777
CAACCTGAACCTGCCA-1,0,25,123,824,1789
AGTCCCTCGCAGAAAG-1,0,24,124,803,1801
TGTATACGGATGATGA-1,0,25,125,824,1814
TTGTGGTATAGGTATG-1,0,24,126,803,1826
TCTGCACCATTAGTAA-1,0,25,127,824,1839
AAATGTATCTTATCCC-1,0,26,0,859,267
ACTCTAAACCTGGGAT-1,0,27,1,880,279
GCTGGCAGGTGCCGTG-1,0,26,2,858,291
CTCATTCGTGAACATC-1,0,27,3,880,304
TCGCCGGATGGGCAAG-1,0,26,4,858,316
GGACTAAGTCAGGAGT-1,0,27,5,880,329
TATCAAAGGTCTGTAA-1,0,26,6,858,341
TTCAGTTTGTGGCAGC-1,0,27,7,879,353
TGTTCATAAATGTGCT-1,0,26,8,858,366
CTTAGCCCGGATAGTG-1,0,27,9,879,378
GATGCGAATGGTATTA-1,0,26,10,858,390
TCTAACTGTATGTAAA-1,0,27,11,879,403
TTAAACCTGGTTCCTT-1,0,26,12,857,415
GCTAAGTAAAGGCGAT-1,0,27,13,879,428
AGTTACCGCACATGGT-1,0,26,14,857,440
GACTGCGGCACGTGTA-1,0,27,15,879,452
TGGTGATCGTATTTGT-1,0,26,16,857,465
TTATCGCCTGCGAAGC-1,0,27,17,878,477
TGGAATTAGACGCTTT-1,0,26,18,857,489
TCGTCACACTGTTAGC-1,0,27,19,878,502
TTATGTTTGCGATAGA-1,0,26,20,857,514
GGTGCTGATCACAAAG-1,0,27,21,878,527
CATAGCCGCCCGGGAT-1,0,26,22,856,539
GGTTAGTTACGGCGCC-1,0,27,23,878,552
ATTCCCACATAAACAA-1,0,26,24,856,564
ATTCAGTAGCAGGGTC-1,0,27,25,878,576
CAGTTCCGCGGGTCGA-1,0,26,26,856,588
AAGAGATGAATCGGTA-1,0,27,27,877,601
CGCAATTCTACAATAA-1,0,26,28,856,613
TAACGCTTTGAGAGCG-1,1,27,29,877,626
AGGCTATGGTTAGCTT-1,0,26,30,855,638
GAGGAATGGAGAGGTT-1,0,27,31,877,651
TCCTCTACGAGATGGC-1,0,26,32,855,663
TTGATTATGCAGATGA-1,1,27,33,877,675
TCAGTACTGACCCGCG-1,0,26,34,855,688
TTATGACAAACTGGAT-1,1,27,35,877,700
GTAAGTAGGGTATACC-1,1,26,36,855,712
CGCAAACACGAGTTAC-1,1,27,37,876,725
TGGCCGTATATTGACC-1,1,26,38,855,737
ACTGTAGCACTTTGGA-1,1,27,39,876,750
GCTCTATGTTACGTGC-1,1,26,40,854,762
TGCGCGATTAACGGAG-1,1,27,41,876,774
GAATCGACATGGTCAC-1,1,26,42,854,787
GACTAAGTAGGCTCAC-1,1,27,43,876,799
ATCTTGACCTGCAACG-1,1,26,44,854,811
ATGCACTACCGCATTG-1,1,27,45,875,824
CAGATACTAACATAGT-1,1,26,46,854,836
GATCGACACTATCTGA-1,1,27,47,875,849
ATAGAGTACTGGGACA-1,1,26,48,854,861
CCTACTGCTTACACTT-1,1,27,49,875,873
CCTGCTATTTGAGAAG-1,1,26,50,853,886
CGCGTTCATGAAATAC-1,1,27,51,875,898
CATTATGCTTGTTGTG-1,1,26,52,853,910
CCAGGGACGTGGCCTC-1,1,27,53,875,923
TATGGATGTGCTACGC-1,1,26,54,853,935
GTACTAAGATTTGGAG-1,1,27,55,874,948
AGACCCGCCCTCCTCG-1,1,26,56,853,960
CGCATTAGCTAATAGG-1,1,27,57,874,972
GCTCTCGGGTACCGAA-1,1,26,58,853,985
CACCGCCAGAAGGTTT-1,1,27,59,874,997
TCCCAAAGACGAAGGA-1,1,26,60,852,1009
ATGGATTGACCAAACG-1,1,27,61,874,1022
GTCATGGACATGACTA-1,1,26,62,852,1034
CTACTGCCACCTGACC-1,1,27,63,874,1047
TTATATTTGGCAATCC-1,1,26,64,852,1059
AGCACCAGTACTCACG-1,1,27,65,873,1071
CATGGTCTAGATACCG-1,1,26,66,852,1084
TCTACCGTCCACAAGC-1,1,27,67,873,1096
CTAGTTGGGCCCGGTA-1,1,26,68,852,1108
TCCCGCGTACTCCTGG-1,1,27,69,873,1121
CAGAGCATGAGCTTGC-1,1,26,70,851,1133
ACACGGGAACTTAGGG-1,1,27,71,873,1146
GGCTCTGCTCCAACGC-1,1,26,72,851,1158
AGAACGTGGTACATTC-1,1,27,73,873,1171
CAATAAACCTTGGCCC-1,0,26,74,851,1183
ACTTCGCCATACGCAC-1,0,27,75,872,1195
ATCTGGTTAAGACTGT-1,0,26,76,851,1208
TCGTAAGACGACATTG-1,0,27,77,872,1220
GTGTACCTTGGCTACG-1,0,26,78,851,1232
GCCCGTAATACCTTCT-1,0,27,79,872,1245
CGGTCAAGTGGGAACC-1,0,26,80,850,1257
TTGTAAGGCCAGTTGG-1,0,27,81,872,1270
GGAGCACCAAGAACTA-1,0,26,82,850,1282
TAATAGTGACGACCAG-1,0,27,83,872,1294
CTAAATCCTATTCCGG-1,0,26,84,850,1307
CGAGTTCTGTCCCACC-1,0,27,85,871,1319
AGGCAGATGCGTAAAC-1,0,26,86,850,1331
AAGGATGAGGGACCTC-1,0,27,87,871,1344
AGAGAACCGTCTAGGA-1,0,26,88,850,1356
GAGGGCGCAGCTCTGC-1,0,27,89,871,1369
AAGATTGGCGGAACGT-1,0,26,90,849,1381
CCAGTAGTCTGATCCA-1,0,27,91,871,1393
AAGGGACAGATTCTGT-1,0,26,92,849,1406
ATAGAGTTATCAACTT-1,0,27,93,871,1418
AAATTACCTATCGATG-1,0,26,94,849,1430
GATCCTAAATCGGGAC-1,0,27,95,870,1443
TTACAGACCTAAATGA-1,0,26,96,849,1455
CCTCACCTTAGCATCG-1,0,27,97,870,1468
CATGCGACCAGTTTAA-1,0,26,98,849,1480
AACATATCAACTGGTG-1,0,27,99,870,1492
CTATAAGAGCCAATCG-1,0,26,100,848,1505
AATATCGAGGGTTCTC-1,0,27,101,870,1517
GTACTCCTGGGTATGC-1,0,26,102,848,1529
ATAAGTAGGATTCAGA-1,0,27,103,870,1542
AGGTCGCGGAGTTACT-1,0,26,104,848,1554
CTAATTCTCAGATATT-1,0,27,105,869,1567
GCCAACCATTTCCGGA-1,0,26,106,848,1579
TGATCCCAGCATTAGT-1,0,27,107,869,1591
CGTTGTAAGATTGATT-1,0,26,108,847,1604
GAAACCATGGTGCGCT-1,0,27,109,869,1616
AATCTATGCCGGAGCC-1,0,26,110,847,1628
GACTCCCAGAATAAGG-1,0,27,111,869,1641
TATGATCCGGCACGCC-1,0,26,112,847,1653
CCGCTTGCTGACATGG-1,0,27,113,869,1666
TGGTTAAGGGCGCTGG-1,0,26,114,847,1678
TTGATAGTCAATACAT-1,0,27,115,868,1691
GGTTTAATTGAGCAGG-1,0,26,116,847,1703
CATTACATAGATTGTG-1,0,27,117,868,1715
GGTACACCAGATTTAT-1,0,26,118,846,1727
GGCCCGTATACCATGC-1,0,27,119,868,1740
ATCTTTCGTATAACCA-1,0,26,120,846,1752
GAGATGACAATCCTTA-1,0,27,121,868,1765
AAAGCTTGCCTACATA-1,0,26,122,846,1777
GAACGATAAGTTAAAG-1,0,27,123,867,1790
TAATAGCTAAATGATG-1,0,26,124,846,1802
TATGGCTAGGCTAATT-1,0,27,125,867,1814
AGGAGAGTCTGGCTAC-1,0,26,126,846,1827
TGCTCTGCCGGTTCAC-1,0,27,127,867,1839
CCAATAGATTTCATCT-1,0,28,0,902,267
GGGCACGAATTGGCCG-1,0,29,1,923,280
TCGTTGACAGGGTCCC-1,0,28,2,901,292
ATCGTATTCCGAGAAC-1,0,29,3,923,304
GGGAATTCTGTCCAGT-1,0,28,4,901,316
ACGCGTTTCTTAAGAG-1,0,29,5,923,329
GAGAGCGCAGTCCCTG-1,0,28,6,901,341
GTCCTATTGTTGTGGT-1,0,29,7,922,354
CATCTGCAGGATCATT-1,0,28,8,901,366
GAGTCGACAGACCCTC-1,0,29,9,922,379
AAGTGCAAAGGTAGAC-1,0,28,10,901,391
AGGGTGGATAGTGCAT-1,0,29,11,922,403
TGATAGCGGGATTCTA-1,0,28,12,900,416
GTCAGTTTGGTAGTCG-1,0,29,13,922,428
GCATTCGAAATGAACA-1,0,28,14,900,440
AAAGACTGGGCGCTTT-1,0,29,15,922,453
TAACAATATTTGTTGC-1,0,28,16,900,465
CCAGCTTCCGCCCGCA-1,0,29,17,921,478
GATATGGATTACGCGG-1,0,28,18,900,490
AGAGCAGTTATGAGAC-1,0,29,19,921,502
TCACATCTTATCTGAT-1,0,28,20,900,515
TATGAAGACAGGTGCG-1,0,29,21,921,527
TACCTGCTGCACTGTG-1,0,28,22,899,539
TAGGTCCAAGTAAGGA-1,0,29,23,921,552
GAAACTCGTGCGATGC-1,0,28,24,899,564
AACAATTACTCTACGC-1,0,29,25,921,577
CCGCACGTGACCTCGG-1,1,28,26,899,589
AACTTGCCCGTATGCA-1,0,29,27,920,601
GGGTATGTATGCACTT-1,0,28,28,899,614
TTCGTACTCCAGAACG-1,0,29,29,920,626
GAATTTCTCGCTGCAG-1,0,28,30,899,638
AACAGGATGGGCCGCG-1,0,29,31,920,651
GACGTGTAGGGATTAT-1,1,28,32,898,663
TAGGTGAGCCCTACTC-1,1,29,33,920,676
CTAATTCGCACGCGCT-1,1,28,34,898,688
GAAGCTTGCTGACCGC-1,1,29,35,920,700
GGTTAGGCTTGGAGAA-1,1,28,36,898,713
ACAAGGACAAGAGGTT-1,1,29,37,919,725
AGGCCACCCGTTATGA-1,1,28,38,898,737
GTGGGCTTAGACACAC-1,1,29,39,919,750
CGTGTCCCATTCGCGA-1,1,28,40,898,762
TGGAGTGATGCGATGA-1,1,29,41,919,775
AACAACTGGTAGTTGC-1,1,28,42,897,787
CCTGGCTAGACCCGCC-1,1,29,43,919,799
CGCAATTAGGGTAATA-1,1,28,44,897,812
TCGAAATTTAGGACCA-1,1,29,45,919,824
AGACTAGCCTTCCAGA-1,1,28,46,897,836
TTGATCTAACTTTGTC-1,1,29,47,918,849
AAGGAGCGGTTGGTGC-1,1,28,48,897,861
ACTTGGGACCCGGTGG-1,1,29,49,918,874
TGATCTCCGGCGCCAG-1,1,28,50,897,886
CAGTTCAAATTGACAC-1,1,29,51,918,899
GTCCGGCTGAATTGCG-1,1,28,52,896,911
CTGGAAATGGATGCTT-1,1,29,53,918,923
TGATCGGTTTGACCCT-1,1,28,54,896,935
TAGAGTCTAAGCGAAC-1,1,29,55,918,948
GAGACTGATGGGTAGA-1,1,28,56,896,960
TAGCTAAGTCCGGGAG-1,1,29,57,917,973
GGGCGATATGTGTGAA-1,1,28,58,896,985
CTCGAGGTCGAACAGT-1,1,29,59,917,998
GATCCCTTTATACTGC-1,1,28,60,895,1010
GTCATGCACCTCCGTT-1,1,29,61,917,1022
ACTTTCCTATAGCTTC-1,1,28,62,895,1035
TCGCTCGATATATTCC-1,1,29,63,917,1047
ATAGGTTGGGCAGATG-1,1,28,64,895,1059
CAATTAAGGGTGATGA-1,1,29,65,917,1072
ACCGACTGAGTCCCAC-1,1,28,66,895,1084
CCTGTCACCCGGGCTC-1,1,29,67,916,1097
GATCGGTGGCCATAAC-1,1,28,68,895,1109
CCTATGGGTTACCGTC-1,1,29,69,916,1121
TTGGGACACTGCCCGC-1,1,28,70,894,1134
CGAGGCTAAATATGGC-1,1,29,71,916,1146
TCAGGGTGTAACGTAA-1,1,28,72,894,1158
CGAGAGATGTGAACCT-1,1,29,73,916,1171
TCGCTGGGCGGATTGT-1,1,28,74,894,1183
AGATCTCAGGTGTGAT-1,1,29,75,915,1196
TGGCCAAACTGAAGTA-1,0,28,76,894,1208
GCTTCCGTCCCTAGAC-1,1,29,77,915,1220
CAGCAGCCCGTTCCTT-1,0,28,78,894,1233
TGTATAACAGATCCTG-1,0,29,79,915,1245
CGCGGGAATTAGGCAG-1,0,28,80,893,1257
TGCATGTGGTAATCTA-1,0,29,81,915,1270
ACAATTTGAGCAGTGG-1,0,28,82,893,1282
GAGCTAAGGGCATATC-1,0,29,83,915,1295
CCAGATAGTTGAGTGA-1,0,28,84,893,1307
CCACAATGTACGTCTT-1,0,29,85,914,1319
CAATGGATCTCTACCA-1,0,28,86,893,1332
TGTGGCAAAGCGTATG-1,0,29,87,914,1344
TAAAGCGTTAGGAGAA-1,0,28,88,893,1356
TCCGTTTAGCCTTGAA-1,0,29,89,914,1369
CAGCTCGACAAGTTAA-1,0,28,90,892,1381
GCCTATAGTGTCAGGG-1,0,29,91,914,1394
ATAGACAACGGGACCT-1,0,28,92,892,1406
CTACTATCTTTCAGAG-1,0,29,93,914,1419
GCGCTGCTTTGCATTT-1,0,28,94,892,1431
GCGCATCCAGTCAGCA-1,0,29,95,913,1443
GACTCGCGGGAATGAC-1,0,28,96,892,1455
CTGGTAACGAGCTCTT-1,0,29,97,913,1468
TCCGGCCTAGCGTACA-1,0,28,98,892,1480
TCTAGGTGGCGACGCT-1,0,29,99,913,1493
ACGCTAGTGATACACT-1,0,28,100,891,1505
ATCTGCACCTCTGCGA-1,0,29,101,913,1518
CCTCACCTGAGGGAGC-1,0,28,102,891,1530
AGTGAGCCTCGCCGCC-1,0,29,103,913,1542
ACGAGTACGGATGCCC-1,0,28,104,891,1555
GGTACCATTAAGACGG-1,0,29,105,912,1567
TTCTGCTAGACTCCAA-1,0,28,106,891,1579
TAACTATTACGCCAAA-1,0,29,107,912,1592
GCATTCAAGGCAACGC-1,0,28,108,891,1604
AGTACATCATTTATCA-1,0,29,109,912,1617
GTCGTGTCTGGTCATC-1,0,28,110,890,1629
AGTCTAAAGTATACTC-1,0,29,111,912,1641
CGGCCCAACCTGTAGT-1,0,28,112,890,1654
AGGGAGACATACTTCG-1,0,29,113,912,1666
TCCCTAGATCAATAGG-1,0,28,114,890,1678
TCCCGTCGCGTCATAG-1,0,29,115,911,1691
CGCATCCATCAGCCAG-1,0,28,116,890,1703
CTGCACCTAGTCCACA-1,0,29,117,911,1716
CGAGGATCGGGAACGA-1,0,28,118,890,1728
CAATGAGGTTCGACTA-1,0,29,119,911,1740
TCTGACGGGCTAACCC-1,0,28,120,889,1753
TTCTATGCCTTTCGCA-1,0,29,121,911,1765
AGAGTATAGTGTTACG-1,0,28,122,889,1777
CCATTGTTTCCTCCAT-1,0,29,123,911,1790
CTCATCACTTAGTGAT-1,0,28,124,889,1802
CCGAAGGGCGTACCGC-1,0,29,125,910,1815
TCAAGCTGCCTTGAAA-1,0,28,126,889,1827
CTCATTAACGTTGCCC-1,0,29,127,910,1839
GTCTTCCTCACCTAAG-1,0,30,0,945,267
GGTGATGAAGGAAGTG-1,0,31,1,966,280
TCAATACAATTGCTGC-1,0,30,2,945,292
GCAACCCAAGTTGTTT-1,0,31,3,966,305
ATGAAGTGGACCCAGC-1,0,30,4,944,317
GAGAATCTCACGATCA-1,0,31,5,966,329
TATATCATTGATCAGT-1,0,30,6,944,342
AACTTTACGGGAGCTT-1,0,31,7,966,354
TTCTTGTGTCCATCAG-1,0,30,8,944,366
ACAATTTAGGAGGCTC-1,0,31,9,965,379
ATACTTGTTCTCGAGC-1,0,30,10,944,391
CACGGGATTGAGGGTT-1,0,31,11,965,404
GTTAATGTCTATCTTA-1,0,30,12,944,416
GCGTTATATTTGGAAC-1,0,31,13,965,428
CGTCAAGGCTATAAAT-1,0,30,14,943,441
TTAGCTCTGTAATCCG-1,0,31,15,965,453
AATGGTCCACCGTTCA-1,0,30,16,943,465
GTCATTGCATTGACCC-1,0,31,17,965,478
TGTCCGTGGCGCCTTT-1,1,30,18,943,490
TCAACTAACGTATAAC-1,0,31,19,964,503
TCCTCTCCAGTTGTCC-1,0,30,20,943,515
TGTGTTCGTATCCAAG-1,0,31,21,964,527
CCGCGTAGGTAAGGGC-1,0,30,22,942,540
CTGCGGGTGAAATGTT-1,0,31,23,964,552
TATCTACAGAGGTAAT-1,0,30,24,942,564
CTACTCTAGGCCCGGC-1,0,31,25,964,577
ACAAGCAGTGCCTAGC-1,0,30,26,942,589
TACAAGTCTCGTGCAT-1,0,31,27,964,602
TCGGAATGCGCTCTGA-1,0,30,28,942,614
TCGCGTCCAGAAGGTC-1,0,31,29,963,627
TATGGCCCGGCCTCGC-1,0,30,30,942,639
GCTGGCATATTCACCT-1,0,31,31,963,651
GTCAGAATAGTCTATG-1,1,30,32,941,663
GGCGTCCTATCCGCTG-1,0,31,33,963,676
CGGAGTTTGAGAGACA-1,1,30,34,941,688
AGCACTTAAGGACGCC-1,1,31,35,963,701
TCCACAATGGTTTACG-1,1,30,36,941,713
CCAACGATGCACTGAT-1,1,31,37,962,726
ATTTACAGTTTACTGG-1,1,30,38,941,738
CCCTGAAATGAGTTGA-1,1,31,39,962,750
CAAACGGTCGCACTTT-1,1,30,40,941,763
TGATTCGTCTATCACT-1,1,31,41,962,775
TCAGGTTCTTTGAGAA-1,1,30,42,940,787
CACGCAGCGAGGCTTT-1,1,31,43,962,800
TTAAGCGCCTGACCCA-1,1,30,44,940,812
CTTACACGGTATTCCA-1,1,31,45,962,825
AAGGCTGTGCTCATCG-1,1,30,46,940,837
GACCAGAGCCCTGTAG-1,1,31,47,961,849
TCCCAGGCTTAGCTAA-1,1,30,48,940,862
ATTGAAGATCTTAGTG-1,1,31,49,961,874
AGTTCCTACAGAATTA-1,1,30,50,940,886
GGGCTGGTTAGTCGCG-1,1,31,51,961,899
GAAATGGCGGTGTTAG-1,1,30,52,939,911
TACGAACACGACTTCA-1,1,31,53,961,924
ACCACAAGTTTCTATC-1,1,30,54,939,936
ATATTTAACCCTCAAG-1,1,31,55,961,948
GATCATTCCAAACATT-1,1,30,56,939,961
TCCAGGCGAGTACGGT-1,1,31,57,960,973
GTTTGACCAAATCCTA-1,1,30,58,939,985
CACAGCACCCACGGCA-1,1,31,59,960,998
TGCAAGAATGACGTAA-1,1,30,60,939,1010
GCGAAGCCATACCCGT-1,1,31,61,960,1023
TCCTTTCTTACGCTTA-1,1,30,62,938,1035
GCTGCTCTCCGGACAC-1,1,31,63,960,1047
ACTGTCTTCTTTAGAA-1,1,30,64,938,1060
TCAAACTTAGATTGTT-1,1,31,65,960,1072
CTATGTCACTAGCCCA-1,1,30,66,938,1084
TGCGCAAAGCATTTGG-1,1,31,67,959,1097
TTAATGTAGACCAGGT-1,1,30,68,938,1109
GGCGGTAGGATCATTG-1,1,31,69,959,1122
GGCAATAGTCAATGAG-1,1,30,70,938,1134
ACACGAGACTCCTTCT-1,1,31,71,959,1146
GACACAAGGGAAGAAA-1,1,30,72,937,1159
TCAGCAAATGCATCTC-1,1,31,73,959,1171
GAGATCTGTCACTCCG-1,1,30,74,937,1183
ATGCCGGTCTTGCATA-1,1,31,75,959,1196
TTGGGCGGCGGTTGCC-1,1,30,76,937,1208
TTGTTGTGTGTCAAGA-1,1,31,77,958,1221
ACTGTACGATACACAT-1,0,30,78,937,1233
TCCACTTTATCTAGGT-1,0,31,79,958,1246
GGTCTGAGAATCTGGA-1,0,30,80,937,1258
TAGAAAGGTGGCGCTA-1,0,31,81,958,1270
TATGTCTCATTGTGCC-1,0,30,82,936,1282
GGATTTCACTTCTATA-1,0,31,83,958,1295
TGAGTGGTCCGTGACG-1,0,30,84,936,1307
CGCTTTCTTGCATTCG-1,0,31,85,958,1320
ACCCAACGCCCGTGGC-1,0,30,86,936,1332
GAACGTCTCATGGTCG-1,0,31,87,957,1345
AGGGTTCCCTTTGGTT-1,0,30,88,936,1357
GTAGCTTCCTCTTGTT-1,0,31,89,957,1369
GCATGAGGGACGCGGC-1,0,30,90,935,1382
CTACCCTAAGGTCATA-1,0,31,91,957,1394
TCACCGCTCGGCACTC-1,0,30,92,935,1406
GGCTCGCGTTGAGGTA-1,0,31,93,957,1419
CTAACGAAACTTGCTG-1,0,30,94,935,1431
TTAAACTCGAATTCAT-1,0,31,95,957,1444
TACTTTACTGAGCCGG-1,0,30,96,935,1456
GCTTGGATCGATTAGG-1,0,31,97,956,1468
CGGTTATCCAACAGTG-1,0,30,98,935,1481
CAGACCTGTAAGTGTT-1,0,31,99,956,1493
GACGGTCAATAGAAGC-1,0,30,100,934,1505
CTGACTGCGCAGCTCG-1,0,31,101,956,1518
CCATACCTTTACTTGT-1,0,30,102,934,1530
GTAATAAAGGGCTCCC-1,0,31,103,956,1543
GTGAACTCCCATTCGA-1,0,30,104,934,1555
GTGGTTACTTCTTTCG-1,0,31,105,955,1567
TCAGAACCTCCACAGG-1,0,30,106,934,1580
TCCCACTCTCTTCCGG-1,0,31,107,955,1592
ATCTTGACTTGTCCAA-1,0,30,108,934,1604
TCGGGAACGTGCCTAG-1,0,31,109,955,1617
GTTAGCCGTAAATCAA-1,0,30,110,933,1629
ATTTACTAAGTCCATT-1,0,31,111,955,1642
GGGTGCATATGAAAGC-1,0,30,112,933,1654
TCCGAATGGTCCTGAG-1,0,31,113,955,1666
TGATGGCTGTTTCTGA-1,0,30,114,933,1679
AAATAAGGTAGTGCCC-1,0,31,115,954,1691
CCACTATCCGGGTCAC-1,0,30,116,933,1703
ACACCACATAATTAGC-1,0,31,117,954,1716
CGCGGTAAGTCTAGCT-1,0,30,118,933,1728
GCGGGCATTACGATGC-1,0,31,119,954,1741
AGGATTGCTTACGACA-1,0,30,120,932,1753
CTCGGGATAACACCTA-1,0,31,121,954,1766
GTCGTCTGGTTGGCTA-1,0,30,122,932,1778
GCAATTAGTCGCACCG-1,0,31,123,954,1790
GTGACCTAAAGAATAA-1,0,30,124,932,1802
CTGAGCGAGACTTATT-1,0,31,125,953,1815
CAAGACTCAGAAGCGC-1,0,30,126,932,1827
ACTTCGCTAGCGAGTG-1,0,31,127,953,1840
CCATACTCGCCTCTCC-1,0,32,0,988,268
ACGATACCTATCCTGA-1,0,33,1,1009,280
CTCACCAGTACAAGTG-1,0,32,2,988,292
CGAAGACGGTGAGTGC-1,0,33,3,1009,305
AAATTAATAAGCGCGA-1,0,32,4,987,317
GGGCCCTTATCTATAC-1,0,33,5,1009,330
CTGCCCACGAAGCGTT-1,0,32,6,987,342
GGACAAGTTGCAGTGA-1,0,33,7,1009,355
GTCCGAGAGCAATCAT-1,0,32,8,987,367
ATGGCAGCCGAGAAAC-1,0,33,9,1008,379
CCTCGGATGCTACCTG-1,0,32,10,987,391
ATACGGTGAAGATGCA-1,0,33,11,1008,404
ACATCAGCTGGGACGC-1,0,32,12,987,416
GGTTGTGTAGCCTGGC-1,0,33,13,1008,429
CCTGCGTTCTACGCTT-1,0,32,14,986,441
GAACGTTAGGAAGACG-1,0,33,15,1008,454
CTGATAGTGTATCTCA-1,0,32,16,986,466
TTCTGCGAGCGCCCTT-1,0,33,17,1008,478
CTTTGGCGCTTTATAC-1,0,32,18,986,491
TCCGAACTTGGCTTAC-1,0,33,19,1007,503
TAGATTCCTGGTTATT-1,0,32,20,986,515
CCGACAAAGGGAGTGC-1,0,33,21,1007,528
CCATGGCCCTTGTACC-1,0,32,22,986,540
GAAATATCACCATCAG-1,0,33,23,1007,553
ACGAAATGGGCGGCAC-1,0,32,24,985,565
GTGAGCGTGCTGCACT-1,0,33,25,1007,577
CCGCGGGTACGAAGAA-1,0,32,26,985,590
TCCCTGGCTCGCTGGA-1,0,33,27,1007,602
CAGCTTAGTAGGTAGC-1,0,32,28,985,614
CACGAAAGTTAGTCCC-1,0,33,29,1006,627
ACCTAATCGACTTCCT-1,0,32,30,985,639
AAGTAGTGACGCGAGG-1,0,33,31,1006,652
TCCGATTACATTGCCG-1,0,32,32,985,664
CCTCCGACAATTCAAG-1,0,33,33,1006,676
GTTCACAGGAGTCTAG-1,1,32,34,984,689
CGAAGTTGCTCTGTGT-1,1,33,35,1006,701
GTCGGATATCTCAGAC-1,1,32,36,984,713
CGCTCTCCGTAGATTA-1,1,33,37,1006,726
CAAGCAACGTCGGAGT-1,1,32,38,984,738
CCATTCCCTGCCCACA-1,1,33,39,1005,751
CTTTGGCTTTAGTAAA-1,1,32,40,984,763
GGCTATTAAGTTGTAT-1,1,33,41,1005,775
CCATTAGCGATAATCC-1,1,32,42,984,788
TGTTCTTCCATTGACT-1,1,33,43,1005,800
AGATAACTTCAGGGCC-1,1,32,44,983,812
ATAGACGAAGAGAAAG-1,1,33,45,1005,825
GGCGGAGTAATATTAG-1,1,32,46,983,837
TGACCCACGTTAGACA-1,1,33,47,1005,850
TCACAGGTTATTGGGC-1,1,32,48,983,862
TCACGCATTGTAGATC-1,1,33,49,1004,874
TTGAAGAATTCCCAGG-1,1,32,50,983,887
AAATGGTCAATGTGCC-1,1,33,51,1004,899
TAGTGCCCTCCAGAGT-1,1,32,52,982,911
GGTATTGCCGAGTTTA-1,1,33,53,1004,924
CGTATTAAGAGATCTA-1,1,32,54,982,936
ACTGTCCAGGATTATA-1,1,33,55,1004,949
CGGGCAGCTAAACCGC-1,1,32,56,982,961
TTGCTGATCATGTTCG-1,1,33,57,1004,974
TATGGGTACGTATCGT-1,1,32,58,982,986
CAGCTCACTGAGACAT-1,1,33,59,1003,998
GGGACTGCATAGATAG-1,1,32,60,982,1010
ACGCATTCGTGAGTAC-1,1,33,61,1003,1023
CTCTGGACGCCTGGTG-1,1,32,62,981,1035
AGGGTTTAGTTCGGGA-1,1,33,63,1003,1048
GGGAGAACTCACAGTA-1,1,32,64,981,1060
ATCAATCTGGGCTGCA-1,1,33,65,1003,1073
TCTTCGATACCAATAA-1,1,32,66,981,1085
ACGTAGATTGCTGATG-1,1,33,67,1002,1097
TCTTGATGCGTAGCGA-1,1,32,68,981,1110
GGGCTGCCTAGGGCGA-1,1,33,69,1002,1122
CTCTCACAATCGATGA-1,1,32,70,981,1134
CCAAGCGTAACTCGTA-1,1,33,71,1002,1147
ACAACAGCATGAGCTA-1,1,32,72,980,1159
GTCCCAACGTAAAGTA-1,1,33,73,1002,1172
TCGGAGTACATGAGTA-1,1,32,74,980,1184
GGGAGTTAATGAGGCG-1,1,33,75,1002,1196
CCGGGCGGTCTCGTCA-1,1,32,76,980,1209
CCGTAAGTTGGTCCCA-1,1,33,77,1001,1221
GGAGGGCTTGGTTGGC-1,1,32,78,980,1233
TCGGACGCCCAGCCCA-1,1,33,79,1001,1246
TCTGTGCCATCATAGT-1,0,32,80,980,1258
GTACTGGAGTTAGACC-1,0,33,81,1001,1271
GGAATGCGCTAGCGTG-1,0,32,82,979,1283
GTGTGAATAACTTAGG-1,0,33,83,1001,1295
GGTCGGCCAGGAGCTT-1,0,32,84,979,1308
TAGCCGGCGGTCAGCG-1,0,33,85,1001,1320
CGGGTGTACCCATTTA-1,0,32,86,979,1332
AGTGATTCAAGCAGGA-1,0,33,87,1000,1345
GTTGGATTGAGAACAC-1,0,32,88,979,1357
CACACGCGCTGTCTTA-1,0,33,89,1000,1370
TAGACGCCCGTACCGG-1,0,32,90,979,1382
GGTTTCAATCGGTCAG-1,0,33,91,1000,1394
AATCTGCGTTGGGACG-1,0,32,92,978,1407
TTACGGATGGTTCGAG-1,0,33,93,1000,1419
CGGCAGGGTCGGGTTG-1,0,32,94,978,1431
GCTTTCAGAGGAGGTG-1,0,33,95,1000,1444
TCTTCCCATGGGCACA-1,0,32,96,978,1456
TACCGCGGACTTGCAG-1,0,33,97,999,1469
AGAATTATGGATTCGA-1,0,32,98,978,1481
ATTGATGAGTCCTAAC-1,0,33,99,999,1493
TAGGTCGCCGGAACTG-1,0,32,100,978,1506
TAACCTACCGTCCGAG-1,0,33,101,999,1518
CTTAGTAGGCCTACAG-1,0,32,102,977,1530
CTAGATGTGAGTGTAA-1,0,33,103,999,1543
ACTCCCGAATTCGTTT-1,0,32,104,977,1555
GTTCATCGTTTGGCTG-1,0,33,105,999,1568
ACTTTACCCTCATGAA-1,0,32,106,977,1580
GCGAGAGTTGCGTCCA-1,0,33,107,998,1593
GTTCGGGCGTACCATT-1,0,32,108,977,1605
CGACTTTGTATAGCCT-1,0,33,109,998,1617
GCCATCGATGCTGCAT-1,0,32,110,977,1630
GCATTTCCAAGGCTCC-1,0,33,111,998,1642
ATGTAAGGCTGCTCTT-1,0,32,112,976,1654
ACGTTCGCAATCAATT-1,0,33,113,998,1667
GTGACGAGGGTGACCC-1,0,32,114,976,1679
ATTATAGCTACTTTAC-1,0,33,115,998,1692
CGTGTGTTAAACCCTG-1,0,32,116,976,1704
TTGGTATGGCTTGTGT-1,0,33,117,997,1716
CATTCCCATTCCGTCG-1,0,32,118,976,1729
TGCCGAAAGCGTATTC-1,0,33,119,997,1741
CAACACATCTCCTGCC-1,0,32,120,975,1753
CTGCCTCATATGCAAC-1,0,33,121,997,1766
TCCCGCCTATGTGCGT-1,0,32,122,975,1778
GGTTACCCGACACTTT-1,0,33,123,997,1791
CCAGCGGGATCACCAG-1,0,32,124,975,1803
ATGTTTCGGCCCGGAG-1,0,33,125,997,1815
GCGTCTAACCTCCTAA-1,0,32,126,975,1828
ATCAGGTAGCTGACAG-1,0,33,127,996,1840
GGTATGAAAGAACTGA-1,0,34,0,1031,268
GTGGCCTAATATCATT-1,0,35,1,1052,281
CCTGTGAAACCGTAAC-1,0,34,2,1031,293
GGCAGAGAGATCGGGA-1,0,35,3,1052,305
TAGCGTCGAATATTGA-1,0,34,4,1030,318
CGCCGACTATTCGCTA-1,0,35,5,1052,330
TCTGGCGCAAGCCGGG-1,0,34,6,1030,342
AGTGGTTGCGTATAGG-1,0,35,7,1052,355
ATCGGTTACCTAGTAA-1,0,34,8,1030,367
CCTGCCCGTTGTCTAG-1,0,35,9,1052,380
GCACACGCCCATGGTC-1,0,34,10,1030,392
AGTACGGCCCGTATCG-1,0,35,11,1051,404
TATCTAGCCTAAAGGA-1,0,34,12,1030,417
CACTCGGTTAGGAGGA-1,0,35,13,1051,429
ATGTTCGTCGACCCAC-1,0,34,14,1029,441
TTCCTCTGCCCGAATA-1,0,35,15,1051,454
TTACTATCGGCTTCTC-1,0,34,16,1029,466
GCCGCATTAGTCCGGC-1,0,35,17,1051,479
TAAGGGCTGGGAGAGG-1,0,34,18,1029,491
TAAGCAGGCGACACGC-1,0,35,19,1050,503
AGCACTACCGGCCTGT-1,0,34,20,1029,516
GAAAGCCCTTTGGACC-1,0,35,21,1050,528
GACCGACTGAAGCGTC-1,0,34,22,1029,540
CGGTGAAGACTAAAGT-1,0,35,23,1050,553
CCCTGCGCTACGCATA-1,0,34,24,1028,565
TACTGGACAGCTCGGC-1,0,35,25,1050,578
TTAGTAGGGCGGCGGG-1,0,34,26,1028,590
GAGGCTATCAAAGTCG-1,0,35,27,1050,602
TTACCATTGATTACCC-1,0,34,28,1028,615
ATACCACGGGCAACTT-1,0,35,29,1049,627
TGTCCTAAGTCACCGC-1,0,34,30,1028,639
AGGTAGGTACAAAGCT-1,0,35,31,1049,652
GGCATACAGGTAGCGG-1,0,34,32,1028,664
TGTAGTGATCTATAAT-1,0,35,33,1049,677
TCCCGGGTGTGCTGCT-1,0,34,34,1027,689
TACGATGTTGATCATC-1,0,35,35,1049,702
CCTCTCTCCCATCTAG-1,1,34,36,1027,714
GCAGGACTATAGAATA-1,0,35,37,1049,726
CTAGTGAAGGACAGGA-1,1,34,38,1027,738
TACGAGAACTTCACGT-1,1,35,39,1048,751
CGTTGTTTCAATTCCC-1,1,34,40,1027,763
GCAAATATTACGCTTT-1,1,35,41,1048,776
CCAATAGTGCCGTCGA-1,1,34,42,1027,788
ATTGCTGCTCCTCCAT-1,1,35,43,1048,801
GAGATCTGCTTGGCAT-1,1,34,44,1026,813
GCCGAAATTCCTACGT-1,1,35,45,1048,825
GGCACTCCACTGGGCA-1,1,34,46,1026,838
GGGTCACCGTGACGGT-1,1,35,47,1048,850
CACTTAATCAGACGGA-1,1,34,48,1026,862
CGTTTCGCTCATTACA-1,1,35,49,1047,875
ATAAAGGCTCGGTCGT-1,1,34,50,1026,887
CACTAAAGTTGCCTAT-1,1,35,51,1047,900
GTGCTCAAGTACTGTC-1,1,34,52,1026,912
CCATGCCTGTTTAGTA-1,1,35,53,1047,924
TCTAGTTATCAGAAGA-1,1,34,54,1025,937
TTGTAATCCGTACTCG-1,1,35,55,1047,949
TCCCAGCTTTAGTCTG-1,1,34,56,1025,961
CTACGCACGGAGTACC-1,1,35,57,1047,974
AAATTAACGGGTAGCT-1,1,34,58,1025,986
CGGCCACGCACAAAGT-1,1,35,59,1046,999
GAAGCGTGAGGAATTT-1,1,34,60,1025,1011
ATATCTTAGGGCCTTC-1,1,35,61,1046,1023
ACGCGGGCCAAGGACA-1,1,34,62,1025,1036
GCGAGTTCTGCAAAGA-1,1,35,63,1046,1048
TATTCGTGCCAGAATA-1,0,34,64,1024,1060
AGGGCTGCAGTTACAG-1,1,35,65,1046,1073
CTAGCATAGTATAATG-1,1,34,66,1024,1085
TAGGTTCGAGTTCGTC-1,1,35,67,1046,1098
GAATTATAGTGAAAGG-1,1,34,68,1024,1110
CTATCGGGTCTCAACA-1,1,35,69,1045,1122
GCGCTAATTGAATAGA-1,1,34,70,1024,1135
ATGCGACAGTCCCATT-1,1,35,71,1045,1147
GGTAGTGCTCGCACCA-1,1,34,72,1024,1159
AAGCTCGTGCCAAGTC-1,1,35,73,1045,1172
TATTCAATTCTAATCC-1,1,34,74,1023,1184
TTCAAAGTCTCTAGCC-1,1,35,75,1045,1197
TTGAATATGGACTTTC-1,1,34,76,1023,1209
AAGAGCTCTTTATCGG-1,1,35,77,1045,1221
TTACTCCGGCCGGGAA-1,1,34,78,1023,1234
AAACGAGACGGTTGAT-1,1,35,79,1044,1246
GCTAAGTAGTTTCTCT-1,1,34,80,1023,1258
ATAACGCCGGAGGGTC-1,1,35,81,1044,1271
GGATCCGGAATATACT-1,0,34,82,1022,1283
TGAAAGGACCTGACTC-1,0,35,83,1044,1296
TCCGCGGCAGCATCTG-1,0,34,84,1022,1308
TGCATATGTCTGTCAC-1,0,35,85,1044,1321
TGTAGGAGAAATTTCC-1,0,34,86,1022,1333
AGTGAGACTTCCAGTA-1,0,35,87,1044,1345
CCCAAACATGCTGCTC-1,0,34,88,1022,1357
GCTTATGAAGCAGGAA-1,0,35,89,1043,1370
TTCTAACCGAAGCTTA-1,0,34,90,1022,1382
GGATGTCCTTACCGCA-1,0,35,91,1043,1395
AGGGTGCTCTCGAGGG-1,0,34,92,1021,1407
AACTCTCAATAGAGCG-1,0,35,93,1043,1420
TCTGAATTCCGTACAA-1,0,34,94,1021,1432
GCGTGGTACTGGGTTA-1,0,35,95,1043,1444
CGTCGGATAGTGTTGA-1,0,34,96,1021,1457
ATATGTCTCCCTAGCC-1,0,35,97,1042,1469
TCTTTAAGACTATGAA-1,0,34,98,1021,1481
TCATTTAAGTCTCCGA-1,0,35,99,1042,1494
GATATTGAGATTGGCG-1,0,34,100,1021,1506
TGACATCGAGCGGACC-1,0,35,101,1042,1519
GCGTAAATGGCCATAA-1,0,34,102,1020,1531
ATTGTACAACTCGGCT-1,0,35,103,1042,1543
TACGCTATAGAAACCT-1,0,34,104,1020,1556
CACCCAAATCTTATGT-1,0,35,105,1042,1568
AGATGATGGAGTCTGG-1,0,34,106,1020,1580
CCACGGTGCCCGGTAG-1,0,35,107,1041,1593
TCAAGAAATACTAGCT-1,0,34,108,1020,1605
AGGTATAATTGATAGT-1,0,35,109,1041,1618
CAAGGTCCTATAGGCT-1,0,34,110,1020,1630
CCGGCACGACCGTTTC-1,0,35,111,1041,1642
ACCTCCGTTATTCACC-1,0,34,112,1019,1655
GCAGCCTATATCACAT-1,0,35,113,1041,1667
GGTATAGTGACACATA-1,0,34,114,1019,1679
AAATTCCAGGTCCAAA-1,0,35,115,1041,1692
TCTTTAGCAGGCGAAC-1,0,34,116,1019,1704
TATTGACATTTCTGCC-1,0,35,117,1040,1717
TCTGATCGGGTGCTAG-1,0,34,118,1019,1729
GGCCCGGAGCATGTCT-1,0,35,119,1040,1741
GGGCGCAGCGTTACTC-1,0,34,120,1019,1754
TTGGCGATCCGAATAT-1,0,35,121,1040,1766
CCACGTAAATTAGACT-1,0,34,122,1018,1778
TCTGATTGGAAATGGA-1,0,35,123,1040,1791
ATGGCGGAATAGTCGC-1,0,34,124,1018,1803
ATCGCTTTACGTCTCA-1,0,35,125,1040,1816
TACGTGCAAGGTTCCT-1,0,34,126,1018,1828
CAGGACAGCTGCCCTT-1,0,35,127,1039,1840
CAAACCAGGTCTGCAT-1,0,36,0,1074,268
ACAAGCTATATGGAAG-1,0,37,1,1095,281
TCGCCCACTGCGAGAG-1,0,36,2,1074,293
AGCCGCAAATTCAAAT-1,0,37,3,1095,306
TTAACGTTAAAGCCTG-1,0,36,4,1074,318
CAGCGCCAACACGATA-1,0,37,5,1095,330
ATCCAATGGTACCGAA-1,0,36,6,1073,343
GTGCTGCAGATAAGGA-1,0,37,7,1095,355
GGCCTTTGCAACTGGC-1,0,36,8,1073,367
GTCGTACCTACGATTG-1,0,37,9,1095,380
TAGAAATTCACGTATA-1,0,36,10,1073,392
AGAATAAATCTTCAGG-1,0,37,11,1094,405
CATTGCGAAATGGGCG-1,0,36,12,1073,417
GTCTACTCAATTACAA-1,0,37,13,1094,430
TGTAATGACCACAATA-1,0,36,14,1073,442
AAAGTCGACCCTCAGT-1,0,37,15,1094,454
TACTCGGCACGCCGGG-1,0,36,16,1072,466
AGGTGTATCGCCATGA-1,0,37,17,1094,479
TGTGCTTTACGTAAGA-1,0,36,18,1072,491
AAACCTCATGAAGTTG-1,0,37,19,1094,504
TATAGGGTACTCATGA-1,0,36,20,1072,516
CCAGCTGATGGTACTT-1,0,37,21,1093,529
AATATTGGAGTATTGA-1,0,36,22,1072,541
GGCCCTCACCCACTTA-1,0,37,23,1093,553
AACCAAGACTTCTCTG-1,0,36,24,1072,566
TCGTATTACCCATTGC-1,1,37,25,1093,578
ATTCGACGCCGGGCCT-1,0,36,26,1071,590
GGCGCAGGACATCTTC-1,0,37,27,1093,603
GTACTCCCTTATCGCT-1,0,36,28,1071,615
TGGTCTGTTGGGCGTA-1,1,37,29,1093,628
AATAACAACGCTCGGC-1,0,36,30,1071,640
CATACCCGTACCCAGT-1,1,37,31,1092,652
ACAATCCATTTAAACC-1,0,36,32,1071,665
GTTACAATTGGTGACG-1,1,37,33,1092,677
TTGCCCTGATCACGGG-1,0,36,34,1070,689
CTAACCGCGCGCCCGT-1,0,37,35,1092,702
CTAAAGAATGCCTACT-1,0,36,36,1070,714
ACCCATCTTGAGGGTA-1,0,37,37,1092,727
GATCTTTGCAGGGTAT-1,0,36,38,1070,739
GGGTACTTCATGAACT-1,1,37,39,1092,751
GCCGCTTGTGAGAAAC-1,1,36,40,1070,764
CCTGTAAGACATGATA-1,1,37,41,1091,776
CGACAGTTCGCGTTAT-1,1,36,42,1070,788
ACGATGCATATGTTAT-1,1,37,43,1091,801
TGTTCCGCTTCCATGA-1,1,36,44,1069,813
GGATGACGCGAGTTTA-1,1,37,45,1091,826
GAAGTTTCCACTCAAT-1,1,36,46,1069,838
GCGAGGCCCGAGCAGA-1,1,37,47,1091,850
CATACTATGTAATTGT-1,1,36,48,1069,863
CCAATGTCACAGCAAG-1,1,37,49,1090,875
GTTGGATTTGCGTTGG-1,1,36,50,1069,887
GGGAGGATGCCCGAAA-1,1,37,51,1090,900
GATCGCGGGCTCTCCA-1,1,36,52,1069,912
GTTCGCCATAAGTGCC-1,1,37,53,1090,925
AGATTATAGGACGTTT-1,1,36,54,1068,937
TCGAGACCAACACCGT-1,1,37,55,1090,949
TATGGGACCGAGCAGG-1,1,36,56,1068,962
GATGCGTCCTGCATTC-1,1,37,57,1090,974
TATGGTCTGAGTAACA-1,1,36,58,1068,986
GCATAGAGCACTCAGG-1,1,37,59,1089,999
CTTCATTGTCAGTGGA-1,1,36,60,1068,1011
GCAGATTAGGGATATC-1,1,37,61,1089,1024
CCTGTCGCCCGTAAAT-1,1,36,62,1068,1036
CAATTTCGTATAAGGG-1,1,37,63,1089,1049
GTACACTTACCTGAAG-1,1,36,64,1067,1061
CCAGCCTGGACCAATA-1,1,37,65,1089,1073
ATGGAGCAGGCCGTGA-1,1,36,66,1067,1085
GTCATTAGAGCGAACG-1,1,37,67,1089,1098
AAGACTGCAAGCTACT-1,1,36,68,1067,1110
CTAGTCACGTCTTAAG-1,1,37,69,1088,1123
ACTCTTGTATAGTAAC-1,1,36,70,1067,1135
ATTAGGCGATGCTTTC-1,1,37,71,1088,1148
TTCGGGACTAATCGCG-1,1,36,72,1067,1160
TGGACTGTTCGCTCAA-1,1,37,73,1088,1172
AACGTGCGAAAGTCTC-1,1,36,74,1066,1185
CCACCCAAGGAAAGTG-1,1,37,75,1088,1197
CCGCACAAAGACCAAC-1,1,36,76,1066,1209
GCGATTGTTAACGTTA-1,1,37,77,1088,1222
ACTCGTCAGTAATCCC-1,1,36,78,1066,1234
GGTGATAAGGAGCAGT-1,1,37,79,1087,1247
AAGAGGCATGGATCGC-1,1,36,80,1066,1259
CACGTTCGTGCTCTAG-1,1,37,81,1087,1271
CTATTTGGTTACGGAT-1,1,36,82,1066,1284
GTACAGAGGCAAGGGT-1,1,37,83,1087,1296
GGGCCGGCCGAAGTAC-1,0,36,84,1065,1308
CCTGAACGATATATTC-1,0,37,85,1087,1321
CCGGGCTGCTCCATAC-1,0,36,86,1065,1333
TACTTGTTAGTAGTCC-1,0,37,87,1087,1346
CCTAGGCGTAGCGATC-1,0,36,88,1065,1358
CTGGCGCACAGGTCTG-1,0,37,89,1086,1370
ACTTATACTTACCCGG-1,0,36,90,1065,1383
GAAGTCTCCCTAGCGA-1,0,37,91,1086,1395
ACCGATGGTAGCATCG-1,0,36,92,1065,1407
CGAGTTTATCGGACTG-1,0,37,93,1086,1420
CATAACGGACAGTCGT-1,0,36,94,1064,1432
TGACGATGCACTAGAA-1,0,37,95,1086,1445
TAGGGAGCTTGGGATG-1,0,36,96,1064,1457
AGGGTCGATGCGAACT-1,0,37,97,1086,1469
TATATCCCTGGGAGGA-1,0,36,98,1064,1482
CATCTTACACCACCTC-1,0,37,99,1085,1494
GTGCGACAGGGAGTGT-1,0,36,100,1064,1506
CCGATCTCAACCTTAT-1,0,37,101,1085,1519
ACGATCATCTTGTAAA-1,0,36,102,1064,1531
GAAAGAACAGCGTTAT-1,0,37,103,1085,1544
CTAGGTCTGAAGGAAT-1,0,36,104,1063,1556
ATATCAACCTACAGAG-1,0,37,105,1085,1568
AAATAGCTTAGACTTT-1,0,36,106,1063,1581
GCGACATGTAAACATC-1,0,37,107,1085,1593
ATAAGTAGGGCGACTC-1,0,36,108,1063,1605
GCGAGCGCATGCTCCC-1,0,37,109,1084,1618
AGGGACCGGCTGCGTT-1,0,36,110,1063,1630
CCTATGAAGTGGTGCC-1,0,37,111,1084,1643
GCTTACGTAGTTAGTA-1,0,36,112,1062,1655
CATACTTAGGCAATAC-1,0,37,113,1084,1668
CCTGTCCCTCACGTTA-1,0,36,114,1062,1680
CAATGTGCCAACCCTT-1,0,37,115,1084,1692
GTTAAGTTAGAGTGGG-1,0,36,116,1062,1704
CTGGGATACGCTACCC-1,0,37,117,1084,1717
AACCTGTCACGGAATT-1,0,36,118,1062,1729
ACTGCGGACACACCGT-1,0,37,119,1083,1742
CCGTGAGGCATTCATG-1,0,36,120,1062,1754
GCCCAGATGCTGGAGA-1,0,37,121,1083,1767
TCTGGCCGTTCAAGTT-1,0,36,122,1061,1779
ATACGAAGGCTTTCCA-1,0,37,123,1083,1791
GATCCGAATATAAGTG-1,0,36,124,1061,1804
GTGGAGCATGTCGGCC-1,0,37,125,1083,1816
ACTCTTCAGCTCCCGC-1,0,36,126,1061,1828
CCCGATAGCCTCGCCT-1,0,37,127,1082,1841
ACAGGTGTGTTGTTGC-1,0,38,0,1117,269
TGAACTGCTATGACTT-1,0,39,1,1139,281
TGACATATATGACGAT-1,0,38,2,1117,294
AAGTCTTCTGTGGCCT-1,0,39,3,1138,306
ACCAGACCATAACAAC-1,0,38,4,1117,318
TGAGACGTACCTCTCA-1,0,39,5,1138,331
GACCGTTACATGCGAC-1,0,38,6,1116,343
GGTTCGGATTATACTA-1,0,39,7,1138,356
CCTCCTGAGCCCACAT-1,0,38,8,1116,368
CCGCGATTTGGTAGGT-1,0,39,9,1138,380
AATCTCTACTGTGGTT-1,0,38,10,1116,393
ACTTTGACTGCATCCT-1,0,39,11,1137,405
CCCTGACTAACAAATT-1,0,38,12,1116,417
ACGCTGTGAGGCGTAG-1,0,39,13,1137,430
GCATACGAGGTCTTTA-1,0,38,14,1116,442
TCGGGATTCAAACATA-1,0,39,15,1137,455
GGGCCCTACGAAAGGG-1,0,38,16,1115,467
CGCCAAGAAGCCGAGT-1,0,39,17,1137,479
GGTACATCTGGGACGA-1,0,38,18,1115,492
GGATGCTGGCGTTCCT-1,0,39,19,1137,504
CCGATTCGAGGGACCC-1,0,38,20,1115,516
CCACTGGTGGCTGGTT-1,0,39,21,1136,529
GACAGGCACACACTAT-1,0,38,22,1115,541
TCAACGCGACCGGCAG-1,1,39,23,1136,554
CTACGACTAGCTATAA-1,1,38,24,1115,566
CGGTTGACCTGGCATA-1,1,39,25,1136,578
ATCCTGAATCGCTGCG-1,0,38,26,1114,591
GTTTCATATCGTCGCT-1,0,39,27,1136,603
ATAAATATTAGCAGCT-1,1,38,28,1114,615
AAGAGGATGTACGCGA-1,0,39,29,1136,628
TCCTGCGTTGATACTC-1,0,38,30,1114,640
CGTGCATTGTCGACGC-1,0,39,31,1135,653
CCGGGTTCGAGGTTAC-1,1,38,32,1114,665
CCCAATTTCACAACTT-1,0,39,33,1135,677
TGATTTATTAGCTGTG-1,1,38,34,1114,690
TGGAAGAAGGGAACGT-1,1,39,35,1135,702
GACGCTTGCTTCTAAA-1,1,38,36,1113,714
GGGAACGGGAGGTTAG-1,1,39,37,1135,727
GCGGCTCTGACGTACC-1,1,38,38,1113,739
ACGTTAGATTTGCCCG-1,1,39,39,1135,752
GAGAGGGCGCGAGGTT-1,1,38,40,1113,764
GCGTCTCTGCATTGGG-1,1,39,41,1134,777
GCAGCACACAGCCCAG-1,1,38,42,1113,789
CAGGCCGTTTGGGTGT-1,1,39,43,1134,801
AACTCAAGTTAATTGC-1,1,38,44,1113,813
CTTCGTAGATAGGTGA-1,1,39,45,1134,826
TGCAGAGTACCGAGCA-1,1,38,46,1112,838
GAAGTGATTTATCGTG-1,1,39,47,1134,851
CGCTACGGGACATTTA-1,1,38,48,1112,863
CCACACTGAGATATTA-1,1,39,49,1134,876
CGATCCGACCCAGTGC-1,1,38,50,1112,888
CTGTACTTCTTAGCAT-1,1,39,51,1133,900
ACTTATTAGGATCGGT-1,1,38,52,1112,913
TAGTCCGCAGAGAATG-1,1,39,53,1133,925
TTCACGAAAGGATCAC-1,1,38,54,1112,937
TACATTTCTAACGTGC-1,1,39,55,1133,950
ACCATATCCGCAATAA-1,1,38,56,1111,962
CACTCAAGAGCTATGG-1,0,39,57,1133,975
TGTACGAACAAATCCG-1,1,38,58,1111,987
ATCATCCAATATTTGT-1,0,39,59,1133,999
CGCTATTCTTAGGCTC-1,1,38,60,1111,1012
TGGCAGCAGTAATAGT-1,1,39,61,1132,1024
TCACGTGCCCGATTCA-1,1,38,62,1111,1036
CATACGGCGTCTGGGC-1,1,39,63,1132,1049
CACATGATTCAGCAAC-1,1,38,64,1110,1061
GCTAGTAGAGCTTGTA-1,1,39,65,1132,1074
TGCTGTTGAAGAACTC-1,1,38,66,1110,1086
CGGAGCATGGCGATCC-1,1,39,67,1132,1098
TAGCGTTGGGTCTTAC-1,1,38,68,1110,1111
GTAGCGGCTATACACT-1,1,39,69,1132,1123
TAACATACAATGTGGG-1,1,38,70,1110,1135
TCTTCGAATAGACGTT-1,1,39,71,1131,1148
GATCGTGACTGATATC-1,1,38,72,1110,1160
GATCCGGGAATTAACA-1,1,39,73,1131,1173
TTATATACGCTGTCAC-1,1,38,74,1109,1185
GTCGCGTAACCCGTTG-1,1,39,75,1131,1197
AGCTCTAGACGTTCCA-1,1,38,76,1109,1210
GTCAAGCGGACTCGGG-1,1,39,77,1131,1222
CGAGGGACTGCGGTCG-1,1,38,78,1109,1234
AATCGCCTCAGCGCCA-1,1,39,79,1130,1247
CTTGTTGCTGAGTCAA-1,1,38,80,1109,1259
GATATGAGACACTAAC-1,1,39,81,1130,1272
TTATGATCTTAACGAA-1,1,38,82,1109,1284
CGCCGCCCATGCCTGT-1,1,39,83,1130,1296
CTGGGATAAATAATGG-1,1,38,84,1108,1309
GTGCCCGTTCGGATTC-1,1,39,85,1130,1321
TTCAATACTCTGAATC-1,0,38,86,1108,1333
CGCACATGTCCACTAC-1,0,39,87,1130,1346
AGAAGAGCGCCGTTCC-1,0,38,88,1108,1358
GATAACTCGCACTGTG-1,0,39,89,1129,1371
AGTCGACGGTCTCAAG-1,0,38,90,1108,1383
GTGACCGCACACTACG-1,0,39,91,1129,1396
GTATGTGGGTCTAGTT-1,0,38,92,1108,1408
CTTGAGTTAGGGTAAT-1,0,39,93,1129,1420
TTAGCTGATTTGCCGT-1,0,38,94,1107,1432
GCTGTTGCTACCGAAC-1,0,39,95,1129,1445
TATTACCATCCTGCTT-1,0,38,96,1107,1457
TTGAATTCACGTGAGG-1,0,39,97,1129,1470
CCATCTCACCAGTGAA-1,0,38,98,1107,1482
CGCACGTGCGCTATCA-1,0,39,99,1128,1495
ACCCGGATGACGCATC-1,0,38,100,1107,1507
CGCTAGAGACCGCTGC-1,0,39,101,1128,1519
ATAGTTCCACCCACTC-1,0,38,102,1107,1532
GCAGACCCAGCACGTA-1,0,39,103,1128,1544
TAGACTACCTAGCGTT-1,0,38,104,1106,1556
GGTTCTACTCGTCTGA-1,0,39,105,1128,1569
GACTCACCCACGTGAG-1,0,38,106,1106,1581
AGCTCTTCGTAACCTT-1,0,39,107,1128,1594
ACTATCCAGGGCATGG-1,0,38,108,1106,1606
AAGGATCGATCGCTTG-1,0,39,109,1127,1618
ATATCGGTAGGGAGAT-1,0,38,110,1106,1631
TTCCAGACGAGATTTA-1,0,39,111,1127,1643
GACCGACGTGAAAGCA-1,0,38,112,1106,1655
CCTGGAAACGTTCTGC-1,0,39,113,1127,1668
CCGGTAATGGCTAGTC-1,0,38,114,1105,1680
GCCGTGGAAGAAATGT-1,0,39,115,1127,1693
GTCTTGAGGAGCAGTG-1,0,38,116,1105,1705
TCCCAAAGCCCTAAAT-1,0,39,117,1127,1717
TTGAGCGCCACGTGAT-1,0,38,118,1105,1730
TTGAGTCCCGCTGCTG-1,0,39,119,1126,1742
ATGGAACCTTTGCACA-1,0,38,120,1105,1754
GCTAGCACCTGGGCCA-1,0,39,121,1126,1767
CGCCGTCTACCCATCG-1,0,38,122,1105,1779
GATAGGTGTCCCGGGC-1,0,39,123,1126,1792
AGGTATGCGGACATTA-1,0,38,124,1104,1804
TTGGTTCGCTCAAAGG-1,0,39,125,1126,1816
TCTGGAGCGTAAGAGT-1,0,38,126,1104,1829
TGCCTAAATTTAATAG-1,0,39,127,1126,1841
TAATTTCCGTCCAGTA-1,0,40,0,1160,269
TCCTTCAATCCCTACG-1,0,41,1,1182,282
TACCTATCCCTAGAGG-1,0,40,2,1160,294
GCATGGGTACTGACGC-1,0,41,3,1181,306
GTCGGGAACATGGTAG-1,0,40,4,1160,319
GCAAATGAGGACACTT-1,0,41,5,1181,331
GAATGGGCTTATCGAC-1,0,40,6,1160,343
TGGTCGTGCAAGGCAA-1,0,41,7,1181,356
CACCACGCCACACAGA-1,0,40,8,1159,368
GAACCTCGACCTACAC-1,0,41,9,1181,381
CAATACGCTCTGAGGC-1,0,40,10,1159,393
TGGTAAGCAGGATTGA-1,0,41,11,1181,405
AGTGGCTCCGTCGGCC-1,0,40,12,1159,418
GATCGGATAGAACCAT-1,0,41,13,1180,430
GCTACAGTACGGACCG-1,0,40,14,1159,442
TCTATTACTAGAGGAT-1,0,41,15,1180,455
TTCAGGCGTCAAAGCC-1,0,40,16,1159,467
AGACCGGGAAACCCTG-1,0,41,17,1180,480
AGAGATCTCTAAAGCG-1,0,40,18,1158,492
CCCTGCCCAATCCGCT-1,0,41,19,1180,505
GTGGCGGTCCCAGCGT-1,0,40,20,1158,517
GCATTGTAATTCATAT-1,0,41,21,1180,529
CCGTTCCGAATCTCGG-1,0,40,22,1158,541
AGCTTGATCTTAACTT-1,1,41,23,1179,554
CCTGTACTCACGCCCA-1,0,40,24,1158,566
AAGTGACGACCGAATT-1,1,41,25,1179,579
CTCACTTGGCTGGTAA-1,0,40,26,1157,591
CGCCTGGCCTACGTAA-1,1,41,27,1179,604
CCCGTAAGTCTAGGCC-1,0,40,28,1157,616
TTGGACATGTGGCTTA-1,0,41,29,1179,628
ATTACGCGCTGGCAGG-1,0,40,30,1157,641
ACGCGCTACACAGGGT-1,0,41,31,1179,653
TACGTTTACCGGCAAT-1,0,40,32,1157,665
CGAAACGCAATTCATG-1,0,41,33,1178,678
TAGTCTAACAACGAGA-1,0,40,34,1157,690
TTGCATGCTGATCACG-1,1,41,35,1178,703
TCTGGGTAGCGCTCAT-1,1,40,36,1156,715
ACATCGGTCAGCCGCG-1,1,41,37,1178,727
AGATACCGGTGTTCAC-1,1,40,38,1156,740
GATTACTGAATTTGGG-1,1,41,39,1178,752
TCCAACTTTAAATTCT-1,1,40,40,1156,764
TCCTAGCAAAGAAGCT-1,1,41,41,1177,777
GTCTATCTGAGTTTCT-1,1,40,42,1156,789
GATGTTCAATCCACGA-1,1,41,43,1177,802
AGTTAAACACTTGCGA-1,1,40,44,1156,814
AGCTCTTTACTCAGTT-1,1,41,45,1177,826
ATCCAGGATTCGTGAA-1,1,40,46,1155,839
AGTCAACACCACCATC-1,1,41,47,1177,851
CGATACCTCGCGGACA-1,1,40,48,1155,863
TACAACGCACAACTCA-1,1,41,49,1177,876
AATTAAAGGTCGGCGT-1,1,40,50,1155,888
TACGCAGTTCTTTCCT-1,1,41,51,1176,901
GACCGTGCTGACGGTG-1,1,40,52,1155,913
GGCAAATTACTTTACT-1,1,41,53,1176,925
GGTACAAACATGCTAT-1,1,40,54,1155,938
CGGGCCTTCTTTGTAA-1,1,41,55,1176,950
CGTGAAGTTAATTCAC-1,0,40,56,1154,962
ATAGTGAAGCGTTCTC-1,0,41,57,1176,975
TACGCCATATTCTAAT-1,0,40,58,1154,987
GCCGGGTTAGGGTCGC-1,0,41,59,1176,1000
TACATAGGCATACACC-1,1,40,60,1154,1012
GCCGATTGGCCAAGCT-1,1,41,61,1175,1024
CTGCCATGCATCACAT-1,1,40,62,1154,1037
TTATGAATGAAAGGGA-1,1,41,63,1175,1049
GCTGAGGCGTGAGTAT-1,1,40,64,1154,1061
GCGCCGTTCCACGATA-1,1,41,65,1175,1074
CGCATGGTGCGATGCT-1,1,40,66,1153,1086
AGGTTTCACACACCTT-1,1,41,67,1175,1099
CAAGGATCGCATGTTC-1,1,40,68,1153,1111
ACGTTAATGTCGAAGA-1,1,41,69,1175,1124
TCCAGAGCACCGGTTC-1,1,40,70,1153,1136
GATTCGACGGTTCACG-1,1,41,71,1174,1148
GTTTCTGCAGTCTCCC-1,1,40,72,1153,1160
GCTGCACGGTTTCTTA-1,1,41,73,1174,1173
CGTGCAGACTGGGACA-1,1,40,74,1153,1185
GTGTTACTATGCGTCC-1,1,41,75,1174,1198
TCCTCGGGCTGGGCTT-1,1,40,76,1152,1210
GTGAGGACACTTAAGG-1,1,41,77,1174,1223
ATACGCCGGCGAAACC-1,1,40,78,1152,1235
TCTGCCAGAAACTGCA-1,1,41,79,1174,1247
TTCTGCGGGTTAGCGG-1,1,40,80,1152,1260
CTCGGTACCACTGCTC-1,1,41,81,1173,1272
GTAAGTAACAGTCTGG-1,1,40,82,1152,1284
GTGCGTGTATATGAGC-1,1,41,83,1173,1297
ATTTGTCTTGGGAGCT-1,1,40,84,1152,1309
CCTCGGACCGGGATAG-1,1,41,85,1173,1322
TAGGTGCTCGCCTAGC-1,0,40,86,1151,1334
CTTTAGGAACACTGTT-1,1,41,87,1173,1346
TCGGGCCGTCGTGGTA-1,0,40,88,1151,1359
AGTGCTTGCACGAATA-1,0,41,89,1173,1371
TGCAGTTTCCTCCCAT-1,0,40,90,1151,1383
TGAGAGATTTACCACG-1,0,41,91,1172,1396
GAAACAGATGACCACC-1,0,40,92,1151,1408
AGCAACATATCTTATT-1,0,41,93,1172,1421
CAAGTGTGGTTGCAAA-1,0,40,94,1150,1433
GCCTCATCTGGAAATA-1,0,41,95,1172,1445
AACCCTACTGTCAATA-1,0,40,96,1150,1458
ACGTATTACTCCGATC-1,0,41,97,1172,1470
TCTGGGAACCTTTGAA-1,0,40,98,1150,1482
GCTCGCTCATGTCCAA-1,0,41,99,1172,1495
GCGCAAGAGCGCGCTG-1,0,40,100,1150,1507
TTGACGCTCCATGAGC-1,0,41,101,1171,1520
TATAGATGGTCGCAGT-1,0,40,102,1150,1532
TTACATGCCACAACTA-1,0,41,103,1171,1544
ACATGGCGCCAAAGTA-1,0,40,104,1149,1557
TATGGTTAGTGGGAGA-1,0,41,105,1171,1569
CATGACTTCGCTGAAT-1,0,40,106,1149,1581
ACCACCAATGTAACAA-1,0,41,107,1171,1594
TCTTAGAGCTCCAATT-1,0,40,108,1149,1606
CCACGAATTTAACCTC-1,0,41,109,1170,1619
TTCTTGCTAGCATCTC-1,0,40,110,1149,1631
ACACCTTACTACTTGC-1,0,41,111,1170,1643
AGTCGGTTGCGTGAGA-1,0,40,112,1149,1656
ACCTACAGTATGTGGT-1,0,41,113,1170,1668
GAGGATAAACAGTGCT-1,0,40,114,1148,1680
TTCCGGTATCTGTGTC-1,0,41,115,1170,1693
GGAGGCCGAAGTCGTC-1,0,40,116,1148,1705
TTCGCTAGGAAGTTGT-1,0,41,117,1170,1718
TAAAGACAACCCTTTA-1,0,40,118,1148,1730
GTTGCGCTAACATTAC-1,0,41,119,1169,1743
GCTGAACTCTCCAGGG-1,0,40,120,1148,1755
AGCCCTGTCGCACCGT-1,0,41,121,1169,1767
AGCGCTAGAGCGATGT-1,0,40,122,1148,1779
TGCGCCGTTAATAACG-1,0,41,123,1169,1792
TGACAACGCATGTCGC-1,0,40,124,1147,1804
CGTCTTGAGTGTGACG-1,0,41,125,1169,1817
GATAGGATTAATTACA-1,0,40,126,1147,1829
GATACCGTGTCGGAGT-1,0,41,127,1169,1842
TGTGTCGAAGTCGAGG-1,0,42,0,1203,269
GGATCAGAGCCATCAG-1,0,43,1,1225,282
GTCCCAATCATCCCGC-1,0,42,2,1203,294
TGCCACACTAGAGGAA-1,0,43,3,1224,307
TGAATTTCACTTGCCT-1,0,42,4,1203,319
CTCAGATTGTGATAAG-1,0,43,5,1224,332
CGGACGTTACTTGAAG-1,0,42,6,1203,344
CCGCCTTGCGATGTCG-1,0,43,7,1224,356
CCAGTCAAATCTCTTA-1,0,42,8,1202,369
AAACAGCTTTCAGAAG-1,0,43,9,1224,381
TAGCTGATGTGAAGCG-1,0,42,10,1202,393
CTTATGCGCTCAGGGC-1,0,43,11,1224,406
TGGCTCTTGTCGCGTA-1,0,42,12,1202,418
TTGTGAGGCATGACGC-1,0,43,13,1223,431
CATAAGCTCTCCGTCT-1,0,42,14,1202,443
CCTTCTCAGCGTTCCT-1,0,43,15,1223,455
TGCAGCTACGTACTTC-1,0,42,16,1202,468
CTCTACACTGGCGATT-1,0,43,17,1223,480
TGCAGATCGTCCTAGG-1,0,42,18,1201,492
TGCCAAAGTCAGACTT-1,0,43,19,1223,505
ACAATAGTCGTACGTT-1,1,42,20,1201,517
CATGCCAACTCGCAAA-1,0,43,21,1223,530
TGCAGAACTATATCGT-1,1,42,22,1201,542
TCGTGTCACGCTGACA-1,0,43,23,1222,554
TGATCAGGGAACTGCT-1,1,42,24,1201,567
CTTGCAACCGCCTCCT-1,0,43,25,1222,579
AGCCCATACATGTAAG-1,1,42,26,1201,591
ATCCAATGGAGGGTCC-1,0,43,27,1222,604
AAACCGGGTAGGTACC-1,0,42,28,1200,616
GCAACCACGGCCGCGT-1,0,43,29,1222,629
CGCTTATTCCCGGTCG-1,0,42,30,1200,641
TTACTCTGGTACGTAC-1,0,43,31,1222,653
GTGGTTTCCGCCTTTC-1,0,42,32,1200,666
ATAGGCGGCTATAGAA-1,0,43,33,1221,678
GTGCCATCACACGGTG-1,0,42,34,1200,690
CCCAACATACGTCGCG-1,0,43,35,1221,703
CGGTGCAGATAGAACG-1,0,42,36,1200,715
GGGCGGGTTCCCTACG-1,1,43,37,1221,728
TGAGCCATACAGTCTC-1,0,42,38,1199,740
CTCCGCCCACATGAGG-1,1,43,39,1221,752
GTTGAACCGGTTCCAT-1,1,42,40,1199,765
TTGACTACCATATGGT-1,0,43,41,1221,777
ACCATCGTATATGGTA-1,1,42,42,1199,789
TGCGTAAGAACCTGAT-1,1,43,43,1220,802
AGAAGGTTGCCGAATT-1,1,42,44,1199,814
AGGACGACCCATTAGA-1,1,43,45,1220,827
GGTGCTGGTACACATT-1,1,42,46,1199,839
GCGCTATGCCGAGGCA-1,1,43,47,1220,852
ACCCGGTTACACTTCC-1,1,42,48,1198,864
TAACTCATCCGCGCGG-1,1,43,49,1220,876
CACAATGAGCTGCTAT-1,1,42,50,1198,888
GTTACTTTGGGCCTAG-1,1,43,51,1220,901
GGGCCCGTCTTAAACA-1,1,42,52,1198,913
GAAATTGTCTCTATAA-1,1,43,53,1219,926
GGCGCATGAATTGATG-1,1,42,54,1198,938
CATATAGGTACAGTCA-1,1,43,55,1219,951
TCAACGAGGAGACAAA-1,0,42,56,1197,963
TTGCACAATTCAGAAA-1,0,43,57,1219,975
CATCGGACGGGTTAAT-1,1,42,58,1197,988
ATTAAACATGCGGACC-1,0,43,59,1219,1000
TATCTACCACAGCGGG-1,0,42,60,1197,1012
CGAGACCCTAGAGTGT-1,0,43,61,1219,1025
ACATCGATCGTTTACC-1,0,42,62,1197,1037
ATCGACCCAATACAGA-1,0,43,63,1218,1050
GAATCTGAACATTCTC-1,0,42,64,1197,1062
AGTTCCTATTTATGTT-1,0,43,65,1218,1074
CAGTCTGTATACTGGG-1,1,42,66,1196,1087
GGAGACGACACCTTTG-1,1,43,67,1218,1099
CCTAAATTAACGGTTC-1,1,42,68,1196,1111
GCTACGACTTATTGGG-1,1,43,69,1218,1124
CTGTGCAGGGTAGGTC-1,1,42,70,1196,1136
ACGCCGCTAGACGACC-1,1,43,71,1217,1149
ACTTGACTCCCTCTTT-1,1,42,72,1196,1161
CGCCTCCCTCCTCTAT-1,1,43,73,1217,1173
CTAGATTTACGACGGC-1,1,42,74,1196,1186
GATGCTGTATTTCATC-1,1,43,75,1217,1198
TGCGTTTGTTGACACT-1,1,42,76,1195,1210
CGTGCCCTCCCGAAGA-1,1,43,77,1217,1223
ACTCTCTGACTTAGGT-1,1,42,78,1195,1235
CTGGGTAGGCAGTTAA-1,1,43,79,1217,1248
GTTTGGCCCAAGTTAT-1,1,42,80,1195,1260
GAATGTGGTCCGGATT-1,1,43,81,1216,1272
CCCAGTTAAGGCGCCG-1,1,42,82,1195,1285
CGGTACTAGAATCAAA-1,1,43,83,1216,1297
GCTTAATGTAACTAAC-1,1,42,84,1195,1309
AGGACAGTCGAATCCC-1,1,43,85,1216,1322
GACAGCCAGACCTGAC-1,1,42,86,1194,1334
GGCGAAATCTAACTTG-1,1,43,87,1216,1347
CTGGTAACACATAGAA-1,1,42,88,1194,1359
TAGCCATTTCAAAGTC-1,1,43,89,1216,1371
GGGATTTACCGCACCT-1,0,42,90,1194,1384
ATGCCATTTGCGACCA-1,0,43,91,1215,1396
GAATAGACGCGACCCA-1,0,42,92,1194,1408
TGTATGGCGCAGACAG-1,0,43,93,1215,1421
GGATGAAGATCGCTGA-1,0,42,94,1194,1433
CGACAATTTGATCTAA-1,0,43,95,1215,1446
AAAGTTGACTCCCGTA-1,0,42,96,1193,1458
CGCGGCTCAACTTGAA-1,0,43,97,1215,1471
CACGCGGAACTGTTGC-1,0,42,98,1193,1483
TCTTAGAGTGAACTCT-1,0,43,99,1215,1495
AGTCCATTGGCTGATG-1,0,42,100,1193,1507
TTAAGATAGGATTGAC-1,0,43,101,1214,1520
ACATCCTGGTAACTGT-1,0,42,102,1193,1532
CACCTTGGCGCCTTTG-1,0,43,103,1214,1545
GCTAGACCGTCTACTG-1,0,42,104,1193,1557
CGGCCCAGGTATATCC-1,0,43,105,1214,1570
GTCCATTACTGCTACG-1,0,42,106,1192,1582
GGGTTTAGGATAGGAT-1,0,43,107,1214,1594
TAATTAGGACATCCGT-1,0,42,108,1192,1607
GCTCCCAGTCGGTCCA-1,0,43,109,1214,1619
ATTCGTGCTATCTCTT-1,0,42,110,1192,1631
GTTAACTATGTTGTCA-1,0,43,111,1213,1644
GCTCCGCTCGCTTCAG-1,0,42,112,1192,1656
GCAACGGCTAGTTATG-1,0,43,113,1213,1669
AATCGCGCAGAGGACT-1,0,42,114,1192,1681
AGGTTACACCATGCCG-1,0,43,115,1213,1693
CGAGATTTCGCTCGGG-1,0,42,116,1191,1706
CGATAATACTCAGGTT-1,0,43,117,1213,1718
AAGGCAGGCTGTCTCC-1,0,42,118,1191,1730
GTAAGTCCACACTCTA-1,0,43,119,1213,1743
ATGAGGGCAGCGGCTA-1,0,42,120,1191,1755
GCCGCACTCCGTTTCA-1,0,43,121,1212,1768
GAGCACGGCGCCTCTT-1,0,42,122,1191,1780
ACAATTTGGCCATATT-1,0,43,123,1212,1792
CTGGTTCGCGAGCTAC-1,0,42,124,1190,1805
GACGGTCCTAGGGTGT-1,0,43,125,1212,1817
ACTCGCGATCTGACGC-1,0,42,126,1190,1829
GTGTACGAACCGTTCC-1,0,43,127,1212,1842
CTTTGACGTCGCTTCT-1,0,44,0,1246,270
CGTTATCATACTTCCA-1,0,45,1,1268,282
GCTATGCCAGCTTATG-1,0,44,2,1246,295
CAGTCGGCCTAGATAT-1,0,45,3,1268,307
CCCGTGAGGGCGGTGA-1,0,44,4,1246,319
TCTCGTGTTACGAGGA-1,0,45,5,1267,332
ACGTCTCGTTCCGGGA-1,0,44,6,1246,344
CGAGAGCGCGTAGATA-1,0,45,7,1267,357
GACAGATTTCTGGCTC-1,0,44,8,1245,369
GGGCCTAAATGGGCTA-1,0,45,9,1267,381
ACTTGTAGTCCCTTCA-1,0,44,10,1245,394
CCCGAAGTTTCGCGAA-1,0,45,11,1267,406
ACCATCCGCCAACTAG-1,0,44,12,1245,418
TGCGAATATGGGATTT-1,0,45,13,1267,431
TACATCCCTATCCCTG-1,0,44,14,1245,443
GTGGGAAGACTGAATC-1,0,45,15,1266,456
TCAACATCGACCGAGA-1,0,44,16,1245,468
CTATGTGAGTCACGGC-1,0,45,17,1266,480
CCGAACACTGGGCCTC-1,0,44,18,1244,493
AAACTTGCAAACGTAT-1,0,45,19,1266,505
AGGGCGAGCAGCTGAT-1,1,44,20,1244,517
AACACGAGACGCGGCC-1,0,45,21,1266,530
TGACGAATATTTCCCT-1,0,44,22,1244,542
TCGGAGAGTATCGGGA-1,0,45,23,1265,555
CAAATCTCTCACAAGG-1,0,44,24,1244,567
AGGCCCTAGAACGCCA-1,0,45,25,1265,580
TAGAGATCATGCAACT-1,0,44,26,1244,592
TTGTTTCCATACAACT-1,0,45,27,1265,604
GAGAGGTGCATTCTGG-1,0,44,28,1243,616
GTGGACCAACCCGATT-1,0,45,29,1265,629
CTGGGCCTGCTATATC-1,0,44,30,1243,641
CATAGTCCACAAGAAC-1,0,45,31,1265,654
TTGACATGAACGTGGA-1,0,44,32,1243,666
GGTTACCACCCTCGGG-1,0,45,33,1264,679
TACCGGTCGTTTCCAT-1,0,44,34,1243,691
CGAGTACTAAAGAGGA-1,0,45,35,1264,703
GCAAGAATTCCTTGGC-1,1,44,36,1243,716
TCGCCGAAGTTGCGTC-1,0,45,37,1264,728
TTGAGAGTACTGCTAA-1,0,44,38,1242,740
GCCACAATTTAAGGAC-1,1,45,39,1264,753
ATATTCAGTTAAACCT-1,1,44,40,1242,765
TGAGTGCCTCTTAAAT-1,1,45,41,1264,778
ATCAGACGGCACGCCG-1,1,44,42,1242,790
GTGCGAAATCGAACAC-1,1,45,43,1263,802
GTGCCGCTTCAAAGGT-1,1,44,44,1242,815
GATACGATGGGAGTCA-1,1,45,45,1263,827
GACACTGAGTTCAGTG-1,1,44,46,1242,839
ATCCTGCGTGGAATGG-1,1,45,47,1263,852
ATCCTACCTAAGCTCT-1,1,44,48,1241,864
AGTGATATGAGTAGTT-1,1,45,49,1263,877
ATGATGCAATGGTACA-1,1,44,50,1241,889
GAAACCGAATTACCTT-1,1,45,51,1263,901
AGTGACCTACTTTACG-1,1,44,52,1241,914
CAAATGTCCTTCCGTG-1,1,45,53,1262,926
TTACTGGGATATTTCA-1,1,44,54,1241,938
CTTGCCCAGGCTCTAC-1,1,45,55,1262,951
AAATCGTGTACCACAA-1,1,44,56,1241,963
GTGATCATAGATCTGC-1,1,45,57,1262,976
TGGCAGATTACGATCA-1,0,44,58,1240,988
TCACCCTCTTAAGATT-1,0,45,59,1262,1000
CAGGATATATCGTTGT-1,0,44,60,1240,1013
CCTGACCACCGATGGT-1,0,45,61,1262,1025
CTAAAGGGAAATAGGA-1,0,44,62,1240,1037
CCGCTATCAGCACCAG-1,0,45,63,1261,1050
CTTTAGTGCTATTATT-1,0,44,64,1240,1062
CGGGAATTTATGTAAA-1,0,45,65,1261,1075
TACGACTGCCTCTTAG-1,1,44,66,1240,1087
AAACTGCTGGCTCCAA-1,1,45,67,1261,1099
GTACGTTTGCCCGTCA-1,1,44,68,1239,1112
GGCAAGGCGAAATAGC-1,1,45,69,1261,1124
GATCTTGGAGGGCATA-1,1,44,70,1239,1136
AGCGTGGTATTCTACT-1,1,45,71,1261,1149
CTAAGGGAATGATTGG-1,1,44,72,1239,1161
CATGGTAAGTAGCGTT-1,1,45,73,1260,1174
CGTTGAGCGACCGTCG-1,1,44,74,1239,1186
TGCCCGTACCGTTAAA-1,1,45,75,1260,1199
ACAAGGGCAGGCTCTG-1,1,44,76,1239,1211
GAGATCTTCCATGACA-1,1,45,77,1260,1223
AATGACGTAGGATGTC-1,1,44,78,1238,1235
GTGGTGGCCAAGTGAA-1,1,45,79,1260,1248
TCCCGTGTGCAATTTG-1,1,44,80,1238,1260
ACATCGTATGCAATGG-1,1,45,81,1260,1273
GCGAAACTTAACTGGA-1,1,44,82,1238,1285
AATTGAACGCTCTGGT-1,1,45,83,1259,1298
ACAAATGGTAGTGTTT-1,1,44,84,1238,1310
ATGGTCGCGTGGTTTC-1,1,45,85,1259,1322
TGTTATTGTATGTGGC-1,1,44,86,1237,1335
TTCCGGTTACCCACTT-1,0,45,87,1259,1347
GAGTGTGCGGTACCCA-1,1,44,88,1237,1359
CAAGATATTATAACGT-1,0,45,89,1259,1372
ACACACCAGGACCAGT-1,1,44,90,1237,1384
ATGGGCCTCGGCCTCT-1,0,45,91,1259,1397
AAGGTGATAAACCAGC-1,0,44,92,1237,1409
TCTTACTTATGCCTCT-1,0,45,93,1258,1421
AAAGTGTGATTTATCT-1,0,44,94,1237,1434
TGCTCCACAGTTCTTA-1,0,45,95,1258,1446
CTGGCTGATTCATCCT-1,0,44,96,1236,1458
TAAGGCTGAATCCCTC-1,0,45,97,1258,1471
TCTAGTGATATCGTGG-1,0,44,98,1236,1483
TCGAAGAACCGAGCAC-1,0,45,99,1258,1496
GACAAACATATGCAGG-1,0,44,100,1236,1508
AAGTCAATTGTCGTCA-1,0,45,101,1257,1520
AGTGAACAAACTTCTC-1,0,44,102,1236,1533
CATGATGGAAGTTAGC-1,0,45,103,1257,1545
AAGTGCCTTGACTGTA-1,0,44,104,1236,1557
ATCGCCAGTCAACATT-1,0,45,105,1257,1570
ACCGCGGTGGAAGTCG-1,0,44,106,1235,1582
TCTTCTATAACCCGCC-1,0,45,107,1257,1595
CACATTTCTTGTCAGA-1,0,44,108,1235,1607
TAGCGTCCCTCGATTG-1,0,45,109,1257,1619
GTTCGGATCGGGAACA-1,0,44,110,1235,1632
CAAACTCGCGACGCCG-1,0,45,111,1256,1644
GTCTTGTAGCTATTCA-1,0,44,112,1235,1656
TCTCGACGTATCGCCG-1,0,45,113,1256,1669
TTGCCAAGCAGAACCC-1,0,44,114,1235,1681
AAACCCGAACGAAATC-1,0,45,115,1256,1694
TTGAGCAGCCCACGGT-1,0,44,116,1234,1706
CGCCTTTAGCATGCTC-1,0,45,117,1256,1718
TGTGGCTCCCACCAAC-1,0,44,118,1234,1731
CCGCCGTTGAGGATAA-1,0,45,119,1256,1743
CAATACGAGAGTCTGA-1,0,44,120,1234,1755
CATCTAGTGAAGGGAA-1,0,45,121,1255,1768
GGTGGAGGTTGATACG-1,0,44,122,1234,1780
CCGCACACGAACGTGT-1,0,45,123,1255,1793
AGAACCCAGCGTGACA-1,0,44,124,1234,1805
GCGCTCGATCACCTGT-1,0,45,125,1255,1818
ATCATGGACTACCGAC-1,0,44,126,1233,1830
TACGCCGCCTCAGAAG-1,0,45,127,1255,1842
CGACCTACTAGACAAT-1,0,46,0,1289,270
GAGTCTTGTAAAGGAC-1,0,47,1,1311,283
AATATCCTAGCAAACT-1,0,46,2,1289,295
CCCTAGGCAACAAGAG-1,0,47,3,1311,308
ACAAAGAAGGTAGGCC-1,0,46,4,1289,320
CCCTGGCTGTTCCTTC-1,0,47,5,1310,332
TCGCCGCACCGCGTGA-1,0,46,6,1289,344
TATAGCGCACGTTATC-1,0,47,7,1310,357
TTATCTGACATTAGGA-1,0,46,8,1289,369
AGTGGTGTTACCCGTG-1,0,47,9,1310,382
GCCAAGAATACTTCTG-1,0,46,10,1288,394
CCGGCGTGAGACTCTG-1,0,47,11,1310,407
TTCCCGGCGCCAATAG-1,0,46,12,1288,419
AAACAGGGTCTATATT-1,0,47,13,1310,431
ACAGTAATACAACTTG-1,0,46,14,1288,444
CGAACGGCCGGACAAC-1,0,47,15,1309,456
GCAACACACTAGAACT-1,0,46,16,1288,468
ACTCCCATTCCTAAAG-1,0,47,17,1309,481
ACCTGCGTGTCATGTT-1,0,46,18,1288,493
TACTTTCCGCACGCCA-1,0,47,19,1309,506
AGGTCAGGTGAGAGTG-1,0,46,20,1287,518
TCCTCCTAAGACATTC-1,0,47,21,1309,530
ATGTGAAAGCCTAATG-1,0,46,22,1287,543
AGTCGGCTCAACTTTA-1,0,47,23,1309,555
CGATCTGTTGGAGGAC-1,0,46,24,1287,567
ACGGGAGTGTCGGCCC-1,0,47,25,1308,580
TTAACTTCAGGTAGGA-1,0,46,26,1287,592
CCACGGAGCCATAAGA-1,0,47,27,1308,605
CTTCTATGTTGAAGTA-1,0,46,28,1287,617
CACCGTTGCGCGATAT-1,0,47,29,1308,629
TCTAGCAATCTCCGCC-1,0,46,30,1286,642
AGTTTGGCCAGACCTA-1,0,47,31,1308,654
TTGTAAGGACCTAAGT-1,0,46,32,1286,666
AAATTTGCGGGTGTGG-1,0,47,33,1308,679
AAGTTCGGCCAACAGG-1,0,46,34,1286,691
CCGCTTACCTCACTCT-1,0,47,35,1307,704
ATCACGTGCTAATTAA-1,0,46,36,1286,716
GGTGAAGTACAGGGAT-1,0,47,37,1307,728
GCTGTATTACTGGCCC-1,0,46,38,1286,741
AACGGCCATCTCCGGT-1,1,47,39,1307,753
TAAGTAACATCTTGAC-1,1,46,40,1285,765
TTCTTGAGCCGCGCTA-1,0,47,41,1307,778
AGTGCGTAGCTCGTAA-1,1,46,42,1285,790
GGGATGGTCGTAACCG-1,0,47,43,1307,803
GTCTGGGCGGTCGAGA-1,1,46,44,1285,815
CGGAACGTAAACATAG-1,0,47,45,1306,827
TGCGACACCCTAGTGC-1,1,46,46,1285,840
CAAACGAGTATCGCAG-1,0,47,47,1306,852
TCAGTAGGGACTATAA-1,1,46,48,1284,864
GCGGTTCCCTATCATG-1,0,47,49,1306,877
GTGACTTCAGTAGTGC-1,0,46,50,1284,889
CGTCACGTCCATTGGT-1,0,47,51,1306,902
ATAAGTTACCGCGACG-1,0,46,52,1284,914
CTGAATCCGAGACCTC-1,0,47,53,1306,927
TACGACGCTTGCTGCG-1,1,46,54,1284,939
GAATTCACCCGGGTGT-1,1,47,55,1305,951
GGGTGACACCTTAACT-1,1,46,56,1284,963
TGAGTAAATTAGCGTA-1,1,47,57,1305,976
GAGTCCGCTTACCGGA-1,1,46,58,1283,988
GGCGCGTTCGAGTTTA-1,1,47,59,1305,1001
ATTCATATACTGTCCA-1,0,46,60,1283,1013
ATAAACGGACCCGTAA-1,0,47,61,1305,1026
GTCGTACCATCTCGGG-1,1,46,62,1283,1038
ATAATAGCTGTTGAAT-1,0,47,63,1304,1050
TTCCGCGTGAGGCGAT-1,0,46,64,1283,1063
TACCGGCTCACTGCCC-1,0,47,65,1304,1075
GTATCTTTCATAACCA-1,0,46,66,1283,1087
GTTACCTACAACTTGC-1,1,47,67,1304,1100
TGACTATAATCCTTTC-1,1,46,68,1282,1112
AAATACCTATAAGCAT-1,1,47,69,1304,1125
TTATTAGAGCGTGTTC-1,1,46,70,1282,1137
ATGTGGACATCTTGAT-1,1,47,71,1304,1149
GTACGCTTCATTGCAC-1,1,46,72,1282,1162
CACATATTAGCAGGAT-1,1,47,73,1303,1174
CAAGAGGGCGGAGTAC-1,1,46,74,1282,1186
TCGCAAAGATGCATTT-1,1,47,75,1303,1199
GTCGTTATTCGCTTAT-1,1,46,76,1282,1211
TCGTGTACTATGGATG-1,1,47,77,1303,1224
GCGGAGAGGGAGAACG-1,1,46,78,1281,1236
TCACAGGGAATCGCAA-1,1,47,79,1303,1248
GACTGCACCAGCCCAG-1,1,46,80,1281,1261
TCCGCTGTCATCCCGG-1,0,47,81,1303,1273
AGATACTCAAGATCGA-1,0,46,82,1281,1285
ACTGAATGGCGAAAGT-1,0,47,83,1302,1298
TCCTACATCCACGGCC-1,0,46,84,1281,1310
TTCAGCCCTGGTCCAC-1,0,47,85,1302,1323
TTAGAGTTTAGAAGGA-1,0,46,86,1281,1335
GGTTAGCTATATGTCT-1,0,47,87,1302,1347
CTGGTTTCGAGCAAGA-1,0,46,88,1280,1360
TGGGCCCATACTAATT-1,0,47,89,1302,1372
ACTTATTTATGTGCCA-1,0,46,90,1280,1384
TTAGTTATTCGTGGCA-1,0,47,91,1302,1397
AACCGCTAAGGGATGC-1,0,46,92,1280,1409
ATACGTCCACTCCTGT-1,0,47,93,1301,1422
CGACACGCTCCGACAG-1,0,46,94,1280,1434
TCTGAACTCGTACCCG-1,0,47,95,1301,1446
AGGATATAGGGATTTA-1,0,46,96,1280,1459
GTGATCACTAACGCCT-1,0,47,97,1301,1471
ACCGGGCCTTTGTTGA-1,0,46,98,1279,1483
TTGACAGGAGCTCCCG-1,0,47,99,1301,1496
CTCTTCTATTGACTGG-1,0,46,100,1279,1508
CGTGGCCGAATATCTA-1,0,47,101,1301,1521
GGTTTAGCCTTTCTTG-1,0,46,102,1279,1533
TCAAGGTTACTACACC-1,0,47,103,1300,1546
TTGACTATTGTCCGGC-1,0,46,104,1279,1558
CGGGAATATAGTATAC-1,0,47,105,1300,1570
GCAACAGCAGTATGCG-1,0,46,106,1279,1582
ATCAAACACTGTTCCA-1,0,47,107,1300,1595
TGGGCAATAGTTGGGT-1,0,46,108,1278,1607
TGAATGTCAGCCGGCC-1,0,47,109,1300,1620
CGGCTCTAAAGCTGCA-1,0,46,110,1278,1632
GGACACAAGTTTACAC-1,0,47,111,1300,1645
CCGAGAAGTCGCATAA-1,0,46,112,1278,1657
AACTACCCGTTTGTCA-1,0,47,113,1299,1669
GCACAAACGAGGCGTG-1,0,46,114,1278,1682
CACACAGCTTGCGCTC-1,0,47,115,1299,1694
GTGCTTACATCAGCGC-1,0,46,116,1277,1706
GCAAACGTCGCCAGGT-1,0,47,117,1299,1719
GAATAGCATTTAGGGT-1,0,46,118,1277,1731
TACTGTTTCTCTGGTA-1,0,47,119,1299,1744
TCCTATCATAGGTAAC-1,0,46,120,1277,1756
TTCGGTGGAGACGCCC-1,0,47,121,1299,1768
TGTTGCCGTCGTCCCA-1,0,46,122,1277,1781
CCAACTTGATAGATCC-1,0,47,123,1298,1793
CAAAGGTCATCTGAAA-1,0,46,124,1277,1805
CTAGCTTAATGGTCCC-1,0,47,125,1298,1818
AGGCCACATTGGTTAC-1,0,46,126,1276,1830
TTAGGATGGGAGGGTA-1,0,47,127,1298,1843
TATGACCTTGCGCTGG-1,0,48,0,1332,271
ATATACATGTATGGTA-1,0,49,1,1354,283
TGTGTGACCATGAATC-1,0,48,2,1332,295
CCCACTCCACGGTATC-1,0,49,3,1354,308
GGGCAGACGTCACTGC-1,0,48,4,1332,320
TCAAAGAGCTATCTGT-1,0,49,5,1354,333
AGATGCATCCTGTGTC-1,0,48,6,1332,345
GTGAAGTCACGACTCG-1,0,49,7,1353,357
TGATTCAGGTCCCGCG-1,0,48,8,1332,370
CGCCACAGGTCGCGAT-1,0,49,9,1353,382
TTGAATCGTTGTATAA-1,0,48,10,1331,394
TGGCCAATTTGGTACT-1,0,49,11,1353,407
CGACCCTTAACGCCGG-1,0,48,12,1331,419
TCGGCGTACTGCACAA-1,0,49,13,1353,432
GAGTAAGGCCACGGGA-1,0,48,14,1331,444
ATCAGCTCGTCCACTA-1,0,49,15,1352,456
AGGATCACGCGATCTG-1,0,48,16,1331,469
AAATGGCCCGTGCCCT-1,0,49,17,1352,481
CAGTACCAGTTTACGT-1,0,48,18,1331,493
GGTCGTAAGCTCGCAC-1,0,49,19,1352,506
CGTTCATGGTGCGCGT-1,0,48,20,1330,518
GACTACAAAGCGGTGG-1,0,49,21,1352,531
CAGCTGGCGTAACCGT-1,0,48,22,1330,543
ACTCGTAACCCGTCCT-1,0,49,23,1352,555
CATATGTCAGGCTACG-1,0,48,24,1330,568
GCCCGACTTCTTCCCG-1,0,49,25,1351,580
CTGGCATCCGAATGAG-1,0,48,26,1330,592
AAGTGCGTTAGAATCT-1,0,49,27,1351,605
AGAAGTGATTCGTGAT-1,0,48,28,1330,617
TACCTTAAGATTTCCC-1,0,49,29,1351,630
AATGACAGCAATGTCT-1,0,48,30,1329,642
TCAACGCAGGAAATAA-1,0,49,31,1351,655
TATTCCTCCGCCCACT-1,0,48,32,1329,667
ATCAAACGAAGGTTTG-1,1,49,33,1351,679
TTGATTAGCTGTTTCT-1,1,48,34,1329,691
CTGCTGAGGCCACGAA-1,1,49,35,1350,704
CCGTGTTAAATTCCAT-1,1,48,36,1329,716
CACGTCGGCAACCTCT-1,1,49,37,1350,729
GTATTCTGAGAAACGA-1,1,48,38,1329,741
CGGTGCGCGTTGGTCC-1,0,49,39,1350,754
GTGATTCGCCGCTCAA-1,1,48,40,1328,766
GCCCGCGCGTAAACGG-1,0,49,41,1350,778
AACGTACTGTGGGTAC-1,0,48,42,1328,791
GAGTATGCCCGCCTTG-1,0,49,43,1350,803
TGATTCTGTCGCCGGT-1,0,48,44,1328,815
GGGCGGCAAATGAATT-1,0,49,45,1349,828
TTCCAATCTGGCTATC-1,0,48,46,1328,840
GGAACCGTGTAAATTG-1,0,49,47,1349,853
TTGGTCACACTCGTAA-1,0,48,48,1328,865
CGAACCCGCATGCGTC-1,0,49,49,1349,877
GGGCGTCACCACGTAA-1,0,48,50,1327,890
TACCAGAAGTAGGTTC-1,0,49,51,1349,902
TTGGATATCGTCTACG-1,0,48,52,1327,914
TAGATATGGACTGGAA-1,0,49,53,1349,927
GCGACGATAGTTGTAC-1,0,48,54,1327,939
CTGGATTTACACTTGA-1,0,49,55,1348,952
GTTATATTATCTCCCT-1,0,48,56,1327,964
TATTCCACTCAGCTCG-1,0,49,57,1348,976
CTGTTACCCAATCTAG-1,0,48,58,1327,989
ACGCGAAGTCAGACGA-1,1,49,59,1348,1001
GATAGGTAACGTTGAC-1,1,48,60,1326,1013
TGTTCGTATTGCGGTG-1,1,49,61,1348,1026
GGTCAGTGGGTCCCAC-1,1,48,62,1326,1038
AATTCTAGAGTTAGGC-1,1,49,63,1348,1051
GTTTACGTTCCATCTG-1,1,48,64,1326,1063
AGACCCACCGCTGATC-1,1,49,65,1347,1075
TCTAGCATGCCCAGAA-1,1,48,66,1326,1088
CCCGCAGCGCGAACTA-1,1,49,67,1347,1100
CTCTATTTGGCTGCAG-1,1,48,68,1326,1112
TTCTGCCGCGCCTAGA-1,1,49,69,1347,1125
ACTCCCTAGAATAGTA-1,1,48,70,1325,1137
CCGAACCTTCCCGGCC-1,1,49,71,1347,1150
TCAGACGCTATAGAAG-1,1,48,72,1325,1162
CAGGCGCCATGCTAGG-1,1,49,73,1347,1174
CACTCGAGCTGAACAA-1,1,48,74,1325,1187
ACAAGGAAATCCGCCC-1,0,49,75,1346,1199
ACCACGTGCAGCTATA-1,1,48,76,1325,1211
ACGGCGACGATGGGAA-1,0,49,77,1346,1224
TTACTAAAGGACTTTA-1,0,48,78,1324,1236
GGCTGAAATAGCAAAG-1,0,49,79,1346,1249
TTAGACGAGTCACCTC-1,0,48,80,1324,1261
GTAGTCGCGGGAATCA-1,0,49,81,1346,1274
GCAAACCCTACATTAT-1,0,48,82,1324,1286
GTTAAAGTAGGACTGG-1,0,49,83,1346,1298
ACCCTCCCTTGCTATT-1,0,48,84,1324,1310
CATGTCTCATTTATGG-1,0,49,85,1345,1323
AATAGAATCTGTTTCA-1,0,48,86,1324,1335
TCTCATGAGATAGGGT-1,0,49,87,1345,1348
ATGACTATGCGACATT-1,0,48,88,1323,1360
CCTAACCCAAACAAGT-1,0,49,89,1345,1373
AGTCAAGATGACACTT-1,0,48,90,1323,1385
CGGGAGCTTCAGTGTA-1,0,49,91,1345,1397
CCACAGTACCCATCCT-1,0,48,92,1323,1410
GAGCGCGCACGAGTAG-1,0,49,93,1344,1422
ACCAGTGCGGGAGACG-1,0,48,94,1323,1434
TCCTTACGACGGTCCG-1,0,49,95,1344,1447
TAGTCGATCACGGGTT-1,0,48,96,1323,1459
AGACGAAGTGCCGGTC-1,0,49,97,1344,1472
CGCTGGTGACTACCCT-1,0,48,98,1322,1484
AGGCATTGTCGTAGGG-1,0,49,99,1344,1496
TGGTAGAATATATGGG-1,0,48,100,1322,1509
TTCTTATCCGCTGGGT-1,0,49,101,1344,1521
AGTTTGGCACGGGTTG-1,0,48,102,1322,1533
GCATCGGCCGTGTAGG-1,0,49,103,1343,1546
ATGCGAGTCCCACCAC-1,0,48,104,1322,1558
TCGGCGAACCCAAACC-1,0,49,105,1343,1571
AGAGTAAACTTCACTA-1,0,48,106,1322,1583
AAGCCGAAGCGGTTTA-1,0,49,107,1343,1595
CCCGAGTTTCTCCGTA-1,0,48,108,1321,1608
AATATCGAATCAATGC-1,0,49,109,1343,1620
GCGCCTCCCACTCCGA-1,0,48,110,1321,1632
CGTTAAACTAGTTAGG-1,0,49,111,1343,1645
TGAGTTAAAGACATTC-1,0,48,112,1321,1657
AACAGGTAGTATGGAT-1,0,49,113,1342,1670
GAACGCGGGTCACACG-1,0,48,114,1321,1682
TGTTTGAGATCGTCAG-1,0,49,115,1342,1694
ATCTCGTGAGCGAAAC-1,0,48,116,1321,1707
CTGAGAAAGTTCGGCG-1,0,49,117,1342,1719
ATTACCACACTGCCTG-1,0,48,118,1320,1731
CTGCTGTCTAACGAGC-1,0,49,119,1342,1744
CGTGGAAGCCTCGTAC-1,0,48,120,1320,1756
GGACTCACAAATTAGG-1,0,49,121,1342,1769
CTTTGCTGTCATGGAT-1,0,48,122,1320,1781
GGTGTTGGGCGTCTTA-1,0,49,123,1341,1793
TACCATGTATTGATTT-1,0,48,124,1320,1806
GGTCTCCAAGTAGTGC-1,0,49,125,1341,1818
ATCCTTCTGAAAGAAC-1,0,48,126,1320,1830
CCGGAAGTTATCAGTC-1,0,49,127,1341,1843
TTAGAGGGATATACAG-1,0,50,0,1376,271
TTGTACACCTCGAACA-1,0,51,1,1397,283
GTGGGTACTGAGCGTA-1,0,50,2,1375,296
CTTAAGCAGCGAGCCG-1,0,51,3,1397,308
GCATTGACTTGCGGAA-1,0,50,4,1375,320
CCATAACCTGTGCAGT-1,0,51,5,1397,333
GGGCTACTATTTCGTG-1,0,50,6,1375,345
GGCGAGCGAAACGGCA-1,0,51,7,1396,358
GGAGACCATCTACATA-1,0,50,8,1375,370
AGACCAAACCACACCT-1,0,51,9,1396,382
CGACGCATCCGTACCT-1,0,50,10,1375,395
CCTAGGTAAAGGTAGC-1,0,51,11,1396,407
AGCGGCGGTTAGCGGT-1,0,50,12,1374,419
CTGGACGCAGTCCGGC-1,0,51,13,1396,432
AGCCTAATACCCACGT-1,0,50,14,1374,444
AATCTGGCTTTCTAGT-1,0,51,15,1396,457
CACCCTTGGTGAGACC-1,0,50,16,1374,469
GGATCTTGACTCAACC-1,0,51,17,1395,482
ACGAGGATACCACTCT-1,0,50,18,1374,494
GAGTTGATGGCAATTT-1,0,51,19,1395,506
GTGGCAAACAGCGGCA-1,0,50,20,1374,518
GATGTAACGAACCACC-1,0,51,21,1395,531
AGCCGTGGCTAAATGT-1,0,50,22,1373,543
CTCCCTCCTTTCGATC-1,0,51,23,1395,556
TTGGAAGAATACAGTC-1,0,50,24,1373,568
AGTTAAGTCAACCGCT-1,0,51,25,1395,581
CTCATGGTAATTTGCG-1,0,50,26,1373,593
AAAGTAGCATTGCTCA-1,0,51,27,1394,605
TTGTGGTAGGAGGGAT-1,0,50,28,1373,618
AGTCGTGGGCATTACG-1,1,51,29,1394,630
ACCTAAGTACCTTTCA-1,1,50,30,1372,642
GTAGAGGGAGACAAGT-1,0,51,31,1394,655
GATCCTCGACACTGGC-1,0,50,32,1372,667
CCTACATTCACAGACG-1,0,51,33,1394,680
TTGACCGTGTTAATGA-1,0,50,34,1372,692
TCTGTTACCCAGCATA-1,0,51,35,1394,704
CTAACTGGTCCGGTTC-1,0,50,36,1372,717
AGCGACAGGAACGGTC-1,0,51,37,1393,729
TAATAGAACAGAGTTA-1,0,50,38,1372,741
ACAGGTGGAGGTGAGG-1,0,51,39,1393,754
TGCGAGAATATTACCC-1,0,50,40,1371,766
TTGCGTCGGCCAACCG-1,0,51,41,1393,779
AGGCTTCCCGAAGAAG-1,0,50,42,1371,791
GCGGACCGCGTTGTGG-1,0,51,43,1393,803
GTAATCTGATTCTTCG-1,0,50,44,1371,816
CCGCGGAATGCGTCAC-1,0,51,45,1392,828
TTCCACACAGATTTGA-1,0,50,46,1371,840
CTTCTATTAATGCTAG-1,1,51,47,1392,853
CATTTGAGTGGTACGT-1,0,50,48,1371,865
TCACAGCAAACTCGAA-1,0,51,49,1392,878
CAGACGAACCTGATAC-1,0,50,50,1370,890
TAGCTAGAAGGCATGA-1,0,51,51,1392,902
ATCCAGAGCAACAACC-1,0,50,52,1370,915
TCCGGTTCGTCCGGTC-1,0,51,53,1392,927
CGCGCATGTTTGATTG-1,0,50,54,1370,939
TGGCGATCAAGTTATG-1,0,51,55,1391,952
CCCTTTGACAGGTCTT-1,0,50,56,1370,964
CAGAGACGGTCACCCA-1,1,51,57,1391,977
TAGCTCGCCTGATAAC-1,1,50,58,1370,989
TTGTGTTTCCCGAAAG-1,1,51,59,1391,1002
TATACACAGACGCCTT-1,1,50,60,1369,1014
ACATTAGTTTATATCC-1,1,51,61,1391,1026
CCATCGCAGTTAAACT-1,1,50,62,1369,1038
AATTAGCGCTGCAGCG-1,1,51,63,1391,1051
TCCGCTTATCCCATTA-1,1,50,64,1369,1063
GTTTGGGCTTGTGAGC-1,1,51,65,1390,1076
CTTGTCAACATTCGAG-1,1,50,66,1369,1088
GGACCAACAGGATAAC-1,0,51,67,1390,1101
AAGCTAGATCGAGTAA-1,1,50,68,1369,1113
TACCGTGCCTCGGACC-1,0,51,69,1390,1125
GTAGCCAAACATGGGA-1,1,50,70,1368,1138
TGCCAGTACGTGGAGA-1,0,51,71,1390,1150
ATAAGGTGGAGAACAT-1,1,50,72,1368,1162
CTTTAATATTGGTCGA-1,0,51,73,1390,1175
TGGTTCAACGGGTAAT-1,0,50,74,1368,1187
GCTGCTACTGCGTAGC-1,0,51,75,1389,1200
CTGCACAACTACATAT-1,0,50,76,1368,1212
ATATTCCACATAGTGA-1,0,51,77,1389,1224
TGGCAAACTAAATTAC-1,0,50,78,1368,1237
ACCGCAATAACTGCCT-1,0,51,79,1389,1249
TCGCACCAGGAGGCAG-1,0,50,80,1367,1261
ACTTCAGGCTGATCCC-1,0,51,81,1389,1274
ACAAATCGCACCGAAT-1,0,50,82,1367,1286
TCTGATGTATTCTGTC-1,0,51,83,1389,1299
CTTTACCGAATAGTAG-1,0,50,84,1367,1311
GCAGATCCATAAGACT-1,0,51,85,1388,1323
TTCCTCGGACTAACCA-1,0,50,86,1367,1336
TTATCCGGGATCTATA-1,0,51,87,1388,1348
CTGGAAGACACGGTGG-1,0,50,88,1367,1360
GTTCGTCTAAAGAACT-1,0,51,89,1388,1373
GTCTATTGGTTCCGGT-1,0,50,90,1366,1385
CTAGGCGCCCTATCAG-1,0,51,91,1388,1398
AACGGACGTACGTATA-1,0,50,92,1366,1410
AACACACGCTCGCCGC-1,0,51,93,1388,1422
GCTACTATAGTAGAGT-1,1,50,94,1366,1435
AGCATATCAATATGCT-1,0,51,95,1387,1447
CGAACAGTATGGGCGT-1,0,50,96,1366,1459
ACAATTGTGTCTCTTT-1,0,51,97,1387,1472
GATCGCTACCCGATTT-1,0,50,98,1366,1484
ATTGCGATCAGTAACT-1,0,51,99,1387,1497
CAGCAGTCCAGACTAT-1,0,50,100,1365,1509
AGAGGCTTCGGAAACC-1,0,51,101,1387,1521
AAACAAGTATCTCCCA-1,0,50,102,1365,1534
GGCAGCAAACCTATGC-1,0,51,103,1387,1546
ACTAGTTGCGATCGTC-1,0,50,104,1365,1558
TTGGACCATCTGGCAA-1,0,51,105,1386,1571
CCCTCCTCGCTCGTAT-1,0,50,106,1365,1583
GAGCGCAAATACTCCG-1,0,51,107,1386,1596
ATTACATGTCAGTCTT-1,0,50,108,1364,1608
TTGGGACGTAAGAGTT-1,0,51,109,1386,1621
CTTCGGCCAATTGTTT-1,0,50,110,1364,1633
AGACCGCTCCGCGGTT-1,0,51,111,1386,1645
GACCGCGTCTGACGTG-1,0,50,112,1364,1657
CCAAATAACAAGATTC-1,0,51,113,1386,1670
TCTTTAGAGTCTAACA-1,0,50,114,1364,1682
CTCCCAATGAGTCGCG-1,0,51,115,1385,1695
TAGTCTTTCCGAATTG-1,0,50,116,1364,1707
GAGTAAACCGGAAAGT-1,0,51,117,1385,1720
GATCTCGACGCTGTGG-1,0,50,118,1363,1732
CTGACATAGAAATAGA-1,0,51,119,1385,1744
TATACCGAGTGCCACA-1,0,50,120,1363,1757
TCCGAACGTTGCCGCT-1,0,51,121,1385,1769
GCAGAAGGTAATCTCC-1,0,50,122,1363,1781
GGTACTAAGTGCTTTG-1,0,51,123,1384,1794
CAGAATATTCGTTATC-1,0,50,124,1363,1806
TAATCAACCAAATGGG-1,0,51,125,1384,1819
TCTGCTTAGAACAAGC-1,0,50,126,1363,1831
AACTGAGTTATACTGA-1,0,51,127,1384,1843
CCTCAACGATCGCTGT-1,0,52,0,1419,271
CGGTACGGCAAACCCA-1,0,53,1,1440,284
CAGATGTTTGTCCCAA-1,0,52,2,1418,296
GTTTGTTAGCCAAGTA-1,0,53,3,1440,309
ACGTGACAAAGTAAGT-1,0,52,4,1418,321
TTGTCACCGCGGTATC-1,0,53,5,1440,333
GATCTAACCGTATTCA-1,0,52,6,1418,346
ATGGAAATTTAAGGAG-1,0,53,7,1439,358
ATTGATCACCACATTT-1,0,52,8,1418,370
ACTGCTCGGAAGGATG-1,0,53,9,1439,383
TCTAAAGAACAGTCTC-1,0,52,10,1418,395
CTGGGTTGAGTTAAAG-1,0,53,11,1439,408
CCCAGTAAACTTGGGA-1,0,52,12,1417,420
AGATTCACAACCGATA-1,0,53,13,1439,432
AGAAGGTACACTTCAC-1,0,52,14,1417,445
GCAGGAACTTAGATCT-1,0,53,15,1439,457
AATCTAGGTTTACTTG-1,0,52,16,1417,469
CCCGGTGTATCGGAAT-1,0,53,17,1438,482
TTATCCTCAAGGAATA-1,0,52,18,1417,494
AGCATCATTTCGAAAG-1,0,53,19,1438,507
CGCGAGTCTGCCGGGT-1,0,52,20,1417,519
TGCGTCATGACTGAGC-1,0,53,21,1438,531
GTATGAAATTTCACTC-1,0,52,22,1416,544
TTGGTTGCGGTGCGCG-1,0,53,23,1438,556
ACAGAACTGAGAACAA-1,0,52,24,1416,568
CTACTATCATAGGTTT-1,1,53,25,1438,581
CCTCTATCGATTAGCA-1,1,52,26,1416,593
CCGTATCTCGTCGTAG-1,1,53,27,1437,606
TCACGATGTCCGTGGA-1,1,52,28,1416,618
TCAACAAAGATAATTC-1,0,53,29,1437,630
ATGACGCGTTCTATCC-1,0,52,30,1416,643
ATTTGCGCGAGTAGCT-1,0,53,31,1437,655
TTCTTGGACGATCTGC-1,0,52,32,1415,667
AGACGACGATGCCGCT-1,0,53,33,1437,680
GGTCTCTGAATGGACT-1,0,52,34,1415,692
GCTCAATCCGTTTATT-1,1,53,35,1437,705
CCAGAAAGCAACTCAT-1,0,52,36,1415,717
CACCGTTAGGGATCAC-1,0,53,37,1436,729
AATAACACTAGAACAA-1,0,52,38,1415,742
CACCCGGTTTGTGACT-1,0,53,39,1436,754
CCACCAACTTTACTGT-1,0,52,40,1415,766
AACTCTCAGTGTGCTC-1,0,53,41,1436,779
AAACCGTTCGTCCAGG-1,0,52,42,1414,791
CAGCGATTCCCTTCAA-1,0,53,43,1436,804
GCTAGCTTGAATAGCT-1,0,52,44,1414,816
TTGCGGCATCAGAAAG-1,0,53,45,1436,829
AATAGAACAGAGTGGC-1,0,52,46,1414,841
GCCATCGAGCTGCGTG-1,0,53,47,1435,853
ACACTGATCAAGGTGT-1,0,52,48,1414,866
ACCAACGCTTATTTAT-1,0,53,49,1435,878
GACATCGATTTATAAC-1,0,52,50,1414,890
CAGACACCGATCGCTG-1,0,53,51,1435,903
CCAAGAAAGTGGGCGA-1,0,52,52,1413,915
GGTAGACCGTTGGGCG-1,0,53,53,1435,928
TCGTTAGGAGTCCCTA-1,0,52,54,1413,940
ACGGCCAACATGGACT-1,0,53,55,1435,952
GTGAGTGGTACAACGC-1,0,52,56,1413,965
GAGACTTCGCGACCGA-1,0,53,57,1434,977
GAAGTCAGTTGCACTA-1,0,52,58,1413,989
GTTTGGTAGGGTCAAC-1,1,53,59,1434,1002
ACGGCACTTGCTTGGG-1,0,52,60,1412,1014
CCTCTGTACTATTCTA-1,0,53,61,1434,1027
CTATTCATGTGTCCCA-1,0,52,62,1412,1039
GCCCGATCTGTGGTCG-1,0,53,63,1434,1051
TTAGAAGAACATGACT-1,1,52,64,1412,1064
AGGATAAAGTCGGGAT-1,0,53,65,1434,1076
CGGCAAACATCGTGCG-1,0,52,66,1412,1088
CTAGTTACAACCCGGT-1,0,53,67,1433,1101
TTCGACAGAGCCCGTG-1,0,52,68,1412,1113
AAGCATACTCTCCTGA-1,0,53,69,1433,1126
GACGACGATCCGCGTT-1,0,52,70,1411,1138
GGTAGAAGACCGCCTG-1,0,53,71,1433,1150
GAGATGGGAGTCGACA-1,0,52,72,1411,1163
AACGATAATGCCGTAG-1,0,53,73,1433,1175
TGGTCCCACGCTACGG-1,0,52,74,1411,1187
CTGCTTGGCGATAGCT-1,0,53,75,1432,1200
ATCGGAGACAGACGGC-1,0,52,76,1411,1212
TAGCGTCCGGTGTGGT-1,0,53,77,1432,1225
GTTGAGTCCCGCCGGT-1,0,52,78,1411,1237
AAATAGGGTGCTATTG-1,0,53,79,1432,1249
AAGTGTTTGGAGACGG-1,0,52,80,1410,1262
AGCACTACCTCACCAG-1,0,53,81,1432,1274
TGCCTTGGCCAGGCAA-1,0,52,82,1410,1286
TCGTCTTAGGCGTTAA-1,0,53,83,1432,1299
TTCTGACCGGGCTCAA-1,0,52,84,1410,1311
CAGAACTTAGCCCTCT-1,0,53,85,1431,1324
AGCTCCTTCGCACATC-1,0,52,86,1410,1336
ACAGGCTTGCCCGACT-1,0,53,87,1431,1349
GCTATACGTCTCGGAC-1,0,52,88,1410,1361
GAGCCAGCTACCTGTG-1,0,53,89,1431,1373
TGCTAAGTGTCTATTT-1,0,52,90,1409,1385
GTCCTACGAATAGTCT-1,0,53,91,1431,1398
CAGTGTCGGCTGGCCC-1,0,52,92,1409,1410
CTATCGACGAAATACA-1,0,53,93,1431,1423
CATCATTACCCTGAGG-1,0,52,94,1409,1435
TAAGTTGCGACGTAGG-1,0,53,95,1430,1448
AGTGCACGCTTAAGAA-1,0,52,96,1409,1460
TGTGCCGGTGCCGGAA-1,0,53,97,1430,1472
AGGAGGCCTTCGCGCG-1,0,52,98,1409,1485
TCCGCGGCCCAATGAA-1,0,53,99,1430,1497
TCCGTTAAGCTAATAT-1,0,52,100,1408,1509
AAATCTAGCCCTGCTA-1,0,53,101,1430,1522
CGCAGGCGATCCAAAC-1,0,52,102,1408,1534
CCATATGGAAACTATA-1,0,53,103,1430,1547
CACCGTATCCCATCCG-1,0,52,104,1408,1559
GGTCAAGACTACTTCG-1,0,53,105,1429,1571
CCCGTTTCGCAGATGT-1,0,52,106,1408,1584
GTTATAATACGGTGAA-1,0,53,107,1429,1596
ACTTGTGGATGGAACG-1,0,52,108,1408,1608
GTTCGCTGAGACGTCT-1,0,53,109,1429,1621
GACACTGGAACCCGAT-1,0,52,110,1407,1633
CCCAGGTCTGAAGGCT-1,0,53,111,1429,1646
TCTCGAGGAGGTTCGC-1,0,52,112,1407,1658
ACTATCTGCCCGCGTA-1,0,53,113,1429,1670
CCTAAATTGTATCCTA-1,0,52,114,1407,1683
AGAAATTATGACTCGC-1,0,53,115,1428,1695
TCCAGCGCTATAAGCG-1,0,52,116,1407,1707
TCGTGTATTGGTCACG-1,0,53,117,1428,1720
CCACATACTGCACCCA-1,0,52,118,1407,1732
GTTGCGGACGGTCAGG-1,0,53,119,1428,1745
GTATTTAATGGCATAA-1,0,52,120,1406,1757
GTCGATAGGTGACTTT-1,0,53,121,1428,1769
AATAATCTTCGTATCG-1,0,52,122,1406,1782
ATTGTTCAACGATCCG-1,0,53,123,1428,1794
GTGCAGCGTAGAGTAG-1,0,52,124,1406,1806
TGTGGTAGGGTGCCTT-1,0,53,125,1427,1819
TGTGGACTATCTACGT-1,0,52,126,1406,1831
GGCGGGCTCTAAGAGT-1,0,53,127,1427,1844
TGTGCCAGAGGCAAAG-1,0,54,0,1462,272
TGGCTTATGTATAATG-1,0,55,1,1483,284
GCAAGCTGGAAACCGC-1,0,54,2,1462,296
GATATCAAGCAGGAGC-1,0,55,3,1483,309
CACCAATCATCCGTCT-1,0,54,4,1461,321
CCACATGGCTCTTTAT-1,0,55,5,1483,334
GTCCTACTCTACGGGC-1,0,54,6,1461,346
CTCGAGACATACGATA-1,0,55,7,1483,358
TATCAGTGGCGTAGTC-1,0,54,8,1461,371
TGACAGGACAAGTCCA-1,0,55,9,1482,383
TATTAACACCAAAGCA-1,0,54,10,1461,395
TAGGCGATGAGGTCTC-1,0,55,11,1482,408
CCGCCGGAACTTCTCG-1,0,54,12,1461,420
GCCATTAGCCTCAAAC-1,0,55,13,1482,433
GTTAGGCTACCCGTTT-1,0,54,14,1460,445
GGGTATTCTAGCAAAC-1,0,55,15,1482,457
GCCCTAGCCGTCGCGA-1,0,54,16,1460,470
CAGATCCTGGTTTGAA-1,0,55,17,1482,482
CTTCAGTGGTCGCCTA-1,0,54,18,1460,494
GGGCAACCGCACGTGC-1,0,55,19,1481,507
GACCCAATTATGATAC-1,0,54,20,1460,519
GAAGCTCGGACCCGTC-1,0,55,21,1481,532
CGTCGGGTCTAAGCGC-1,0,54,22,1459,544
GAGGCCCGACTCCGCA-1,0,55,23,1481,557
TTGCCATAGCCCGCTC-1,1,54,24,1459,569
TAACATACACGCGATC-1,0,55,25,1481,581
CCGACGGGCATGAGGT-1,1,54,26,1459,593
AATGTGCCCGAGGTGT-1,0,55,27,1481,606
AGCTGTAACCTCAATC-1,1,54,28,1459,618
CGAGTGAAGGTACCAG-1,0,55,29,1480,631
AGTCTCACAAGACTAC-1,1,54,30,1459,643
AAATTGATAGTCCTTT-1,1,55,31,1480,656
TAAGTCGCCGAGTATC-1,1,54,32,1458,668
GCGGAGAAACTTCGCA-1,0,55,33,1480,680
GGCAAAGGCGCCAATA-1,1,54,34,1458,693
ATTTCCGGGTTCTGCG-1,0,55,35,1480,705
TAAACCCAGGAGGGCA-1,0,54,36,1458,717
TTCGGGCGCTAGTCTT-1,0,55,37,1479,730
GTGGAGTCGGCGGTTG-1,0,54,38,1458,742
GCACGCCTACTTAGAT-1,0,55,39,1479,755
CAATATTCTTGACCTA-1,0,54,40,1458,767
CGTTTGTGTAGAGGGT-1,0,55,41,1479,779
CATAGCGTTGCCCACC-1,0,54,42,1457,792
TGATACATTTAGCCGT-1,0,55,43,1479,804
TTCCGGCCTTGAGGCT-1,0,54,44,1457,816
CCTATACCGTCCTGTC-1,0,55,45,1479,829
TCGTTGCTATCCGGTC-1,0,54,46,1457,841
TGGCGACTGCTCCAAA-1,0,55,47,1478,854
CAGAGGCGATGCATGA-1,0,54,48,1457,866
TCACAGGAGAATAAGA-1,0,55,49,1478,878
GGGTTAACATTTGAGT-1,0,54,50,1457,891
GCGGGCGAGCCTTACC-1,0,55,51,1478,903
TGCCAATGGGTACTCT-1,0,54,52,1456,915
AGGGACTCTACGCGAC-1,0,55,53,1478,928
GACGCCGTAAAGGCTA-1,0,54,54,1456,940
AAAGGCTCTCGCGCCG-1,0,55,55,1478,953
CTGGCTGGTTGTCAGT-1,0,54,56,1456,965
ACATCCCGGCCATACG-1,0,55,57,1477,977
CTCTTGTCCCGCTTGG-1,0,54,58,1456,990
TACGCCTCCATTCCGA-1,0,55,59,1477,1002
CGGAGCAATTTAATCG-1,0,54,60,1456,1014
AACTAGGCTTGGGTGT-1,0,55,61,1477,1027
GCGTCGCCAGGGTGAT-1,0,54,62,1455,1039
GTTGGTCATGCTATCC-1,0,55,63,1477,1052
GCTGGCGGCGCATGCT-1,0,54,64,1455,1064
TGAGCGGAAAGTGTTC-1,0,55,65,1477,1077
CTTTCTGTGCGGGCTT-1,0,54,66,1455,1089
ATCTAATATCCTACGG-1,0,55,67,1476,1101
AACCTTTAAATACGGT-1,0,54,68,1455,1113
TTCACTCGAGCACCTA-1,0,55,69,1476,1126
CTGCACTCCAGTACAG-1,0,54,70,1455,1138
CCATTTCTACCTATTA-1,0,55,71,1476,1151
CAAGCGGCACATAATT-1,0,54,72,1454,1163
GTTAACATCACTTAAA-1,0,55,73,1476,1176
ATATAAATGTAGCTGC-1,0,54,74,1454,1188
GCCTCTATACATAGCA-1,0,55,75,1476,1200
GTGTCGTATAGCGTTC-1,0,54,76,1454,1213
ATACGTACTTAGCCAC-1,0,55,77,1475,1225
GCTATCATACTCATGG-1,0,54,78,1454,1237
TATCCAATTGGTTATC-1,0,55,79,1475,1250
TCTCCCTGGGCAGCGT-1,0,54,80,1454,1262
CCTATAATGAGTGCCC-1,0,55,81,1475,1275
CAATGCGAGAAGTATC-1,0,54,82,1453,1287
TACCAATAAAGTACCA-1,0,55,83,1475,1299
GCTAGGCACCACGGAG-1,0,54,84,1453,1312
GGTGGACTGCTCTGGC-1,0,55,85,1475,1324
TATTCCGAGCTGTTAT-1,0,54,86,1453,1336
TTGAGAAGTTTAGCAT-1,0,55,87,1474,1349
GTCCGGACCTGAAATT-1,0,54,88,1453,1361
CTGTGGTCGGGAGATA-1,0,55,89,1474,1374
CATGTAAGAGACATTT-1,0,54,90,1452,1386
CACGTTTCGTACACAC-1,0,55,91,1474,1398
CATCCTCTCAAAGATC-1,0,54,92,1452,1411
GATTAACCGAAAGCCC-1,0,55,93,1474,1423
AACGCTGTTGCTGAAA-1,0,54,94,1452,1435
TTCAGCTGGCGTGCCC-1,0,55,95,1474,1448
TAGAGGTTCTACTTGT-1,0,54,96,1452,1460
GTATCAAACGTTAGCT-1,0,55,97,1473,1473
AATCATGTAAAGACTC-1,0,54,98,1452,1485
AGTCACTAGCTCTCGA-1,0,55,99,1473,1497
GCGAAACGATCGGGAG-1,0,54,100,1451,1510
CATGGATTGTCTTCCG-1,0,55,101,1473,1522
ATTGGATTACAGCGTA-1,0,54,102,1451,1534
CACACACGCTAACGAG-1,0,55,103,1473,1547
CTATGGGAAGCGGAAT-1,0,54,104,1451,1559
TGCCTAATTGAAGATT-1,0,55,105,1472,1572
TGGCAATGGGACGGCG-1,0,54,106,1451,1584
ACCTCCGCCCTCGCTG-1,0,55,107,1472,1596
CGGCAATAAGATCGCC-1,0,54,108,1451,1609
CCTTGACCACTTTATT-1,0,55,109,1472,1621
TCATTTAGAAGTGTGA-1,0,54,110,1450,1633
CAGAATAACACACGGA-1,0,55,111,1472,1646
TCTGAGCAATTGACTG-1,0,54,112,1450,1658
CAACGTGGTGGAGTCT-1,0,55,113,1472,1671
CACAGTTCGCTTCCCA-1,0,54,114,1450,1683
TCTCTCGCCGCACATA-1,0,55,115,1471,1696
TGGGCAGGCCACCGCA-1,0,54,116,1450,1708
CTCCTGTTCAAGGCAG-1,0,55,117,1471,1720
TATTTGATTTGCACAG-1,0,54,118,1450,1732
GCCACTCCTTACGGTA-1,0,55,119,1471,1745
ACCGATATTTAATCAT-1,0,54,120,1449,1757
TTATTATCTGGAAGGC-1,0,55,121,1471,1770
TACATGCCGGAATTGT-1,0,54,122,1449,1782
GGCACTCAGCCGACCC-1,0,55,123,1471,1795
AAACCGGAAATGTTAA-1,0,54,124,1449,1807
AGACAGGCATCTCAGC-1,0,55,125,1470,1819
GTGGTGATGGTTTGTG-1,0,54,126,1449,1832
CCGATATGACGTAAGG-1,0,55,127,1470,1844
CATACACAAAGTCAGC-1,0,56,0,1505,272
TGCCGTTCTTAATCGG-1,0,57,1,1526,285
TCGAGTCTACGATTCG-1,0,56,2,1505,297
ACTTCCAGTGGAAGCT-1,0,57,3,1526,309
CAATTGGGCCGCACTC-1,0,56,4,1504,321
AAATCGCGGAAGGAGT-1,0,57,5,1526,334
ATATCAATTCCAGCCT-1,0,56,6,1504,346
CTTTGTCGAATGCTCC-1,0,57,7,1526,359
TGAGGCATGTACTGTG-1,0,56,8,1504,371
TTCGCCGCTCGCGCTA-1,0,57,9,1525,384
GACTCCTTCCAATTGA-1,0,56,10,1504,396
ACCGAAGAGTCTGGTT-1,0,57,11,1525,408
TGGCATGAAGTTTGGG-1,0,56,12,1504,421
ACGAGGTTTACAACGT-1,0,57,13,1525,433
AACCCATCCCATGATC-1,0,56,14,1503,445
TCGACAACTGAACCCG-1,1,57,15,1525,458
TATCTTGCAATACAAC-1,0,56,16,1503,470
TATTATGTTTGCCTGC-1,1,57,17,1525,483
GTCAAAGAAGTGGTGT-1,0,56,18,1503,495
GGGACAGAGTTACTCC-1,1,57,19,1524,507
AGCAACCGAAAGTAAT-1,1,56,20,1503,520
CTCTCTAACTGCCTAG-1,1,57,21,1524,532
ATACGGAACGTCGTTT-1,1,56,22,1503,544
TCGGTCCCGACAATAG-1,1,57,23,1524,557
CGCGCAAATGTCCAGA-1,1,56,24,1502,569
TCTAATACTGCCTCAG-1,1,57,25,1524,582
CTCGGTTGTCGGCCCT-1,1,56,26,1502,594
GGTAACCGGGAGGATA-1,1,57,27,1524,606
CAGGCGCACGGTGGTC-1,1,56,28,1502,619
TCATCGATGGTCCCAA-1,1,57,29,1523,631
CAAAGATTATTGGGCC-1,1,56,30,1502,643
ACAATGAATACGGAGA-1,1,57,31,1523,656
GCTCCTGACATACTGG-1,0,56,32,1502,668
GATGACAAGTAGGGCA-1,0,57,33,1523,681
TACGCCGAGGGTACCC-1,0,56,34,1501,693
AAGCGTCCCTCATCGA-1,0,57,35,1523,705
CACTCCTATGTAAGAT-1,0,56,36,1501,718
TCGAGCCAGGCAGGCC-1,0,57,37,1523,730
TCGTCAAGTACGCGCA-1,0,56,38,1501,742
CCCGTAGCTGGGAAGA-1,0,57,39,1522,755
ACCCTATGCCATATCG-1,0,56,40,1501,767
GTGGTATAGTCTGCCG-1,0,57,41,1522,780
CCGGTTTGTAATTGTG-1,0,56,42,1501,792
GTCGCCGTTGTGTGTT-1,0,57,43,1522,804
TACTGAACAGATTTAG-1,0,56,44,1500,817
TATTAACCTGACCGCG-1,0,57,45,1522,829
CTGTAGCCATCTCACT-1,0,56,46,1500,841
TACTATGGTTCCTCAG-1,0,57,47,1522,854
GAGTCAGACCAGAATC-1,0,56,48,1500,866
TAAGGCATAACATCAA-1,1,57,49,1521,879
CTTCCGCTCCGTGAAG-1,0,56,50,1500,891
GGGCTATGATCGATGG-1,1,57,51,1521,904
GGTCGGTCGTCCACAG-1,0,56,52,1499,916
GGGACCCGTATATCTT-1,1,57,53,1521,928
GAAAGCAGTGCACTTT-1,1,56,54,1499,940
AGCGCATAATGAATCG-1,0,57,55,1521,953
GCTGCTAAGTAGTCGA-1,1,56,56,1499,965
AATAGTCCGTCCCGAC-1,0,57,57,1521,978
AGCAGCCAGATGAATA-1,0,56,58,1499,990
CCTCGCGCTGTGCGAT-1,0,57,59,1520,1003
TTGTGTATGCCACCAA-1,0,56,60,1499,1015
TGCTCGGCGAAACCCA-1,0,57,61,1520,1027
CGATTAAATATCTCCT-1,0,56,62,1498,1040
TGCCGTGGATCGTCCT-1,0,57,63,1520,1052
GTGGACGCATTTGTCC-1,0,56,64,1498,1064
ACCCGGAAACTCCCAG-1,0,57,65,1520,1077
CCGCATGTGGTACGAT-1,0,56,66,1498,1089
GCAAACCTTGGCCATA-1,0,57,67,1519,1102
ATTCACTGATGTTGGA-1,0,56,68,1498,1114
ACTCCCTAATGCTAAA-1,0,57,69,1519,1126
TCCTAAATTGGGAAGC-1,0,56,70,1498,1139
GAACAGATTACTAAAT-1,0,57,71,1519,1151
ATACAGGCCCTCCAAT-1,0,56,72,1497,1163
CGATTCGCCTGGCTGC-1,0,57,73,1519,1176
TCCGCCTGTCTACAAG-1,0,56,74,1497,1188
CACATCTCACCGACGA-1,0,57,75,1519,1201
CGTCGTCCTTCGCGAA-1,0,56,76,1497,1213
CGTTGAATACCGCGCT-1,0,57,77,1518,1225
ACCAATATGCAAGTTA-1,0,56,78,1497,1238
ACGGATGGTGCGGATA-1,0,57,79,1518,1250
CACCCTAACAAGATCT-1,0,56,80,1497,1262
AAGCTCTTTCATGGTG-1,0,57,81,1518,1275
CATGGGTATGCCTTAT-1,0,56,82,1496,1287
GCGCGTCATTGGTACA-1,0,57,83,1518,1300
TCTGAAGCACGTGGTC-1,0,56,84,1496,1312
AAGTTCACTCCAAGCT-1,0,57,85,1518,1324
TTGGACCTATAACAGT-1,0,56,86,1496,1337
ATCAGCCTCATGCTGC-1,0,57,87,1517,1349
AGTACTCTTATGCCCA-1,0,56,88,1496,1361
GCGCTTAAATAATTGG-1,0,57,89,1517,1374
TTGTGAACCTAATCCG-1,0,56,90,1496,1386
AGTCGTCGACCACCAA-1,0,57,91,1517,1399
TCCTTTAAATCCGCTT-1,0,56,92,1495,1411
ACTGAAACGCCGTTAG-1,0,57,93,1517,1424
GCACACACTGGTAGCC-1,0,56,94,1495,1436
TAAGGGCCTGTCCGAT-1,0,57,95,1517,1448
GCTAGAGTAGAGATGT-1,0,56,96,1495,1460
CACAGGGCCATATAGT-1,0,57,97,1516,1473
CCATGCCCTAGATTTC-1,0,56,98,1495,1485
TCGCGTAGCAGTGTCC-1,0,57,99,1516,1498
GACGAGGCTAATAAAC-1,0,56,100,1495,1510
CTACACTCGCAGATGG-1,0,57,101,1516,1523
ACGCATACGTTTACTA-1,0,56,102,1494,1535
GGAGCAACATTTCAAG-1,0,57,103,1516,1547
CGAGAGGGTAGCCGCG-1,0,56,104,1494,1560
TCGTGTTCGACCACAA-1,0,57,105,1516,1572
TCTACCCAATAGAGAG-1,0,56,106,1494,1584
ATAAACGTTGCACCAC-1,0,57,107,1515,1597
TCAACTGCAGAGTCAG-1,0,56,108,1494,1609
AGCTCCATATATGTTC-1,0,57,109,1515,1622
GTAACATCTAAGATAA-1,0,56,110,1494,1634
CCGACAATAGGCCGCC-1,0,57,111,1515,1646
ATGCTTAGGAGTTGAT-1,0,56,112,1493,1659
AACCCGAGCAGAATCG-1,0,57,113,1515,1671
CGGGTTTGTTAGGGCT-1,0,56,114,1493,1683
AGGCACGTGACTGTCC-1,0,57,115,1515,1696
GACAAGAGATGAGATT-1,0,56,116,1493,1708
AGCCCTTGGACATCCC-1,0,57,117,1514,1721
GCAGTTCGATCCGAGC-1,0,56,118,1493,1733
TCGAGGGCAACAGACG-1,0,57,119,1514,1745
ACTTTGTCGACGCACT-1,0,56,120,1492,1758
GAGTATCAAAGTTACA-1,0,57,121,1514,1770
CCAGGCTGGCGTCTGA-1,0,56,122,1492,1782
GGACTCTTCCGGTTGA-1,0,57,123,1514,1795
TCCCAGCACACGACAT-1,0,56,124,1492,1807
GCTCCATGAGTGCAGA-1,0,57,125,1514,1820
GCAGTGCGGGCGGATG-1,0,56,126,1492,1832
GCGTTCTGACTAAGCG-1,0,57,127,1513,1844
ATTTGGAGATTGCGGT-1,0,58,0,1548,272
AAGGGTTTGATTTCAG-1,0,59,1,1569,285
CCGGCCGCGAGCATAT-1,1,58,2,1548,297
GAGTTCTGTGGGTGCT-1,0,59,3,1569,310
AAACGAAGATGGAGTA-1,1,58,4,1547,322
AATTACGAGACCCATC-1,0,59,5,1569,334
CCTTTGAATTATGGCT-1,0,58,6,1547,347
CATGGTATTAGTTTGT-1,0,59,7,1569,359
AACGAAAGTCGTCCCA-1,1,58,8,1547,371
ACATAAGTCGTGGTGA-1,0,59,9,1569,384
GCACAACCTCGGGCGT-1,1,58,10,1547,396
ATGCACGCGCTGTTCA-1,0,59,11,1568,409
CGATGTTGTTATCTAC-1,1,58,12,1547,421
GTCTCCTGCCAGTATG-1,1,59,13,1568,433
GATGCCTTCTGCGGCA-1,1,58,14,1546,446
ACCGGTCAGGTACACC-1,1,59,15,1568,458
GTGGAGCGTTTACCGA-1,0,58,16,1546,470
AGGCGGTTTGTCCCGC-1,1,59,17,1568,483
TCCCTGGCGTATTAAC-1,1,58,18,1546,495
AAACACCAATAACTGC-1,0,59,19,1567,508
TGGACGCAATCCAGCC-1,1,58,20,1546,520
GGAACCTTGACTCTGC-1,1,59,21,1567,532
GTATCTCAGTCTTGAC-1,1,58,22,1546,545
GCTGAATCTTCCAATC-1,0,59,23,1567,557
AGATGCAAGACGTGCA-1,1,58,24,1545,569
TTAAGGCCCGTACTTT-1,0,59,25,1567,582
AGTATGCTGGAGACCA-1,1,58,26,1545,594
GCGGCAAAGTATTGCC-1,1,59,27,1567,607
GCGCAAATATATTCAA-1,0,58,28,1545,619
GAAGAAACGATATTGT-1,0,59,29,1566,632
GGACCTCTAGGCCGCC-1,0,58,30,1545,644
AACAGCTGTGTGGCAA-1,0,59,31,1566,656
TCGAATATCCCGCAGG-1,0,58,32,1545,668
GCGACCCAACCATCTG-1,0,59,33,1566,681
AGAGAAGGAGTACAAT-1,0,58,34,1544,693
GGCTCCTCCACCTGTT-1,0,59,35,1566,706
TCAGTGTATACGTCAT-1,0,58,36,1544,718
ATTATTATGTCCGTCA-1,0,59,37,1566,731
TTAGGTCATAACCGAC-1,0,58,38,1544,743
AAGATGGCACCGGACC-1,0,59,39,1565,755
CTACAAGAAATAACCC-1,0,58,40,1544,768
ACTATTTCCGGGCCCA-1,0,59,41,1565,780
TTGTTTCACATCCAGG-1,1,58,42,1544,792
CGCTGTGTGGATGTTG-1,1,59,43,1565,805
TCAACATAGCGCCCTA-1,1,58,44,1543,817
GGCCGTTTGGGTTTCA-1,1,59,45,1565,830
TACTCTTTCGTCTTCA-1,1,58,46,1543,842
TTCGCGCGCCATACGA-1,0,59,47,1565,854
CGGAAAGAATCAAACG-1,1,58,48,1543,867
AGGCAGGGAGCGTACT-1,0,59,49,1564,879
CCTTTAAGGGAGCACT-1,0,58,50,1543,891
CGCCCAGCACGCCTAG-1,0,59,51,1564,904
AGTATTTGGCACGACC-1,0,58,52,1543,916
TATCCGCACCGTCGGG-1,0,59,53,1564,929
ACCCGTGTCATCAGTA-1,0,58,54,1542,941
CAACTGCTCATCCGAT-1,0,59,55,1564,953
CCGGAGCGTACTTTCT-1,0,58,56,1542,966
TACCGTAGGTTAACTA-1,0,59,57,1564,978
TGAGGAGTGCCAGCTT-1,0,58,58,1542,990
CCAGTCTTGTCATAGA-1,0,59,59,1563,1003
GGGCAGAGCAATCGTT-1,0,58,60,1542,1015
TACCAAATAGCCCAGA-1,0,59,61,1563,1028
TACCTACTCCCAGTAT-1,0,58,62,1542,1040
TGTGAGACTAGCCCAA-1,0,59,63,1563,1052
ATACCTAACCAAGAAA-1,0,58,64,1541,1065
GTCGGGAAGCAGAAAC-1,0,59,65,1563,1077
AATTAACGGATTTCCA-1,0,58,66,1541,1089
GAACCCTCTGTGTTCT-1,0,59,67,1563,1102
ATATAAAGCGCTCGTG-1,0,58,68,1541,1114
CCTGGTCGAATGTGGG-1,0,59,69,1562,1127
CTAGGTTCGGACGTGA-1,0,58,70,1541,1139
TCGGGAGACAGCGTAC-1,0,59,71,1562,1151
CATAAGAAGCTTGGCT-1,0,58,72,1541,1164
AAGCACCCTGCGTATC-1,0,59,73,1562,1176
AGTTTGCACCTGCCTC-1,0,58,74,1540,1188
GACTGCAAATCGAGCT-1,0,59,75,1562,1201
GTGTATATCAGCGGGC-1,0,58,76,1540,1213
CTTCAACTCCACTTGG-1,0,59,77,1562,1226
ACTTACGCATCCACGC-1,0,58,78,1540,1238
CATGAGATGCACTCTC-1,0,59,79,1561,1251
GAGCACCTGTGTCCAG-1,0,58,80,1540,1263
CGCGACCGCGACAGAT-1,0,59,81,1561,1275
GTCCCGCGACGTTATG-1,0,58,82,1539,1288
GCAGTGTGGCTATAGG-1,0,59,83,1561,1300
ATACTGCCTTACACCG-1,0,58,84,1539,1312
TACAGAAACGGTGGGC-1,0,59,85,1561,1325
GGCGCGGAGATCTTTC-1,0,58,86,1539,1337
CGTTAATGTCCCGACG-1,0,59,87,1561,1350
GCTAACTGAAGTCTGA-1,0,58,88,1539,1362
AGTGATAACCTGCGCG-1,0,59,89,1560,1374
TATGATCTTCTCTTTA-1,0,58,90,1539,1387
TGTACCTACACGAGGG-1,0,59,91,1560,1399
ATATCGTTCCTCGAAC-1,0,58,92,1538,1411
CGGCGCCATCAATCCC-1,0,59,93,1560,1424
CCTGTTTGAAGACACG-1,0,58,94,1538,1436
GCCACTCAGAGCGCGA-1,0,59,95,1560,1449
TCGGCTTGTATCGACG-1,0,58,96,1538,1461
TAGATGGTTCCTTACT-1,0,59,97,1559,1473
ATCGTTAGCTAGCGGA-1,0,58,98,1538,1486
ACAGCGACATTCTCAT-1,0,59,99,1559,1498
ATTCAACCATTTAAGG-1,0,58,100,1538,1510
CACTCTTCTGCTAGCC-1,0,59,101,1559,1523
CTAACTGATAATCGCC-1,0,58,102,1537,1535
TGATGTCAATTAAGTG-1,0,59,103,1559,1548
CGCCGTTCAGCATAGT-1,0,58,104,1537,1560
ATACTACCCGTACCAC-1,0,59,105,1559,1572
CCACTGTTTGGATTAA-1,0,58,106,1537,1585
CACTACGGGAGCTGCC-1,0,59,107,1558,1597
GACCAAACGTTGACTG-1,0,58,108,1537,1609
AAGAGGCCCTTTGGAA-1,0,59,109,1558,1622
ACACGTAGGCCACAAG-1,0,58,110,1537,1634
TACTCTTACTTTACTG-1,0,59,111,1558,1647
AGAGCCGCCGAGATTT-1,0,58,112,1536,1659
GGCCTGCTTCTCCCGA-1,0,59,113,1558,1671
TCAAGCGCGGACGGTA-1,0,58,114,1536,1684
ACACTGGGACAGTCGT-1,0,59,115,1558,1696
TGTGTAGTAGCACGTG-1,0,58,116,1536,1708
CTAGCCACAGGCGAGC-1,0,59,117,1557,1721
CTATCGCGTAGAGAAC-1,0,58,118,1536,1733
GTTCCCGTAAACATAT-1,0,59,119,1557,1746
TCTTTCCTTCGAGATA-1,0,58,120,1536,1758
ATATTGGAGAGGCCTT-1,0,59,121,1557,1771
AGGCGATAACTGGCGT-1,0,58,122,1535,1783
ACCCGGAGCACCACAA-1,0,59,123,1557,1795
TGAGCTCAACTGTATA-1,0,58,124,1535,1807
ACGACCCATGAGTTGC-1,0,59,125,1557,1820
CGGTCAGTCCATATTT-1,0,58,126,1535,1832
TCCGGCTGTCGGGTCG-1,0,59,127,1556,1845
ATTCCCGAAGGTACAG-1,0,60,0,1591,273
CTAACAGCACAATAAC-1,0,61,1,1612,285
TTGTGCGGAAGCGGAT-1,0,60,2,1591,297
GGGCACTATTGACCAT-1,0,61,3,1612,310
CCATAGAGGCTGCCAG-1,0,60,4,1591,322
CCGAAGCATTGACCAA-1,0,61,5,1612,335
TACTGAGGGAAGAAAG-1,0,60,6,1590,347
TATGTAGAAACCCGGC-1,0,61,7,1612,360
TGGTTAACTTACATTT-1,0,60,8,1590,372
AGAACCCTCAATTGGG-1,0,61,9,1612,384
CCTATATCGTGTCACG-1,0,60,10,1590,396
ACGGCTGGATGTAGAA-1,0,61,11,1611,409
CTCGCATTGCATAGCC-1,0,60,12,1590,421
ACTTTGGTCGTGCTCC-1,0,61,13,1611,434
GCTGGTTTAGGCCATA-1,1,60,14,1590,446
TGTCGTTATCACATAT-1,0,61,15,1611,459
ACACATGATCAAATCT-1,1,60,16,1589,471
TATCCATCTCGGTTAG-1,0,61,17,1611,483
CTCGTCGAGGGCTCAT-1,0,60,18,1589,496
ATCAATGCCGTGGCTG-1,0,61,19,1611,508
GAAACATAGGAAACAG-1,1,60,20,1589,520
TAATAGGTCACCAGAA-1,0,61,21,1610,533
CACCAGTCAGCATGCA-1,0,60,22,1589,545
GAGCGCTGTTAGGTAA-1,0,61,23,1610,558
CCCTATGTAGAGCAGA-1,0,60,24,1589,570
GATCGCTATATCTCAG-1,0,61,25,1610,582
AAGGGACTATGCATTC-1,0,60,26,1588,595
CTCGGGTTCTCTGGCC-1,0,61,27,1610,607
TATATATCGAGAAATG-1,0,60,28,1588,619
ACCCGAGCGAAATTAC-1,0,61,29,1610,632
TTGTTTCATTAGTCTA-1,0,60,30,1588,644
ATGGGACCTGCTGAAC-1,0,61,31,1609,657
TGCGACGGCCGAACGT-1,0,60,32,1588,669
AGCTAACAAGCAATGT-1,0,61,33,1609,681
CGTGTCTCGTTACGAC-1,0,60,34,1587,694
CTAAATCCGGTGTACA-1,0,61,35,1609,706
GAATAGTGCTCGATTA-1,0,60,36,1587,718
AACAATACATTGTCGA-1,0,61,37,1609,731
CACATCGTGCACGCGC-1,0,60,38,1587,743
ACCGTGACCACGTGGG-1,0,61,39,1609,756
CCCAATGAGATTTGCA-1,0,60,40,1587,768
TCAGCAGTAGGCCCTG-1,0,61,41,1608,780
CTACTCAAGGTATAGT-1,0,60,42,1587,793
TAGTAGCTTATACCAG-1,0,61,43,1608,805
ACGTTCGTTCAGGAAA-1,1,60,44,1586,817
TTAGAATAAGGGTCGG-1,0,61,45,1608,830
TTCTAGAAAGTCTTAT-1,0,60,46,1586,842
CCTTCAGTTAAAGTGA-1,0,61,47,1608,855
TAGCTAGTGATGATGG-1,0,60,48,1586,867
AGCCCGGTAGCCTGTA-1,0,61,49,1607,879
TACCTCAGTTGTCTGT-1,0,60,50,1586,892
GACGGGTTGGCCCGTA-1,0,61,51,1607,904
GAAACCTATACAAATG-1,0,60,52,1586,916
TCCACCTCTAGCCTTT-1,0,61,53,1607,929
AAGACCCAACTGAACA-1,0,60,54,1585,941
CATACACGGTTCCCAC-1,0,61,55,1607,954
ACTACGCGTTAGAATT-1,0,60,56,1585,966
CTTGGCCAAGCTGGGA-1,0,61,57,1607,979
TTACCCTAGGGATTGG-1,0,60,58,1585,991
TTCGCACTGTACGACA-1,0,61,59,1606,1003
TAGGTGTTCCACAGAT-1,0,60,60,1585,1015
GAAGCCTGCACATTCC-1,0,61,61,1606,1028
GGCTTTCAATAAGGGT-1,0,60,62,1585,1040
TCCAGGGTATATACGA-1,0,61,63,1606,1053
CTCGCCGAATGTAGGG-1,0,60,64,1584,1065
AGGAAGCTGTCCGCCG-1,0,61,65,1606,1078
GTCTCAAGGCCCGGCT-1,0,60,66,1584,1090
ACCGACACATCTCCCA-1,0,61,67,1606,1102
TATACGCGTCATCACT-1,0,60,68,1584,1115
ATCTGGGCTGTTCTTG-1,0,61,69,1605,1127
TCAAATTTGAGACTCA-1,0,60,70,1584,1139
GTTAAGGGTGCGATGT-1,0,61,71,1605,1152
AGCAAAGGCCGCTAGT-1,0,60,72,1584,1164
TTATAGGTAATTGTCT-1,0,61,73,1605,1177
TTGTGCAGCCACGTCA-1,0,60,74,1583,1189
ACGGACTCTCAAAGCG-1,0,61,75,1605,1201
ATGCTCTGGCGCGGTA-1,0,60,76,1583,1214
ATAATCTTGGAGAACC-1,0,61,77,1605,1226
CTCATTGCTCTAACAA-1,0,60,78,1583,1238
TAGGTGACGATAACCT-1,0,61,79,1604,1251
CGGATCCTCAAGGACT-1,0,60,80,1583,1263
GGGCGTGGTTTCCCAG-1,0,61,81,1604,1276
TGGCTATGTGACATAC-1,0,60,82,1583,1288
CTTAGTGTAGTAGCAT-1,0,61,83,1604,1300
GGATTGCTGTGACTCC-1,0,60,84,1582,1313
ACTTCCATGCGGGACA-1,0,61,85,1604,1325
ACTCAAGTGCAAGGCT-1,0,60,86,1582,1337
ACAAGGATGCTTTAGG-1,0,61,87,1604,1350
TTGAACGACGTGCTGA-1,0,60,88,1582,1362
ATTCATCGTTGAGGCA-1,0,61,89,1603,1375
TGCAACCCATCTGCGG-1,0,60,90,1582,1387
AGTGCTAAACACAGCA-1,0,61,91,1603,1399
AACTCCAGAGCGTGTT-1,0,60,92,1582,1412
TCTCCACAAGTTGAAT-1,0,61,93,1603,1424
CTTTGCATCGCTCTTG-1,0,60,94,1581,1436
TCACAAACCGAGGTAC-1,0,61,95,1603,1449
CCGTAGGAAATCCCTG-1,0,60,96,1581,1461
AAACATTTCCCGGATT-1,0,61,97,1603,1474
GCCTCCGACAATTCAC-1,0,60,98,1581,1486
TCTGCATACCTTGCTT-1,0,61,99,1602,1499
ACCCATTTGTCCCTCT-1,0,60,100,1581,1511
CTGCAGAGAATCAGAG-1,0,61,101,1602,1523
GGAAACTAAATGGGCC-1,0,60,102,1581,1535
CAACCTACCGAGCAGT-1,0,61,103,1602,1548
CCGTAGGGTTGTTTAC-1,0,60,104,1580,1560
GGTTTGTGACCTGAGG-1,0,61,105,1602,1573
TAACCTAGGGAGTCCA-1,0,60,106,1580,1585
TTCCATCGACAGCGTG-1,0,61,107,1602,1598
ATCTCCCACGGAATAT-1,0,60,108,1580,1610
GTTTCAAACGAGTTGT-1,0,61,109,1601,1622
GGAACTTTGGCGATTA-1,0,60,110,1580,1635
CTGCAAGCACGTTCCG-1,0,61,111,1601,1647
CACAGTCCCGCTTCGC-1,0,60,112,1579,1659
TACGCTCGGTATTGGA-1,0,61,113,1601,1672
CTGGTAAAGTGTGGGC-1,0,60,114,1579,1684
CAACCAGTGGCCTACC-1,0,61,115,1601,1697
TCTTCGCGGTGAGAGG-1,0,60,116,1579,1709
TTCGGGTTGCCACGGG-1,0,61,117,1601,1721
ACCGATAGGCATAACC-1,0,60,118,1579,1734
CTTATAGATGGCTGTT-1,0,61,119,1600,1746
AGACGCCCACTTCGCC-1,0,60,120,1579,1758
AGGTCGCCTCCCAACA-1,0,61,121,1600,1771
CCTCACGTCAGCTAAT-1,0,60,122,1578,1783
CCACCTGTATGGAATA-1,0,61,123,1600,1796
GGACTCGAAGCTTTCA-1,0,60,124,1578,1808
AAGCCGGAGAGCAGGA-1,0,61,125,1600,1820
GCCTATCAGGTAAGAT-1,0,60,126,1578,1833
TCAGAGTGTGAGCATG-1,0,61,127,1599,1845
AAACATGGTGAGAGGA-1,0,62,0,1634,273
ATCATTGTACCGCATT-1,0,63,1,1656,286
TCAGCTTGAGCTTTCG-1,0,62,2,1634,298
CCGCGCAAGATACCCA-1,0,63,3,1655,310
CTATACTTAAAGCGAG-1,0,62,4,1634,323
ACCGTCCACTGGGCCC-1,0,63,5,1655,335
AAGACCAAATAACTCA-1,0,62,6,1633,347
TGTTTCTGAAGCGTGC-1,0,63,7,1655,360
TTCTCTTACAGGTGAT-1,0,62,8,1633,372
AATTCATTGTCATGCA-1,0,63,9,1655,385
GCCCGAGAGTCTAAAT-1,0,62,10,1633,397
ATATAGAGTATTGGTC-1,0,63,11,1654,409
TTGAAGGATGGGCGCC-1,0,62,12,1633,422
TAGTACCACAACTTTC-1,0,63,13,1654,434
ATCCCATCCACAGCGC-1,0,62,14,1633,446
CTTAGGTATAGACCAG-1,0,63,15,1654,459
TGACTCCGAATCATAC-1,0,62,16,1632,471
ACTACATCCCGACAAG-1,0,63,17,1654,484
TTGCCGCAGACCTACA-1,0,62,18,1632,496
TAAGAGGGACAGGGAC-1,0,63,19,1654,508
CGAATGAAGTCATTGC-1,0,62,20,1632,521
AAGGGAACGACTGGCT-1,0,63,21,1653,533
CGAATCTGCTCGACGC-1,0,62,22,1632,545
ATCGTGGAAAGTCTGG-1,0,63,23,1653,558
CCTATGGCTCCTAGTG-1,0,62,24,1632,570
CGTCGCTTGGTTATAC-1,0,63,25,1653,583
TGCTTAGAGAGAATGC-1,0,62,26,1631,595
GATTGCTCCAGTTGCA-1,0,63,27,1653,607
CGTGCTTCTACCTAAA-1,0,62,28,1631,620
ACTCCAATATCATCAT-1,0,63,29,1653,632
GCCGACCCACGACTGC-1,0,62,30,1631,644
GAGGGTAGTAACAAAG-1,0,63,31,1652,657
GGCCGAGACTCTGGTG-1,0,62,32,1631,669
TATATAGGGCTTTACG-1,0,63,33,1652,682
TGCCGGATGTACGAGC-1,0,62,34,1631,694
AGGTAGATCGAGATAT-1,0,63,35,1652,707
GATCAACATAAAGGGA-1,0,62,36,1630,719
TAACAGCGTTTGTGCT-1,0,63,37,1652,731
CTATAGGCGTTGATGT-1,0,62,38,1630,743
GGTTTAATTACCATCG-1,0,63,39,1652,756
CTCTTCTGGAAGTTAG-1,0,62,40,1630,768
ATCTGACATGGAAGGA-1,0,63,41,1651,781
TACGTACTAGTGCTGA-1,0,62,42,1630,793
ATGACTATCAGCTGTG-1,0,63,43,1651,806
CTTTGGGATTGTTGCA-1,0,62,44,1630,818
AGACTGTTACCGGGTC-1,0,63,45,1651,830
TCCTAACCGTCGGGCA-1,0,62,46,1629,843
ACGCAAACTAATAGAT-1,0,63,47,1651,855
AAGTGAGTCGGGTTTA-1,0,62,48,1629,867
TAAAGCGGTATTTCCA-1,0,63,49,1651,880
CTCCTCCAGCTCACAC-1,0,62,50,1629,892
CGGTCCGTCGCAAGCC-1,0,63,51,1650,905
CCTATATTTGTCCTGG-1,0,62,52,1629,917
TCCAATAAAGGCTACC-1,0,63,53,1650,929
AAAGGCTACGGACCAT-1,0,62,54,1629,942
CGTGACCAGTCCTCTG-1,0,63,55,1650,954
GATCTGCTATCTAAGG-1,0,62,56,1628,966
CGAATGACGCATAATG-1,0,63,57,1650,979
GCTCAATGTAATACCG-1,0,62,58,1628,991
CTATGCCCGAATGCAA-1,0,63,59,1650,1004
CACAGGGCCGTTGTCA-1,0,62,60,1628,1016
TCAATACGCCGTCATG-1,0,63,61,1649,1028
AGCGGACACTTCGTAG-1,0,62,62,1628,1041
ATACGTTATGCACGGA-1,0,63,63,1649,1053
GAGTAGATACTAGTTG-1,0,62,64,1627,1065
CCAGCTCGAACGCATT-1,0,63,65,1649,1078
TGCTTCCCAAGCAGTA-1,0,62,66,1627,1090
GTAGACACGCCTGACT-1,0,63,67,1649,1103
CTCACATTTACTAAAT-1,0,62,68,1627,1115
GAATGCGAATCGGTTC-1,0,63,69,1649,1127
TAAGGCCCGTCACCCT-1,0,62,70,1627,1140
GAGTATGCGCGTGCAT-1,0,63,71,1648,1152
ATCCACATCGACAGAA-1,0,62,72,1627,1164
TAGACGAAACGCCAAT-1,0,63,73,1648,1177
CAGCAGTCTGTGCTGC-1,0,62,74,1626,1189
CTCACTGTGATACTTA-1,0,63,75,1648,1202
TTAATTGCTTTGGGTG-1,0,62,76,1626,1214
GTAGTCTACGATATTG-1,0,63,77,1648,1226
TTGCCGCTTTCTAGTA-1,0,62,78,1626,1239
GAACCTTTAACGATCC-1,0,63,79,1647,1251
TGGACCAATCTAAGAT-1,0,62,80,1626,1263
CTAGTAGAAAGGGATT-1,0,63,81,1647,1276
AACCTCGCTTTAGCCC-1,0,62,82,1626,1288
GAGTGTCAACCAGAAA-1,0,63,83,1647,1301
GTGATCCTTGTCATGA-1,0,62,84,1625,1313
CTCAACTAACCCGGAT-1,0,63,85,1647,1326
AGTGGCGTCTGAAGGT-1,0,62,86,1625,1338
GGGAAGGGCTTTCTCA-1,0,63,87,1647,1350
AGGCCTGAGAATCTCG-1,0,62,88,1625,1362
AGCCACAGGTTACCCG-1,0,63,89,1646,1375
TGCAATCTAACACGGT-1,0,62,90,1625,1387
GTTTGGGTTTCGCCCG-1,0,63,91,1646,1400
CCTATGTCCACTCCAC-1,0,62,92,1625,1412
CTGCCTTTCTAGTAAA-1,0,63,93,1646,1425
TTAGTAAACCTGCTCT-1,0,62,94,1624,1437
TTGTGGTGGTACTAAG-1,0,63,95,1646,1449
CCTCCTGTTGTGTCGT-1,0,62,96,1624,1462
ACAAAGCATGACCTAG-1,0,63,97,1646,1474
ATAGCAACTAGGGAAG-1,0,62,98,1624,1486
CCGCTCTTCCGAACTA-1,0,63,99,1645,1499
TAGAATAGCCGATGAA-1,0,62,100,1624,1511
GGTCTCCGTCCAGGTT-1,0,63,101,1645,1524
TAATTACGTCAGTAGA-1,0,62,102,1624,1536
TACGTAAAGCGGAGTG-1,0,63,103,1645,1548
GCTACAATCGAGGATA-1,0,62,104,1623,1561
TCAGCCAATCCGTAAA-1,0,63,105,1645,1573
ATCATAGCCCTATGTA-1,0,62,106,1623,1585
GAGGCCTGTTGATACA-1,0,63,107,1645,1598
ATATACGCTCGTGACG-1,0,62,108,1623,1610
CCCTTTAATGGAGTTC-1,0,63,109,1644,1623
TTACACGATCTGCGAC-1,0,62,110,1623,1635
TCGCATAAAGGGCGCA-1,0,63,111,1644,1647
TGTAGCCATCCCATTC-1,0,62,112,1623,1660
GGGTCTATCGCTTTCC-1,0,63,113,1644,1672
GGAGGGTCAAGTAAGA-1,0,62,114,1622,1684
TACGGCATGGACGCTA-1,0,63,115,1644,1697
CACGTCAATCAATGGA-1,0,62,116,1622,1709
CGCTTGGACGGATAGA-1,0,63,117,1644,1722
CGCGGTACGGTATACA-1,0,62,118,1622,1734
CCTACTCAACACGATT-1,0,63,119,1643,1746
CGTTTGGTGTTGTGGG-1,0,62,120,1622,1759
GTTGTTGCAAGATGGC-1,0,63,121,1643,1771
CATTCGTCGTAGCGGT-1,0,62,122,1622,1783
CAGCCTCGATAGCGGT-1,0,63,123,1643,1796
TCATAAGTCCAAGAAG-1,0,62,124,1621,1808
AAAGTGCCATCAATTA-1,0,63,125,1643,1821
GTTGCAGTCGACAACA-1,0,62,126,1621,1833
TAAATGGGCTACTGAG-1,0,63,127,1643,1846
GGACAAGCCATGATCG-1,0,64,0,1677,273
TCCAATGCGTCGCCGC-1,0,65,1,1699,286
AAAGAATGACCTTAGA-1,0,64,2,1677,298
CCTATTATTCCGGCCG-1,0,65,3,1698,311
CAGTAAGGGACGTCTC-1,0,64,4,1677,323
GGGATGGACCCGCGTC-1,0,65,5,1698,335
GACGCATACCCGTCGG-1,0,64,6,1677,348
GGGCAGGATTTCTGTG-1,0,65,7,1698,360
TATCTGAGCCGATATT-1,0,64,8,1676,372
AATGTATGGCACTGTA-1,0,65,9,1698,385
GCCTTTGTCAGTGGAC-1,0,64,10,1676,397
AACCATAGGGTTGAAC-1,0,65,11,1698,410
AAACTTAATTGCACGC-1,0,64,12,1676,422
TAGGCGGCTGCAAAGA-1,0,65,13,1697,435
TCCATCAATACTAATC-1,0,64,14,1676,447
ACCTCGAACTTATGCT-1,0,65,15,1697,459
ACAAACCATGCGTCCT-1,0,64,16,1676,471
ACACCGGTCTGACCGC-1,0,65,17,1697,484
ATGGCAGCATTACGAT-1,0,64,18,1675,496
CTGGTGAATGGGCCTA-1,0,65,19,1697,509
CACAGAGACGAGGACG-1,0,64,20,1675,521
GCACAAACCCTAGATG-1,0,65,21,1697,534
ACTATGTCCAGCTGCC-1,0,64,22,1675,546
AAGCCGCCGTGAAATC-1,0,65,23,1696,558
ATGGGTGTATACCTCC-1,0,64,24,1675,571
TAAGCGCGAATCAAAT-1,0,65,25,1696,583
AGCCCGGCATTAGAGG-1,0,64,26,1674,595
GTGATCAAGCGTGCAC-1,0,65,27,1696,608
CTGCCTTTAATACCTT-1,0,64,28,1674,620
TACCTCCACACCAATG-1,0,65,29,1696,633
GAGCATCAACAACTTG-1,0,64,30,1674,645
CATACGAACTAGCTGG-1,0,65,31,1696,657
GGGAACGGTTTCAGAT-1,0,64,32,1674,670
AGGGTGCCGTTCTTTA-1,0,65,33,1695,682
ACGACTGGTCATACTC-1,0,64,34,1674,694
GGATCTTACTGCCCTT-1,0,65,35,1695,707
TACTCCTCTAGTTGAC-1,0,64,36,1673,719
GTAGCTCCGGGAGGCT-1,0,65,37,1695,732
GGACTCGTGAGTGGTC-1,0,64,38,1673,744
GTAGTTCGAAGGCGAA-1,0,65,39,1695,756
CTCAAACCACTGCCCG-1,0,64,40,1673,769
GAGGGAGTCAGATCGC-1,0,65,41,1694,781
GCGTCCCTAAGACATA-1,0,64,42,1673,793
TCTCTTACCGCGAACC-1,0,65,43,1694,806
GGCTACTATACACTCC-1,0,64,44,1673,818
CGTTGCCCGCGTGGGA-1,0,65,45,1694,831
TATAGAGTCGCTTGAA-1,0,64,46,1672,843
ATGTTGTAGTCTGTTT-1,0,65,47,1694,855
AGTATACACAGCGACA-1,0,64,48,1672,868
TGTGGTTGCTAAAGCT-1,0,65,49,1694,880
TGATTCCCGGTTACCT-1,0,64,50,1672,892
CACTGACGATTGTGGA-1,0,65,51,1693,905
AACATTGTGACTCGAG-1,0,64,52,1672,917
GTCCAATATTTAGCCT-1,0,65,53,1693,930
GCTCTTTCCGCTAGTG-1,0,64,54,1672,942
GGGTCAGGAGCTAGAT-1,0,65,55,1693,954
AGGTGGTGACCTTCGC-1,0,64,56,1671,967
CCCGGGTCGTTCAGGG-1,0,65,57,1693,979
AGCCAAGCTTTGTGTC-1,0,64,58,1671,991
TGTGGCGGGCTTCTGG-1,0,65,59,1693,1004
CGAGGGTATCCAGGTG-1,0,64,60,1671,1016
CGTTCAGACCCGCGAA-1,0,65,61,1692,1029
TCATATGAGCTTTGTT-1,0,64,62,1671,1041
AGTTGACGGTCCTTGC-1,0,65,63,1692,1054
ATAATTAGCTAAGTAG-1,0,64,64,1671,1066
GGTCTTGAGCGCTCTT-1,0,65,65,1692,1078
CGTTGTCGGCAATTGA-1,0,64,66,1670,1090
TCTTGCTCCCGATACT-1,0,65,67,1692,1103
AGCAGAAGGAGAAAGA-1,0,64,68,1670,1115
GAAGCCACTGATTATG-1,0,65,69,1692,1128
TGCTCTTGAGAGTTTG-1,0,64,70,1670,1140
GACATCCGTCGAACTG-1,0,65,71,1691,1153
AGATATAATACGACTA-1,0,64,72,1670,1165
TCGCTACTGGCTTTGA-1,0,65,73,1691,1177
GTGACAGCTTCCCACT-1,0,64,74,1670,1190
GTGACGCAGGTTTCAT-1,0,65,75,1691,1202
GGGAAGACGGTCTGTC-1,0,64,76,1669,1214
CGTCGCATGTGAGCCA-1,0,65,77,1691,1227
AGAAGGTTGTAGGTCG-1,0,64,78,1669,1239
GGCCGGCGTCTGCTAT-1,0,65,79,1691,1252
TTGACCAGGAACAACT-1,0,64,80,1669,1264
AGTCGTATAAAGCAGA-1,0,65,81,1690,1276
GGCGTAGGGAAAGCTG-1,0,64,82,1669,1289
AAACCTAAGCAGCCGG-1,0,65,83,1690,1301
ATTGCCTTTATGTTTG-1,0,64,84,1669,1313
CAGGCAGTCTTACCAG-1,0,65,85,1690,1326
AGCTAAGTACGCAGGC-1,0,64,86,1668,1338
AAATCCGATACACGCC-1,0,65,87,1690,1351
CGAGAGCTTTCACTAC-1,0,64,88,1668,1363
CGCCCAGCGTTTCACG-1,0,65,89,1690,1375
TTAAGTATTGTTATCC-1,0,64,90,1668,1388
AAACGGGCGTACGGGT-1,0,65,91,1689,1400
GTATCCTTTGGTAACC-1,0,64,92,1668,1412
CATAGTCAAATACATA-1,0,65,93,1689,1425
TCTATGCTATAACGAC-1,0,64,94,1667,1437
ACGTTCTGTACAAGTC-1,0,65,95,1689,1450
CGCGAAGTGGCATACT-1,0,64,96,1667,1462
ACCAACCGCACTCCAC-1,0,65,97,1689,1474
GTCATGCGCGAGGGCT-1,0,64,98,1667,1487
TAGGCTAAAGTGGCAC-1,0,65,99,1689,1499
TGGCTACACTCTACCT-1,0,64,100,1667,1511
TGTCCACGGCTCAACT-1,0,65,101,1688,1524
AATTGCAGCAATCGAC-1,0,64,102,1667,1536
GTCAACCAGGCCTATA-1,0,65,103,1688,1549
ATCTTATCGCACACCC-1,0,64,104,1666,1561
GTCTATTGCATGCTCG-1,0,65,105,1688,1573
GCACGTGGTTTACTTA-1,0,64,106,1666,1586
ATTCGCGCCTTGAGAG-1,0,65,107,1688,1598
AGCGATGCGCCTAATA-1,0,64,108,1666,1610
TCTATAGGTGGGTAAT-1,0,65,109,1687,1623
AGATACCAATAGAACC-1,0,64,110,1666,1635
CGTGTATGGGAGCTGA-1,0,65,111,1687,1648
ATGTACATGCGGTGAG-1,0,64,112,1666,1660
TTGGCTCAATATGTGT-1,0,65,113,1687,1673
GTTCGGAGCACTCAAC-1,0,64,114,1665,1685
TCCCTCTTCTCAAGGG-1,0,65,115,1687,1697
TTACGTATCTATGACA-1,0,64,116,1665,1710
CCCATATAGGTCGATT-1,0,65,117,1687,1722
GTCCACGTCGCATTCG-1,0,64,118,1665,1734
AATTGTGGTTGCCAAA-1,0,65,119,1686,1747
AGGAACGAACGACTTC-1,0,64,120,1665,1759
TAATTCCAATGCTTCA-1,0,65,121,1686,1772
AGGGCCCTAATGTTCT-1,0,64,122,1665,1784
AGGTGTTGCCGACCAC-1,0,65,123,1686,1796
CTGAGAGTAGAAATAC-1,0,64,124,1664,1809
TAGAAGAAGGGTTACA-1,0,65,125,1686,1821
GGTGACTGATAGAGAG-1,0,64,126,1664,1833
TACCCTCGGTAACCCT-1,0,65,127,1686,1846
TGTAAGACTGATAAGA-1,0,66,0,1720,274
GTCACTCATGAGCGAT-1,0,67,1,1742,286
CGGTTTACTGAACATT-1,0,66,2,1720,299
GAGATCGATCTTACTC-1,0,67,3,1741,311
TCTTTCATCCGTCCTT-1,0,66,4,1720,323
TCGGATCTGGATGACC-1,0,67,5,1741,336
GTCCTAGGATACCTTA-1,0,66,6,1720,348
TGTACCCGACCCTAAT-1,0,67,7,1741,361
AGGTTCTCCTTTCCGG-1,0,66,8,1719,373
AATTGCGTGGATTACA-1,0,67,9,1741,385
CGATAGCGATACAGTG-1,0,66,10,1719,398
CGCCCTAATTGTTCAA-1,0,67,11,1741,410
ATTATGAGACCCAATT-1,0,66,12,1719,422
CCTCCTAGCTAGAGTC-1,0,67,13,1740,435
CGAAGGGTTTCAGATT-1,0,66,14,1719,447
CACAAGCTAAGAAAGG-1,0,67,15,1740,460
CACCGGTAGAGACATT-1,0,66,16,1719,472
ACTCATGGCAGCCTTC-1,0,67,17,1740,484
CATCCAATATAGTTTG-1,0,66,18,1718,497
CAGATATGAAGATGAC-1,0,67,19,1740,509
GCAAAGGGCGTTAGCC-1,0,66,20,1718,521
CTGTTGTTCAGTCGTA-1,0,67,21,1740,534
AAAGGCCCTATAATAC-1,0,66,22,1718,546
AACATTGAAGTTGATC-1,0,67,23,1739,559
GCTAGCGATAGGTCTT-1,0,66,24,1718,571
ATTGCCTATTAGACCG-1,0,67,25,1739,583
GGGCGTTTACATTCAT-1,0,66,26,1718,596
CCTCTACAAGGATTGG-1,0,67,27,1739,608
AGTGACTGTGACACAA-1,0,66,28,1717,620
AGCCCTCCCTGGTGGC-1,0,67,29,1739,633
CGGTTGAGTATCCTTC-1,0,66,30,1717,645
CATTATCCCATTAACG-1,0,67,31,1739,658
AATGTGCTAATCTGAG-1,0,66,32,1717,670
CTTAGTTGAGGAATCG-1,0,67,33,1738,682
CTTCTGGGCGTACCTA-1,0,66,34,1717,695
AGTCAAATGATGTGAT-1,0,67,35,1738,707
TGAACAAGCAGGGACT-1,0,66,36,1717,719
AATACCGGAGGGCTGT-1,0,67,37,1738,732
GTTTGGTGATCGGTGC-1,0,66,38,1716,744
GACTGCTGGTGAGAAA-1,0,67,39,1738,757
CGATCCTCGCAACATA-1,0,66,40,1716,769
CCAACCTTATGTAACT-1,0,67,41,1738,782
CGTGGTACCCAAAGGC-1,0,66,42,1716,794
AACCCGACAACCCGTG-1,0,67,43,1737,806
TATGTAAAGTGCTTAA-1,0,66,44,1716,818
GCAAGTGTAAAGCATG-1,0,67,45,1737,831
GTAACTGCCCAAGGAG-1,0,66,46,1716,843
GGTGCATAAATGATTA-1,0,67,47,1737,856
TAGTCCCGGAGACCAC-1,0,66,48,1715,868
CGGCCAGAGCGACCAT-1,0,67,49,1737,881
TGAATGAGTGTTTCCC-1,0,66,50,1715,893
TTCACTTCCTAGAACG-1,0,67,51,1737,905
CGCTTAGTATTGATAC-1,0,66,52,1715,918
AACGCGACCTTGGGCG-1,0,67,53,1736,930
GTGCACCAGCTTCAAC-1,0,66,54,1715,942
TTCTATTAAACGCAGC-1,0,67,55,1736,955
TGGCAAGCACAAGTCG-1,0,66,56,1714,967
ATCTGCTGTTATCGCC-1,0,67,57,1736,980
AATTCCAAGCATGTAC-1,0,66,58,1714,992
AAACGGTTGCGAACTG-1,0,67,59,1736,1004
GAAGGAGTCGAGTGCG-1,0,66,60,1714,1017
GGCAAGCCCATAGTGG-1,0,67,61,1736,1029
TGACCAAATCTTAAAC-1,0,66,62,1714,1041
TTCGGTACTGTAGAGG-1,0,67,63,1735,1054
ATGTACGATGACGTCG-1,0,66,64,1714,1066
ATCTAGCTTGTGAGGG-1,0,67,65,1735,1079
AGCGGGTCTGACACTC-1,0,66,66,1713,1091
GAGGTACGCGTGTCCC-1,0,67,67,1735,1103
GCACTGCCTACCTTTA-1,0,66,68,1713,1116
GGAGCGAGGCCTACTT-1,0,67,69,1735,1128
AAACTCGGTTCGCAAT-1,0,66,70,1713,1140
GGCGCTTCATTCCCTG-1,0,67,71,1734,1153
TGCTCGGTGGGTCACC-1,0,66,72,1713,1165
AAGCGCAGGGCTTTGA-1,0,67,73,1734,1178
GACCTTCCACGTCTAC-1,0,66,74,1713,1190
GTTAGCCCATGACATC-1,0,67,75,1734,1202
AATTCGATTCGAGGAT-1,0,66,76,1712,1215
AGTCTTTAAAGTGTCC-1,0,67,77,1734,1227
GACTAGGCCGTTAGGT-1,0,66,78,1712,1239
TCCAAGCCTAGACACA-1,0,67,79,1734,1252
GATTGGGAAAGGTTGT-1,0,66,80,1712,1264
GATGAGGAACCTTCGG-1,0,67,81,1733,1277
TGAATACCGACGCGTA-1,0,66,82,1712,1289
AATCGTGAGCCGAGCA-1,0,67,83,1733,1301
GCGAAGAATCTGACGG-1,0,66,84,1712,1314
GAACAACTGGGATGAA-1,0,67,85,1733,1326
TCGCCGACATATTCGC-1,0,66,86,1711,1338
CGTAGAGAGTAATTAT-1,0,67,87,1733,1351
CGATAGTCGTACTGCA-1,0,66,88,1711,1363
CGCATGCCGAATGCGT-1,0,67,89,1733,1376
CTCTAGCCCTCGGAAA-1,0,66,90,1711,1388
TCCAACTCAGCTATCT-1,0,67,91,1732,1401
GTCTAGTGAGCCGCTT-1,0,66,92,1711,1413
TACCGAATAATTGTAA-1,0,67,93,1732,1425
ATATAACACGGGCGCA-1,0,66,94,1711,1437
GCATGCTAATAACGAT-1,0,67,95,1732,1450
TCCGGGCTTGACGGGA-1,0,66,96,1710,1462
ATTATTCAGAGTCACT-1,0,67,97,1732,1475
TAGCAGTATGACTAAA-1,0,66,98,1710,1487
TATGAAGAATTAAGGT-1,0,67,99,1732,1500
CAAGGCCAGTGGTGCA-1,0,66,100,1710,1512
TGCGTACGGCTAATTG-1,0,67,101,1731,1524
CAGATAATGGGCGGGT-1,0,66,102,1710,1537
GAGAACGGTTCTGACT-1,0,67,103,1731,1549
CGCTTCGGTCTAAGAC-1,0,66,104,1710,1561
AGCATTACGAGGCAAG-1,0,67,105,1731,1574
AAGTTGTGATGTTATA-1,0,66,106,1709,1586
TTGCTCATAGTACGTG-1,0,67,107,1731,1599
TACTTAAACATGTACA-1,0,66,108,1709,1611
AGTGAGTCGAATTAAC-1,0,67,109,1731,1623
TAGGCCTATATAGTCT-1,0,66,110,1709,1636
ACTCGCCGTTCGATAA-1,0,67,111,1730,1648
GGTACGTTGCGGCCGG-1,0,66,112,1709,1660
TATTGCCGGGCTTGTA-1,0,67,113,1730,1673
GGTAAACTCTGCGCTG-1,0,66,114,1709,1685
TCCCTTGTCTGAAACT-1,0,67,115,1730,1698
CATGATCGCTTTGAGA-1,0,66,116,1708,1710
GGACGGGCGACCAACC-1,0,67,117,1730,1722
GAGAGGCCTATGTGTA-1,0,66,118,1708,1735
TCGTAACTCCCAAGAC-1,0,67,119,1730,1747
CGTATCTAGAACTAAG-1,0,66,120,1708,1759
GCACCTTCCCGAAGGT-1,0,67,121,1729,1772
TACCTCTTTACCATCC-1,0,66,122,1708,1784
TGACTCTAACTGGTAA-1,0,67,123,1729,1797
GAGAAACTGGATCCCA-1,0,66,124,1707,1809
ATCCGGACCAGCCTGA-1,0,67,125,1729,1821
TTATTTAGGTTCCTTA-1,0,66,126,1707,1834
CGAATTCCCGGTTCAA-1,0,67,127,1729,1846
TAGTTTGATCGGTCGC-1,0,68,0,1763,274
AGTCGAAACGATTCAG-1,0,69,1,1785,287
ACGTCGGGCAACTCGG-1,0,68,2,1763,299
ACTTGCTCTATCTACC-1,0,69,3,1785,311
ATTACGGGCTACGGTT-1,0,68,4,1763,324
GCAAACGTAAGCGACC-1,0,69,5,1784,336
TTCGGACTGGGCATGG-1,0,68,6,1763,348
GGGCCATTCGTGCTGG-1,0,69,7,1784,361
GAGTTGTCACCAGTCT-1,0,68,8,1762,373
AGTAATTTGCAAGCGT-1,0,69,9,1784,386
GTGGCCGGTTTCTCGG-1,0,68,10,1762,398
ATCTTAGGGCATTAAT-1,0,69,11,1784,410
CTACATATCGCGGGAC-1,0,68,12,1762,423
ATGGTATTTACTGATT-1,0,69,13,1784,435
CCGTCAACCTCTGGCG-1,0,68,14,1762,447
GCTTCGACGTTCAATC-1,0,69,15,1783,460
GACCGATTAAATATGT-1,0,68,16,1762,472
GTCGAATTTGGGCGCT-1,0,69,17,1783,485
TCACGGCCCAAGAGAG-1,0,68,18,1761,497
CTACGATCCTATCCTA-1,0,69,19,1783,510
TGCAGTGGTAGGGAAC-1,0,68,20,1761,522
TTGCCTAATCCAAAGT-1,0,69,21,1783,534
AGCGAGACGTGAAGGC-1,0,68,22,1761,546
TTCTACCTCAATCGGT-1,0,69,23,1782,559
TACGCTGCTGTGTTAA-1,0,68,24,1761,571
TAGTCCTGCACTAAGC-1,0,69,25,1782,584
AGCACACGTTTAGACT-1,0,68,26,1761,596
GTTCGACAATTGTATA-1,0,69,27,1782,609
CCATGTTCATCTATAT-1,0,68,28,1760,621
CCCTCGATAATACACA-1,0,69,29,1782,633
ACTGCCCGCCATTCTC-1,0,68,30,1760,646
CTATATCCAGCCTGGC-1,0,69,31,1782,658
CGCACGTCTGTTTATG-1,0,68,32,1760,670
AATCAGGTTTCATTTA-1,0,69,33,1781,683
AGAGAAACACCAGAAA-1,0,68,34,1760,695
ACCCGATTGGTTCCGA-1,0,69,35,1781,708
TACCAGGAATCCCGTC-1,0,68,36,1760,720
AAGTGCTTCTCTATTG-1,0,69,37,1781,732
TGCATGTGACCCATAG-1,0,68,38,1759,745
TAGATTCAAAGTGCGG-1,0,69,39,1781,757
AGGGTCAGAGCACTCG-1,0,68,40,1759,769
GTGAGATAACCTTATA-1,0,69,41,1781,782
GTGTCAGTGTACGTGG-1,0,68,42,1759,794
CTGTAGTGAGGATCGA-1,0,69,43,1780,807
GATAGTGCGAGTAAGT-1,0,68,44,1759,819
AGGGTTCAGACGGTCC-1,0,69,45,1780,831
GGACTCGACAGCGCAT-1,0,68,46,1759,844
CACTCTCAAGCATCGA-1,0,69,47,1780,856
GAGCGGAATGCGGTGT-1,0,68,48,1758,868
CAGTTCGAGGACCCGA-1,0,69,49,1780,881
CGTAACTTCGACACTT-1,0,68,50,1758,893
TGATCACCACACTGAC-1,0,69,51,1780,906
CATACTTCTTTCTCCG-1,0,68,52,1758,918
CAAGTAAGTGATAGAC-1,0,69,53,1779,930
AGCCCGCAACAAGCAG-1,0,68,54,1758,943
GCTCCATGCAAAGCAA-1,0,69,55,1779,955
TCGTACCGACGTCAAG-1,0,68,56,1758,967
ATTATCGGAATGTACG-1,0,69,57,1779,980
ACCTACTATAAATCTA-1,0,68,58,1757,992
TATCCTATCAACTGGT-1,0,69,59,1779,1005
GCGCGGTCTAGTAACT-1,0,68,60,1757,1017
CCTTCGTATAGAATCC-1,0,69,61,1779,1029
TGGGCGATACAATAAG-1,0,68,62,1757,1042
TGACATGTAACGTGAC-1,0,69,63,1778,1054
TTGGGAAGACGAGCCG-1,0,68,64,1757,1066
GGTGTAAATCGATTGT-1,0,69,65,1778,1079
GAACTGTGGAGAGACA-1,0,68,66,1757,1091
TCCACATCGTATATTG-1,0,69,67,1778,1104
CCTATGGTCAAAGCTG-1,0,68,68,1756,1116
TCCTTGTCCTTTAATT-1,0,69,69,1778,1129
AAGTTTATGGGCCCAA-1,0,68,70,1756,1141
GTCCGGGTTCACATTA-1,0,69,71,1778,1153
ATGTAGCGCGCGTAGG-1,0,68,72,1756,1165
TACGGAAGCCAAACCA-1,0,69,73,1777,1178
GCCCTGAGGATGGGCT-1,0,68,74,1756,1190
CGGGCGATGGATCACG-1,0,69,75,1777,1203
TGCGGACTTGACTCCG-1,0,68,76,1756,1215
TAATACTAGAACAGAC-1,0,69,77,1777,1228
TCAAATTGTTGTGCCG-1,0,68,78,1755,1240
GGGCAGTCAACGCCAA-1,0,69,79,1777,1252
TCGCTGCCAATGCTGT-1,0,68,80,1755,1265
TACGTGGGCCCAGGGC-1,0,69,81,1777,1277
GCCTACGTTCTGTGCA-1,0,68,82,1755,1289
TTGCGTGTGTAGGCAT-1,0,69,83,1776,1302
TCCTAAAGATTCAGAC-1,0,68,84,1755,1314
TGGGTGCACAAGCCAT-1,0,69,85,1776,1327
GGGAGCGACCGTAGTG-1,0,68,86,1754,1339
CATAGAGGAGATACTA-1,0,69,87,1776,1351
CTTCGATTGCGCAAGC-1,0,68,88,1754,1364
GTGCCTGAGACCAAAC-1,0,69,89,1776,1376
TCATCCTCAGCTGCTT-1,0,68,90,1754,1388
TGCAACTACTGGTTGA-1,0,69,91,1776,1401
ATGTTGATTAGAGACT-1,0,68,92,1754,1413
GTTTCTAGAGGCGCGG-1,0,69,93,1775,1426
TACAAGGGCTTCTTTA-1,0,68,94,1754,1438
ACAGGCACGGATCCTT-1,0,69,95,1775,1450
CCCAAGTCATTACACT-1,0,68,96,1753,1463
ACTCTGACCTAATAGA-1,0,69,97,1775,1475
GGATGGCTTGAAGTAT-1,0,68,98,1753,1487
ACCCTCCCGTCAGGGC-1,0,69,99,1775,1500
AGCTTCTTCTCGAGCA-1,0,68,100,1753,1512
TTGCGCTTGATCAATA-1,0,69,101,1774,1525
TGGGTGTAATAGATTT-1,0,68,102,1753,1537
CATGGTTTATTAATCA-1,0,69,103,1774,1549
TTGCCTTCTCGCCGGG-1,0,68,104,1753,1562
TTAAAGTAAGTCGCCA-1,0,69,105,1774,1574
AGTTGGCAAGGCTAGA-1,0,68,106,1752,1586
CCGCACTTGCAATGAC-1,0,69,107,1774,1599
AATGTTGTCGTGAGAC-1,0,68,108,1752,1611
CCAAGGTTGCCCTTTC-1,0,69,109,1774,1624
TGTGACTAGAGTTTGC-1,0,68,110,1752,1636
TTGTGATCTGTTCAGT-1,0,69,111,1773,1648
GGAGTTGATTCTGTGT-1,0,68,112,1752,1661
GTAGTGAGCAACCTCA-1,0,69,113,1773,1673
AAGACATACGTGGTTT-1,0,68,114,1752,1685
CATCCCGAGATTCATA-1,0,69,115,1773,1698
GGCCGCAGGAACCGCA-1,0,68,116,1751,1710
CCAGAAACTGATGCGA-1,0,69,117,1773,1723
ACCCGTAGTCTAGTTG-1,0,68,118,1751,1735
AGGGTCTGGACGCAGT-1,0,69,119,1773,1748
TTGAAACCCTCATTCC-1,0,68,120,1751,1760
TCAATCCCGCGCCAAA-1,0,69,121,1772,1772
AGGACATCGGCACACT-1,0,68,122,1751,1784
GACAAGACGCCCGTGC-1,0,69,123,1772,1797
GAGTAAATTAAGAACC-1,0,68,124,1751,1809
TAAGTCGGTGAGCTAG-1,0,69,125,1772,1822
CTTACTGACTCCTCTG-1,0,68,126,1750,1834
TTAACTGATCGTTTGG-1,0,69,127,1772,1847
GGGCGATCCATAGGCC-1,0,70,0,1806,274
CGTATTGTTTGGCGCC-1,0,71,1,1828,287
CGCGTGGGCCTGTGTT-1,0,70,2,1806,299
AAATCTGCCCGCGTCC-1,0,71,3,1828,312
GCTGAAGGGTTCTTGG-1,0,70,4,1806,324
TAATTGCGCTGATTAC-1,0,71,5,1827,337
TCGCGCGTTTACATGA-1,0,70,6,1806,349
TAACTGAAATACGCCT-1,0,71,7,1827,361
CCTGTCGTGTATGAAG-1,0,70,8,1806,374
CGGGAACGCCCTGCAT-1,0,71,9,1827,386
AGTTGCGGTCCTCAAC-1,0,70,10,1805,398
GGGTCCTTGGAAGAAG-1,0,71,11,1827,411
CGGGAAGTACCGTGGC-1,0,70,12,1805,423
ACGGTCACCGAGAACA-1,0,71,13,1827,436
TAGACTCAGTTGGCCT-1,0,70,14,1805,448
CCTTCCGCAACGCTGC-1,0,71,15,1826,460
CAGTGTTAATCTCTCA-1,0,70,16,1805,473
CAGGCCAGTACCACCT-1,0,71,17,1826,485
GATCGCTGTGGTGCGT-1,0,70,18,1805,497
GTATCTCGGGCGCTTT-1,0,71,19,1826,510
CCGGGCTAAGAATTTC-1,0,70,20,1804,522
CTTCACGCCCTGGTAC-1,0,71,21,1826,535
CGGATGAATGCTGTGA-1,0,70,22,1804,547
CTCTGCAGGCATTCTT-1,0,71,23,1826,559
TCAAAGTCACGGCGTC-1,0,70,24,1804,572
TGGGTTTCGGGCGTAC-1,0,71,25,1825,584
TGCTATGGCAAAGGGA-1,0,70,26,1804,596
TTCACGGTCGTCACGT-1,0,71,27,1825,609
CGTAAAGCAAGAAATC-1,0,70,28,1804,621
CTGATCCCTTTATGCA-1,0,71,29,1825,634
GAGTATACCCTAATCA-1,0,70,30,1803,646
CCACGGCAGGTGTAGG-1,0,71,31,1825,658
ACGTACTTTGGCACGG-1,0,70,32,1803,671
CCTGAGAATAAATGCA-1,0,71,33,1825,683
TTGATGCCGCTCGTCG-1,0,70,34,1803,695
GCCAGGAAAGAACACT-1,0,71,35,1824,708
TCCGACCGCTAATCAA-1,0,70,36,1803,720
TATATCAAAGTGATCT-1,0,71,37,1824,733
CCTCGGTTTCCTTGCC-1,0,70,38,1802,745
TAAATTTAGTAACACC-1,0,71,39,1824,757
CTCGTTACGGCTACCA-1,0,70,40,1802,770
GCCGTCGGTTTCGGGC-1,0,71,41,1824,782
GTTCCGTCCGCCTGCA-1,0,70,42,1802,794
CTAGGGATAGGGACAA-1,0,71,43,1824,807
GTCCAGGCACGTGTGC-1,0,70,44,1802,819
GAGGAATATCTCTTTG-1,0,71,45,1823,832
CGTTCAAGGAAACGGA-1,0,70,46,1802,844
GTGGGAACAAACCGGG-1,0,71,47,1823,857
GGGCACGTAGTACTGT-1,0,70,48,1801,869
ACTACAAAGAGAGGTG-1,0,71,49,1823,881
GGTGTAGGTAAGTAAA-1,0,70,50,1801,893
CCTGTTCAACCTCGGG-1,0,71,51,1823,906
TGAGGTGTGTGGCGGA-1,0,70,52,1801,918
ATTGTCTGTTTCATGT-1,0,71,53,1822,931
GCCGGTCGTATCTCTC-1,0,70,54,1801,943
ATATGGGATAGCAACT-1,0,71,55,1822,956
GATAGAACCCGCTAGG-1,0,70,56,1801,968
ATCCCATTTCCGTGGG-1,0,71,57,1822,980
GATGCTACCTTCGATG-1,0,70,58,1800,993
TGCAAAGTTCGTCTGT-1,0,71,59,1822,1005
GTTCAGTCGCCAAATG-1,0,70,60,1800,1017
GTCTCCGCCTCAATAC-1,0,71,61,1822,1030
AGTAGAAGGCGCCTCA-1,0,70,62,1800,1042
GTTGTAGATTTATGAG-1,0,71,63,1821,1055
CTATTTGCTTGGAGGA-1,0,70,64,1800,1067
AGCCATATAGTATGTG-1,0,71,65,1821,1079
TGTTCCGGCCTGAGCT-1,0,70,66,1800,1092
TGCCGTGGGACCCAAT-1,0,71,67,1821,1104
TTGCAAGAAGACTCCT-1,0,70,68,1799,1116
CCGCTCCAGGGCGATC-1,0,71,69,1821,1129
CAAACCCTCCGGCGGG-1,0,70,70,1799,1141
CGGACCTTTACGTCCC-1,0,71,71,1821,1154
ACGTAGGAGAGTCGCT-1,0,70,72,1799,1166
CTGCGACCTCGCCGAA-1,0,71,73,1820,1178
GGCCCAGCTGGTTTGC-1,0,70,74,1799,1191
GGATTAATCATGGACC-1,0,71,75,1820,1203
GAGATGGCTTTAATCA-1,0,70,76,1799,1215
AGTACAGAAGCTTATA-1,0,71,77,1820,1228
GCGGCTTTAGCAAGTT-1,0,70,78,1798,1240
ACCGAGTCTCCTTATT-1,0,71,79,1820,1253
GACCACACTTCCCTTT-1,0,70,80,1798,1265
TGTAGCCAATTCCGTT-1,0,71,81,1820,1277
CTCGTCTGTGCCTTCG-1,0,70,82,1798,1290
GGACTCTTTGACTAAG-1,0,71,83,1819,1302
TCATCGACGACCGTCG-1,0,70,84,1798,1314
TACTACGTGCAATGCG-1,0,71,85,1819,1327
CCCTACTTGAACAATG-1,0,70,86,1798,1339
GCAGCTGTCAACGCAT-1,0,71,87,1819,1352
ATCTACCATCTGCTCC-1,0,70,88,1797,1364
TCTCAAATCAATCGGG-1,0,71,89,1819,1376
ACTCCGGCCGACCACT-1,0,70,90,1797,1389
TACACCTCTTCGAATC-1,0,71,91,1819,1401
GTGGCTGTTTCTGTTC-1,0,70,92,1797,1413
ACGACTCTAGGGCCGA-1,0,71,93,1818,1426
TCGTTTACGCGACCCT-1,0,70,94,1797,1438
AGGATATCCGACTGCA-1,0,71,95,1818,1451
GACACTTCCAATTACC-1,0,70,96,1797,1463
ACGGTACAGTTCAATG-1,0,71,97,1818,1476
CTTGATGACCATCCAG-1,0,70,98,1796,1488
CTGGTAAAGACTTACA-1,0,71,99,1818,1500
CTTGCCCACCCACGCA-1,0,70,100,1796,1512
CATTACGCAGGAAGGG-1,0,71,101,1818,1525
GGACAACCATGAAGCC-1,0,70,102,1796,1537
GTTATCAAGCTATCGA-1,0,71,103,1817,1550
AGGTGCACGTCCACAT-1,0,70,104,1796,1562
AAAGAATGTGGACTAA-1,0,71,105,1817,1575
ACCAAGTCATCGGCAG-1,0,70,106,1796,1587
AGTAACTATAGCAGCC-1,0,71,107,1817,1599
GGGAAAGAATGCCAAC-1,0,70,108,1795,1612
AATCGGTATAGCCCTC-1,0,71,109,1817,1624
GGCACTGCGGTGGTTT-1,0,70,110,1795,1636
CGTCCTCATCGCGTGC-1,0,71,111,1817,1649
CTTAACTTACAGTATA-1,0,70,112,1795,1661
GTGAGTCGACTAATAG-1,0,71,113,1816,1674
TGTACTTCCGGGCATG-1,0,70,114,1795,1686
CACAAACCGCAGAACT-1,0,71,115,1816,1698
GCTTTACACAACTGGG-1,0,70,116,1794,1711
CACCGATGATGGGTAC-1,0,71,117,1816,1723
TCAATATACAGGAGGC-1,0,70,118,1794,1735
AACGACCTCCTAGCCG-1,0,71,119,1816,1748
GTTACCAAGGCGTACG-1,0,70,120,1794,1760
TAGCTCACTGTGTTTG-1,0,71,121,1816,1773
TCGGCAGGGTTAAGGG-1,0,70,122,1794,1785
TGTTAACAAAGTGACT-1,0,71,123,1815,1797
CAGAGCGATGGATGCT-1,0,70,124,1794,1810
CATAGTGGGCACGCCT-1,0,71,125,1815,1822
AAACGCTGGGCACGAC-1,0,70,126,1793,1834
TGTTCTCATACTATAG-1,0,71,127,1815,1847
TCCGCTGGGTCGATCG-1,0,72,0,1849,275
TTAGCATCCCTCACGT-1,0,73,1,1871,287
AGCCTTGTCACTGATA-1,0,72,2,1849,300
GTTTCTTGTTAGAGCT-1,0,73,3,1871,312
TCGGAGTCCTGGTTGC-1,0,72,4,1849,324
ACGGGTTGTGACCTGT-1,0,73,5,1871,337
TGACAGAAATCTTGCT-1,0,72,6,1849,349
TAGCCATGATTGCCTA-1,0,73,7,1870,362
CGAAGCCACAGCATGG-1,0,72,8,1849,374
ACCCGTAGCAGAGAAT-1,0,73,9,1870,386
AGCTTGATCAGGGTAG-1,0,72,10,1848,399
CTATAAGTAGGGTTTG-1,0,73,11,1870,411
TATAGTTAGGTGTACT-1,0,72,12,1848,423
TACGCTGATAGTTGTA-1,0,73,13,1870,436
TTCTCAATTGCTACAA-1,0,72,14,1848,448
GTTGCCCTAACGGGTG-1,0,73,15,1869,461
GACATTTCGCCCAGCC-1,0,72,16,1848,473
GTAACTACGTAGACCT-1,0,73,17,1869,485
CCAGTGTACAGACCGA-1,0,72,18,1848,498
GCCCGATGCCCAGTTC-1,0,73,19,1869,510
CGAACCTCTTTCCTAG-1,0,72,20,1847,522
CATGCACATGAGAGGC-1,0,73,21,1869,535
CCAAATCAAAGGGCAA-1,0,72,22,1847,547
GTAGTTTAAGCACACG-1,0,73,23,1869,560
TAAGTGAATAGTCTAC-1,0,72,24,1847,572
GGTCCACGTCTATTTG-1,0,73,25,1868,585
CCCTCAGATCGAGAAC-1,0,72,26,1847,597
ACATTCGCGCGGAATA-1,0,73,27,1868,609
CTATGAACACCTTGCC-1,0,72,28,1847,621
CGAATGGTAGGTCGTC-1,0,73,29,1868,634
TCGACATAGCGTAGCG-1,0,72,30,1846,646
GACGTTGCTCGGCGGC-1,0,73,31,1868,659
CTCGAGGCAAGTTTCA-1,0,72,32,1846,671
GCTGGGAGCGCGTCAA-1,0,73,33,1868,684
GACGATATCACTGGGT-1,0,72,34,1846,696
CAGCTCTGGGCTCACT-1,0,73,35,1867,708
TAGTCTGCGGCACATT-1,0,72,36,1846,721
TGGTCGATATACCTCT-1,0,73,37,1867,733
TTCAGTTCAAGAGGAG-1,0,72,38,1846,745
GTCTGTAGGTTGAACA-1,0,73,39,1867,758
GAGAGTCTCGGGAGAG-1,0,72,40,1845,770
TTGTTTGTATTACACG-1,0,73,41,1867,783
GCACAGCACGGGCCGA-1,0,72,42,1845,795
AAACAGTGTTCCTGGG-1,0,73,43,1867,807
TGGAGAATAATCGTCC-1,0,72,44,1845,820
CGCCGCGTTCTGAACG-1,0,73,45,1866,832
CATGCGTTGAGAGGAG-1,0,72,46,1845,844
TACGCTCCTAGAACTG-1,0,73,47,1866,857
CCTTGTGAACGTGGTT-1,0,72,48,1845,869
TTAAAGGCGATGCTCG-1,0,73,49,1866,882
TAAAGTGCACGTCTCG-1,0,72,50,1844,894
TGTCCGCAAACAATTC-1,0,73,51,1866,906
AGGCCTATCATACCAA-1,0,72,52,1844,919
ACTGGGATGCCAGTGC-1,0,73,53,1866,931
CGATCCACCATTGTTG-1,0,72,54,1844,943
GGGCATGCATGTCGAG-1,0,73,55,1865,956
TCCAGGCAGGACGATC-1,0,72,56,1844,968
CAATGACCCTTAATTT-1,0,73,57,1865,981
ATCAAGATCCCAGGAC-1,0,72,58,1844,993
CTCAGAGCTAATGTCG-1,0,73,59,1865,1005
CTGCGATTTCGAGATT-1,0,72,60,1843,1018
ATGGTATTGGGAACCG-1,0,73,61,1865,1030
TAGGTTCTGCTGAGAA-1,0,72,62,1843,1042
GCCTGTCCCGGTGCAT-1,0,73,63,1865,1055
GGCCTGCTCTGATGTT-1,0,72,64,1843,1067
TAGAGGGAGTTTATCT-1,0,73,65,1864,1080
CTCTACATCCTGCGTG-1,0,72,66,1843,1092
ACACATTTCCGTAGAC-1,0,73,67,1864,1104
TGGGTGTTAAGTAGAA-1,0,72,68,1842,1117
GAGCTCAACATGAGCG-1,0,73,69,1864,1129
GCACACAGCTATTACC-1,0,72,70,1842,1141
GCGACGGTAGTCTCCT-1,0,73,71,1864,1154
GTATCAAGGTACTTCC-1,0,72,72,1842,1166
GGAAAGGGAATTGAGC-1,0,73,73,1864,1179
TACACAGCCGTGGTGC-1,0,72,74,1842,1191
CGGTTGGGCAGGGTCC-1,0,73,75,1863,1204
GCACGCCGATTCCCGC-1,0,72,76,1842,1216
CGCTTTCCGCCAAGGT-1,0,73,77,1863,1228
TGCCCGATAGTTAGAA-1,0,72,78,1841,1240
TCAGAACGGCGGTAAT-1,0,73,79,1863,1253
CCACTCAGATCCGCAA-1,0,72,80,1841,1265
GAAGGGTCATTAAGAC-1,0,73,81,1863,1278
GCGGTCTTGCTTTCAC-1,0,72,82,1841,1290
GGAAGGACACCGTATA-1,0,73,83,1862,1303
CGCGGGAATTCCTTTC-1,0,72,84,1841,1315
TCTATCCGATTGCACA-1,0,73,85,1862,1327
TACTCGTTTGAATCAA-1,0,72,86,1841,1340
GTCTGCCGACTCGACG-1,0,73,87,1862,1352
TACGGGTAATAACATA-1,0,72,88,1840,1364
CCAGTTCGGTAACTCA-1,0,73,89,1862,1377
CGTGCACACCACTGTA-1,0,72,90,1840,1389
CTTCAGTTGGACAACG-1,0,73,91,1862,1402
TGATCTATCACACTCT-1,0,72,92,1840,1414
TAGCAGATACTTAGGG-1,0,73,93,1861,1426
CACCGGGCATCACAAG-1,0,72,94,1840,1439
AGTGGCCCGCAAATGG-1,0,73,95,1861,1451
CTCGCTAGGTAAGCGA-1,0,72,96,1840,1463
GATAGATAGTACAGTC-1,0,73,97,1861,1476
CGAGACTACTGCTGCT-1,0,72,98,1839,1488
ACATTTGAAACCTAAC-1,0,73,99,1861,1501
GACACAGCCGGGACTG-1,0,72,100,1839,1513
ACGGAACACGAGTGCC-1,0,73,101,1861,1525
ACGCCAGTGCGTTTGC-1,0,72,102,1839,1538
GCACCTAGGCGAGTCC-1,0,73,103,1860,1550
TCACTATCCCTTCGGT-1,0,72,104,1839,1562
TGAGTGTAACAACGGG-1,0,73,105,1860,1575
ATTGGTTGTGCATTAC-1,0,72,106,1839,1587
CTGGCGATTTACATGT-1,0,73,107,1860,1600
TCCACCAAGACATAGG-1,0,72,108,1838,1612
AACGTCGCTGCACTTC-1,0,73,109,1860,1624
GTCTCCCGAGTCCCGT-1,0,72,110,1838,1637
AGCCCGCACTACAATG-1,0,73,111,1860,1649
GGCACGCTGCTACAGT-1,0,72,112,1838,1661
GCTTGAGTGACCTCTG-1,0,73,113,1859,1674
ATAGCCATAACAGTCA-1,0,72,114,1838,1686
TAGGAGGCTCGAGAAC-1,0,73,115,1859,1699
GTCGGGTGAAGTACCG-1,0,72,116,1838,1711
CACCCGCGTTTGACAC-1,0,73,117,1859,1723
TCTCAGGCTACTCGCT-1,0,72,118,1837,1736
TAGATTCTCTAGCAAA-1,0,73,119,1859,1748
CCCATTATTGTATCCT-1,0,72,120,1837,1760
GTTAATAGCGTCATTA-1,0,73,121,1859,1773
TACTCATTGACGCATC-1,0,72,122,1837,1785
TAGTGACAAGCTCTAC-1,0,73,123,1858,1798
ATCGCCGTGGTTCATG-1,0,72,124,1837,1810
CTGCTCTCAACACACC-1,0,73,125,1858,1823
GCATGACACAAAGGAA-1,0,72,126,1837,1835
CAACGATCGATCCAAT-1,0,73,127,1858,1847
ATACAGCGTCCACTGA-1,0,74,0,1893,275
TCACGATTAATACGTT-1,0,75,1,1914,288
CGTGAACTGACCCGAT-1,0,74,2,1892,300
TCGATGTTACGGCCGT-1,0,75,3,1914,313
GACCGGTGATACTCTC-1,0,74,4,1892,325
TCTGTTTAGATTGTTC-1,0,75,5,1914,337
GCTACTCGGACGCAGA-1,0,74,6,1892,349
AAGAAAGTTTGATGGG-1,0,75,7,1913,362
CGCCAGTAGTACCTTG-1,0,74,8,1892,374
CTCCCTTGTATCAAGG-1,0,75,9,1913,387
ACTTTATACACCACTT-1,0,74,10,1892,399
AGATCTGGAGAGGATA-1,0,75,11,1913,412
TCATCCATCTGATCAC-1,0,74,12,1891,424
AGAACACGGCGATGGT-1,0,75,13,1913,436
CCGCTCCGGATAAGCT-1,0,74,14,1891,449
TGGTCGGGTACAGGGC-1,0,75,15,1913,461
ACGGACGCAGCGACAA-1,0,74,16,1891,473
ACATGCTTACGGCAGC-1,0,75,17,1912,486
CAGGGAGATAGGCCAG-1,0,74,18,1891,498
TCGCCACCCGGATTAC-1,0,75,19,1912,511
TCTTGGTCAATGATAC-1,0,74,20,1891,523
CATAGGGACACTTGTG-1,0,75,21,1912,535
CACGAGCAAACCAGAC-1,0,74,22,1890,548
GGGATATTGATCGCCA-1,0,75,23,1912,560
TAATGTCGGTTCATGG-1,0,74,24,1890,572
CGATTTGTCATTAATG-1,0,75,25,1912,585
TTAAGATACCCAGAGA-1,0,74,26,1890,597
CGACCGTTGGTATTCG-1,0,75,27,1911,610
ACTACCATCCGAGGGC-1,0,74,28,1890,622
TCTACGCACGATCTCC-1,0,75,29,1911,634
AAGCCACTTGCAGGTA-1,0,74,30,1889,647
ACGTTGTCGTTGAAAG-1,0,75,31,1911,659
ACCGCTAGTCATTGGT-1,0,74,32,1889,671
CATGAGTCCATCACGG-1,0,75,33,1911,684
ATGTCTTGTTTGACTC-1,0,74,34,1889,696
TCCCAAACATCCTCTA-1,0,75,35,1911,709
CAACGCGATGAGCCAA-1,0,74,36,1889,721
GACACCCAAAGACGCG-1,0,75,37,1910,733
ACGTTCACTATGCCGC-1,0,74,38,1889,746
ATGGACTGCTTAGTTG-1,0,75,39,1910,758
CCATGGCAAACGCTCA-1,0,74,40,1888,770
TTGTCTCGGCAAGATG-1,0,75,41,1910,783
TTCGAACGAAACATGC-1,0,74,42,1888,795
GGAAAGTCTTGATTGT-1,0,75,43,1910,808
ATCATAGATCGACGAG-1,0,74,44,1888,820
GATTAGAAACAAGCGT-1,0,75,45,1909,832
GCTGCGAAGAATTATT-1,0,74,46,1888,845
TTCCAGTGGGTTTCGT-1,0,75,47,1909,857
GCTCATTGATCATATC-1,0,74,48,1888,869
ATACGAGGTTTGTAAG-1,0,75,49,1909,882
GTCTATACACGCATGG-1,0,74,50,1887,894
GATTTGCGCTAACACC-1,0,75,51,1909,907
TGGTGCCCTGCCTTAC-1,0,74,52,1887,919
TCGAATCGCAGGGTAG-1,0,75,53,1909,932
GGTAGGCCAATATCAC-1,0,74,54,1887,944
CGTAAATAACAAAGGG-1,0,75,55,1908,956
GACTCTAGAGTTCCAA-1,0,74,56,1887,968
ACTTGTTACCGGATCA-1,0,75,57,1908,981
GGCATTGAACATCTCA-1,0,74,58,1887,993
AACCCGCTGTATTCCA-1,0,75,59,1908,1006
TAACAGGTTCCCTTAG-1,0,74,60,1886,1018
GTTCTTGTAACTCAAT-1,0,75,61,1908,1031
GATTCTGTTAATGAGT-1,0,74,62,1886,1043
GGACACCTCGGTGTTG-1,0,75,63,1908,1055
CGATCGAGAAGCACCA-1,0,74,64,1886,1068
CTGCTCTGACGGCAAA-1,0,75,65,1907,1080
CCCAGGAAGAATTCGA-1,0,74,66,1886,1092
TGTCGTGGGTATAGGC-1,0,75,67,1907,1105
ATATGTCTAGAGCGTG-1,0,74,68,1886,1117
GCGGGCAGACGGGTGA-1,0,75,69,1907,1130
CGAAGATCAGTTTCAT-1,0,74,70,1885,1142
ACGCCACTCGAAACAG-1,0,75,71,1907,1154
CTTAGATGTTTCATCC-1,0,74,72,1885,1167
GCGAATGGACTAGCGA-1,0,75,73,1907,1179
TAAATTGTGGGTAAAG-1,0,74,74,1885,1191
ATTTATACTGGTAAAG-1,0,75,75,1906,1204
GCGTCGTAACATGGTC-1,0,74,76,1885,1216
CGGTATGGGCACTCTG-1,0,75,77,1906,1229
CTATCACAACGCTGGA-1,0,74,78,1885,1241
ACCACACGGTTGATGG-1,0,75,79,1906,1253
TCAGCGCACGCCGTTT-1,0,74,80,1884,1266
AATGTTAAGACCCTGA-1,0,75,81,1906,1278
CTTACATAGATTTCTT-1,0,74,82,1884,1290
AACATAGCGTGTATCG-1,0,75,83,1906,1303
AGCAGTCGAAGCATGC-1,0,74,84,1884,1315
GTACTACGGCCTCGTT-1,0,75,85,1905,1328
TTGGCCAAATTGTATC-1,0,74,86,1884,1340
TCAGAGGACGCGTTAG-1,0,75,87,1905,1352
AGTAATCTAAGGGTGG-1,0,74,88,1884,1365
AATTATACCCAGCAAG-1,0,75,89,1905,1377
CCCTACCCACACCCAG-1,0,74,90,1883,1389
CTCTGTCCATGCACCA-1,0,75,91,1905,1402
TCGCCTCCTTCGGCTC-1,0,74,92,1883,1414
CCTGATTCGCGAAGAA-1,0,75,93,1905,1427
GACTTCAACGCATCAA-1,0,74,94,1883,1439
GCTTCCCGTAAGCTCC-1,0,75,95,1904,1451
AGAACTGTACTTTGTA-1,0,74,96,1883,1464
CCTTAAGTACGCAATT-1,0,75,97,1904,1476
GGCCAATTGTATAGAC-1,0,74,98,1882,1488
AGAATACAGGCTATCC-1,0,75,99,1904,1501
AATACCTGATGTGAAC-1,0,74,100,1882,1513
TAGAGTGTTCCGGGTA-1,0,75,101,1904,1526
GCTTCCATGTAACCGC-1,0,74,102,1882,1538
GGTTCGCATTTGCCGT-1,0,75,103,1904,1551
TCAATCCGGGAAGTTT-1,0,74,104,1882,1563
CCGGAAGTGCAATATG-1,0,75,105,1903,1575
CTCATAAATGTGTATA-1,0,74,106,1882,1587
GACGGGCATCGAATTT-1,0,75,107,1903,1600
GCTAAGCCCAGTATGC-1,0,74,108,1881,1612
GCTATAAGGGCCAGGA-1,0,75,109,1903,1625
GCGGATTACTTGTTCT-1,0,74,110,1881,1637
TACAACAGCGCATACA-1,0,75,111,1903,1650
TCTAACCTAGCCTGCG-1,0,74,112,1881,1662
TCTACCCGCATCATTT-1,0,75,113,1903,1674
GTCTTACCACGCCAAG-1,0,74,114,1881,1687
AATAACGTCGCGCCCA-1,0,75,115,1902,1699
CGTTTCGGTTATATGC-1,0,74,116,1881,1711
TACGCTGCACGGTCGT-1,0,75,117,1902,1724
CGTTAAATACGACCAG-1,0,74,118,1880,1736
TCGACTGACGATGGCT-1,0,75,119,1902,1749
ACGCTACTGAATGGGC-1,0,74,120,1880,1761
AAGGGTTAGCCATGCG-1,0,75,121,1902,1773
ACGTTTCGGTGCACTT-1,0,74,122,1880,1786
TTAACCCGAGGCGTGT-1,0,75,123,1901,1798
GCCCGTCAAGCCCAAT-1,0,74,124,1880,1810
ATTCGTCCCGAGGTTA-1,0,75,125,1901,1823
TCAAATTATGTTCGAC-1,0,74,126,1880,1835
AACGTTCTACCATTGT-1,0,75,127,1901,1848
CTGTCCTGCGCACTAC-1,0,76,0,1936,276
GCCCAGCGACACAAAG-1,0,77,1,1957,288
TATAGCTATTATCTCT-1,0,76,2,1935,300
AAGCTATGGATTGACC-1,0,77,3,1957,313
CCGAAACACGACCTCT-1,0,76,4,1935,325
ATCAGAAGCTGGTTGC-1,0,77,5,1957,338
TGAACCTGAATGTGAG-1,0,76,6,1935,350
TCAGAGCATGTCAACG-1,0,77,7,1956,362
ATACCCTCCCGGCCAA-1,0,76,8,1935,375
GCCACCTTATTCGCGA-1,0,77,9,1956,387
CAACGAGCTTATTATG-1,0,76,10,1935,399
GATCCAACCTTTAAAC-1,0,77,11,1956,412
TTGTGGAGACAGCCGG-1,0,76,12,1934,424
AGATAATCACACCTAT-1,0,77,13,1956,437
GGTTAGGGATGCTAAT-1,0,76,14,1934,449
TCATGAAGCGCTGCAT-1,0,77,15,1956,461
CCAGGCGAGATGGTCT-1,0,76,16,1934,474
CGACTTGCCGGGAAAT-1,0,77,17,1955,486
GTGCCAAACGTTTCGA-1,0,76,18,1934,498
TGCTCAAAGGATGCAC-1,0,77,19,1955,511
GCCTCAGGTACCGGTC-1,0,76,20,1934,523
ACAAGTAATTGTAAGG-1,0,77,21,1955,536
TTAGAGTATTGTCGAG-1,0,76,22,1933,548
GTCATCCCAAACTCAC-1,0,77,23,1955,560
CTCCTAGTAATCGTGA-1,0,76,24,1933,573
CCCTCATCACAGAGTA-1,0,77,25,1955,585
GGAAACAGAGCTTGGG-1,0,76,26,1933,597
ACATCGCAATATTCGG-1,0,77,27,1954,610
TTAGCCATAGGGCTCG-1,0,76,28,1933,622
CGGATTCTGCCTTATG-1,0,77,29,1954,635
TTGTTGGCAATGACTG-1,0,76,30,1933,647
GGATCTACCGTTCGTC-1,0,77,31,1954,660
GGTGGGATTAGGTCCC-1,0,76,32,1932,672
AATAGGCACGACCCTT-1,0,77,33,1954,684
GAGGTCCGTTCGCTGT-1,0,76,34,1932,696
TGACAACTTAAAGGTG-1,0,77,35,1954,709
AGCTAAGCTCCGTCCG-1,0,76,36,1932,721
CTAGCCCGGGAGACGA-1,0,77,37,1953,734
CCCAGATTCCCGTGAC-1,0,76,38,1932,746
GCCCGTTCACACAATT-1,0,77,39,1953,759
ACAAACTCCATCAGAG-1,0,76,40,1932,771
GGTTCCGTACGACTAA-1,0,77,41,1953,783
TTGCGGAAAGCTGCCC-1,0,76,42,1931,796
GGAACTCGTGAATACG-1,0,77,43,1953,808
GGTTACCGCTCCCTAC-1,0,76,44,1931,820
AGCGACTTTGAAGACA-1,0,77,45,1953,833
CCGTTTCCTTTCCGTG-1,0,76,46,1931,845
TGGATGGCATCTTGGA-1,0,77,47,1952,858
CAAGTCGTTGAAATCT-1,0,76,48,1931,870
TGCAAACGTACTAGTT-1,0,77,49,1952,882
GGCTGTCCTACTGCGG-1,0,76,50,1931,895
TACTGCATGATTAAAT-1,0,77,51,1952,907
CGGACCTCTGTAGTTA-1,0,76,52,1930,919
CCCTAGCTCTAAGGTC-1,0,77,53,1952,932
GTAACAGGTTAACGGC-1,0,76,54,1930,944
CCCGCAAATAATCATC-1,0,77,55,1952,957
AATCCCGCTCAGAGCC-1,0,76,56,1930,969
AACGTCATCCGGCTTG-1,0,77,57,1951,981
CTCGTGGCACTGAAAG-1,0,76,58,1930,994
CTTTATCCGACGCATG-1,0,77,59,1951,1006
AAATGACTGATCAAAC-1,0,76,60,1929,1018
TTCGTGCATGTTATAG-1,0,77,61,1951,1031
ATCAAAGAGCCGTGGT-1,0,76,62,1929,1043
ATGTCATAATAAACGA-1,0,77,63,1951,1056
CTTAATCGACTTAGTA-1,0,76,64,1929,1068
CTAAAGGATGAGATAC-1,0,77,65,1951,1080
GTGCTATCCAGCTGGA-1,0,76,66,1929,1093
GACAGAGGTCTTCAGT-1,0,77,67,1950,1105
TCGATTTACGAAACGA-1,0,76,68,1929,1117
AGGCTTAAGTTGCACA-1,0,77,69,1950,1130
TAGGATCTTAACCGCA-1,0,76,70,1928,1142
GACTTTCGAGCGGTTC-1,0,77,71,1950,1155
CCCTGGGAGGGATCCT-1,0,76,72,1928,1167
TAGTAGTTGCCGGACA-1,0,77,73,1950,1179
GCCCTAAGTGCAGGAT-1,0,76,74,1928,1192
ACTTGGGCTTTCGCCA-1,0,77,75,1949,1204
CATGATACGGTGAAAC-1,0,76,76,1928,1216
TCCTGCAGCCGCCAAT-1,0,77,77,1949,1229
GTCCGTTAGAGGGCCT-1,0,76,78,1928,1241
GCTTTATTAAGTTACC-1,0,77,79,1949,1254
AATCGAGGTCTCAAGG-1,0,76,80,1927,1266
GTGCTGTTAGAACATA-1,0,77,81,1949,1279
GGCTTCTCGTGGGTGG-1,0,76,82,1927,1291
CCTACAGTTGAGGGAG-1,0,77,83,1949,1303
TATCCCTCGATCTGCA-1,0,76,84,1927,1315
CCGGTATCTGGCGACT-1,0,77,85,1948,1328
CTCTAACACCGGCAGC-1,0,76,86,1927,1340
CTTCATCACCAGGGCT-1,0,77,87,1948,1353
GGCTGGCAATCCCACG-1,0,76,88,1927,1365
CAAACCATAAGCGTAT-1,0,77,89,1948,1378
CATGTGGGCTCATCAC-1,0,76,90,1926,1390
CCCGTGACAGTGCCTT-1,0,77,91,1948,1402
GATTATCTTGCATTAT-1,0,76,92,1926,1415
GAGTCCACCAGGTTTA-1,0,77,93,1948,1427
TGTACTATCGCTCGTT-1,0,76,94,1926,1439
TTAGCGAATAGATAGG-1,0,77,95,1947,1452
ACATACAATCAAGCGG-1,0,76,96,1926,1464
ATTCGTGTACCCATTC-1,0,77,97,1947,1477
GCTAGCAACGCACCTA-1,0,76,98,1926,1489
ACCTCAGCGAGGCGCA-1,0,77,99,1947,1501
TCCGGGCCACTAACGG-1,0,76,100,1925,1514
TCCCAATATCGACGAC-1,0,77,101,1947,1526
GGATTGAAGTAGCCTC-1,0,76,102,1925,1538
GGCGCACAGTTTACCT-1,0,77,103,1947,1551
CCCGGCACGTGTCAGG-1,0,76,104,1925,1563
AGTAAGGGACAGAATC-1,0,77,105,1946,1576
TTGCGCACAACCACGT-1,0,76,106,1925,1588
CCTGCTACAACCATAC-1,0,77,107,1946,1600
CTGGGCTACTGGAGAG-1,0,76,108,1925,1613
AGCTACGAATGGTGGT-1,0,77,109,1946,1625
ATTCGTTTATCGTATT-1,0,76,110,1924,1637
GGCATTCCCTCCCTCG-1,0,77,111,1946,1650
AGTTATTCAGACTGTG-1,0,76,112,1924,1662
CCACTTTCCTTCTAGG-1,0,77,113,1946,1675
CGCAGTTCTATCTTTC-1,0,76,114,1924,1687
AGGAGCGTTTATTATC-1,0,77,115,1945,1699
GACAGGTAATCCGTGT-1,0,76,116,1924,1712
TTCCCAAAGTACTGAT-1,0,77,117,1945,1724
CTGCAGGGTGACGCTC-1,0,76,118,1924,1736
TCATGGAGGCCTTTGT-1,0,77,119,1945,1749
ATGGCCCGAAAGGTTA-1,0,76,120,1923,1761
CGTAATATGGCCCTTG-1,0,77,121,1945,1774
AGAGTCTTAATGAAAG-1,0,76,122,1923,1786
GAACGTTTGTATCCAC-1,0,77,123,1945,1798
ATTGAATTCCCTGTAG-1,0,76,124,1923,1811
TACCTCACCAATTGTA-1,0,77,125,1944,1823
AGTCGAATTAGCGTAA-1,0,76,126,1923,1835
TTGAAGTGCATCTACA-1,0,77,127,1944,1848
