"p_val","avg_log2FC","pct.1","pct.2","p_val_adj","cluster","gene"
0,9.54494934191064,0.763,0.012,0,"22","Igfbp5"
0,10.0776590595371,0.729,0.005,0,"22","Kitl"
0,9.24582638511739,0.695,0.015,0,"22","Ghr"
0,10.1662830612542,0.678,0.005,0,"22","Nfib"
0,9.68082119084517,0.678,0.01,0,"22","Ptprd"
0,11.0669648332081,0.661,0.002,0,"22","Bicc1"
0,9.73854204950953,0.644,0.004,0,"22","Dlc1"
0,9.93353614675903,0.644,0.006,0,"22","Rbms3"
0,9.23214467872404,0.61,0.006,0,"22","Igfbp7"
0,11.750145953939,0.61,0.006,0,"22","Csmd1"
0,8.56198354211869,0.61,0.007,0,"22","Gas6"
0,12.555995588365,0.593,0.002,0,"22","Ebf3"
0,6.85776358137141,0.593,0.01,0,"22","Cald1"
0,11.2598555868413,0.576,0.002,0,"22","Sgcd"
0,10.4091716212123,0.576,0.003,0,"22","Serping1"
0,9.75684101149375,0.576,0.005,0,"22","Sparc"
0,10.9333970212121,0.559,0.002,0,"22","Cdh11"
0,10.0027691303883,0.542,0.004,0,"22","Lepr"
0,8.66519379852934,0.542,0.004,0,"22","C4b"
0,11.3565332258052,0.525,0.002,0,"22","Pappa"
0,8.75906754053536,0.525,0.006,0,"22","Adcy2"
0,8.76412752664817,0.525,0.007,0,"22","Fstl1"
0,12.4472106070054,0.508,0.002,0,"22","Limch1"
0,10.5434743864383,0.508,0.002,0,"22","Rarres2"
0,10.5294165376577,0.508,0.002,0,"22","ENSMUSG00000121513"
0,11.2459494568107,0.508,0.002,0,"22","Gpc6"
0,10.578223785788,0.508,0.002,0,"22","Gdpd2"
0,9.35077509483876,0.508,0.003,0,"22","Tshz2"
0,9.26901900669246,0.508,0.003,0,"22","Tnc"
0,6.33372269646915,0.508,0.006,0,"22","Pard3"
0,10.1892231288624,0.492,0.001,0,"22","Mme"
0,10.5529737116874,0.492,0.001,0,"22","Bmp6"
0,10.3402453165218,0.492,0.004,0,"22","Adipoq"
0,8.2046540289627,0.492,0.006,0,"22","Col4a1"
0,13.5776237757421,0.475,0,0,"22","Col6a1"
0,12.4275849188918,0.475,0.001,0,"22","Zfhx4"
0,11.9397407758715,0.475,0.001,0,"22","Col8a1"
0,9.83336450528928,0.475,0.002,0,"22","Shroom3"
0,10.2936263263624,0.475,0.002,0,"22","Kng2"
0,9.48359010737406,0.475,0.003,0,"22","Fbn1"
0,10.601326286158,0.475,0.003,0,"22","Antxr1"
0,10.175914290315,0.475,0.003,0,"22","Cxcl14"
0,8.98245627410574,0.475,0.003,0,"22","Esm1"
0,10.6583600942368,0.458,0.002,0,"22","Pdzrn4"
0,10.493631739177,0.441,0.001,0,"22","Fbln5"
0,11.834055892465,0.441,0.001,0,"22","Osmr"
0,12.10497291783,0.441,0.001,0,"22","Fbxl7"
0,10.0326650361754,0.441,0.002,0,"22","Negr1"
0,10.1834001170277,0.441,0.002,0,"22","Svep1"
0,10.1285847769447,0.441,0.002,0,"22","Mgp"
0,10.2026196986808,0.441,0.002,0,"22","Cdh2"
0,9.0481892168391,0.441,0.004,0,"22","Sorbs2"
0,7.74745002935908,0.441,0.004,0,"22","Efna5"
0,8.93417790077784,0.441,0.004,0,"22","Epas1"
0,11.6103219298405,0.424,0,0,"22","Prrx1"
0,12.1967336117357,0.424,0,0,"22","Prr16"
0,10.4677647281721,0.424,0.001,0,"22","Mark1"
0,9.63290345796011,0.424,0.002,0,"22","Abi3bp"
0,10.569025592942,0.407,0.001,0,"22","Fat1"
0,10.962761941735,0.407,0.001,0,"22","Acss3"
0,9.67008106516948,0.407,0.002,0,"22","Mir100hg"
0,8.72965470554287,0.39,0.001,0,"22","Foxc1"
0,10.1068676713061,0.39,0.001,0,"22","Dpysl3"
0,8.65320864915281,0.39,0.003,0,"22","Adam12"
0,8.50884157485478,0.39,0.003,0,"22","Loxl1"
0,11.319449510026,0.373,0,0,"22","Fmo2"
0,8.98247146518821,0.373,0.001,0,"22","Dlg5"
0,10.0527118571523,0.373,0.001,0,"22","Cyp1b1"
0,8.40625444846952,0.373,0.002,0,"22","Zcchc14"
0,8.61492894972872,0.373,0.002,0,"22","Aldh1a2"
0,9.58133230975246,0.373,0.002,0,"22","Adgrf5"
0,9.38173165639509,0.373,0.003,0,"22","Nhs"
0,12.7164264101983,0.356,0,0,"22","Fign"
0,13.0800398452931,0.356,0,0,"22","Col6a2"
0,11.8730122150286,0.356,0.001,0,"22","Pdgfra"
0,9.50401158673749,0.356,0.002,0,"22","Mpdz"
0,8.76230489835788,0.356,0.002,0,"22","Thsd7a"
0,8.77187123436722,0.356,0.002,0,"22","Agmo"
0,8.83487528752487,0.356,0.002,0,"22","Smoc1"
0,8.46795265813255,0.356,0.002,0,"22","Nid1"
0,9.32665077444783,0.339,0.001,0,"22","Tbx15"
0,9.71218461278158,0.339,0.001,0,"22","C1s1"
0,9.16386382128447,0.339,0.001,0,"22","Fam20a"
0,11.1888275058156,0.339,0.001,0,"22","Plac9"
0,11.2173960605987,0.339,0.001,0,"22","Rspo2"
0,10.7897479866398,0.339,0.001,0,"22","Plekhh2"
0,10.6189478709363,0.339,0.001,0,"22","Chrdl1"
0,9.11097444352205,0.339,0.002,0,"22","Pde1a"
0,10.8668842454958,0.322,0.001,0,"22","Ldb2"
0,13.3741798513818,0.305,0,0,"22","Rspo3"
0,10.2097113975959,0.305,0.001,0,"22","Grem1"
0,11.612652060198,0.305,0.001,0,"22","Gm16685"
0,9.81423719434734,0.305,0.001,0,"22","Col6a5"
0,9.99000851492854,0.305,0.001,0,"22","Dcn"
0,10.3549686501862,0.305,0.001,0,"22","Pcdh9"
0,9.92526276093783,0.288,0.001,0,"22","Agt"
0,9.39613222465518,0.288,0.001,0,"22","Adamts2"
0,11.1852737967587,0.288,0.001,0,"22","Gli3"
0,10.9865211333629,0.288,0.001,0,"22","Kng1"
0,12.6323007048984,0.271,0,0,"22","Fermt2"
0,8.775118948475,0.271,0.001,0,"22","Kirrel"
0,9.22591379362186,0.271,0.001,0,"22","Ror1"
0,9.57635249069888,0.271,0.001,0,"22","Gnai1"
0,10.4953636236311,0.271,0.001,0,"22","Snai2"
0,8.56989242988342,0.271,0.001,0,"22","Tmem45a"
0,10.5267654796393,0.271,0.001,0,"22","Lox"
0,9.59341256865394,0.254,0.001,0,"22","Ccn5"
0,10.4088771409953,0.254,0.001,0,"22","Gm19299"
0,11.9607994973033,0.237,0,0,"22","Ptgfr"
0,10.5991586043027,0.237,0,0,"22","Parva"
0,11.6620321808339,0.237,0,0,"22","Gm6249"
0,10.3950648565124,0.237,0,0,"22","Zfp423"
0,12.0983044038726,0.22,0,0,"22","Bmp5"
9.24438716839675e-308,8.61427490729447,0.407,0.004,1.88289677845905e-303,"22","Grip1"
7.38495133007489e-305,9.05480688105805,0.525,0.008,1.50416688690965e-300,"22","Col1a2"
4.04536595928488e-302,9.23877340382101,0.271,0.001,8.23960138587144e-298,"22","Abcc9"
4.21422588229259e-302,9.9824531917845,0.254,0.001,8.58353527705354e-298,"22","Pcolce"
4.51090282859287e-302,9.3557986375341,0.356,0.003,9.18780688127796e-298,"22","Robo1"
4.15359188027493e-301,8.80419538013002,0.542,0.009,8.46003594174397e-297,"22","9530026P05Rik"
9.05571213034371e-301,8.03981247407544,0.661,0.014,1.84446744670841e-296,"22","Plpp3"
6.1346077022205e-300,9.23903808174011,0.475,0.006,1.24949689678827e-295,"22","Naaladl2"
6.94160506167852e-300,8.50353270606383,0.475,0.006,1.41386611896268e-295,"22","Serpinh1"
1.34617501347785e-296,13.211454774698,0.169,0,2.74188926745168e-292,"22","Ccn1"
7.36735229290929e-294,9.7518984021667,0.22,0.001,1.50058231501976e-289,"22","Lama4"
2.03239958604191e-289,9.37943321649185,0.237,0.001,4.13959147685016e-285,"22","Sh3rf3"
2.63866128126879e-289,8.43540960938105,0.237,0.001,5.37442529768827e-285,"22","Unc5c"
6.93009941999838e-289,11.3170109500324,0.254,0.001,1.41152264986527e-284,"22","Fgf7"
7.4095714603578e-280,11.0115909656167,0.271,0.001,1.50918151504568e-275,"22","Sfrp4"
1.94318883959172e-279,9.59589167378385,0.271,0.001,3.95788702848041e-275,"22","Egfr"
1.42974353619522e-277,10.3422547758835,0.22,0.001,2.91210163452243e-273,"22","Gm34907"
2.39116895716094e-277,9.23843571874506,0.22,0.001,4.8703329319454e-273,"22","Sulf1"
1.0041801970621e-276,10.5323046636022,0.254,0.001,2.04531422537608e-272,"22","Pakap"
1.07008203867297e-276,9.14123138095007,0.254,0.001,2.17954309636911e-272,"22","Dpep1"
2.52321522560425e-276,8.59645664664543,0.254,0.001,5.13928477151074e-272,"22","Col5a2"
1.36010416574465e-275,9.51616741493437,0.186,0,2.7702601647887e-271,"22","Cbln1"
1.42569799041643e-275,9.10816945027579,0.237,0.001,2.90386166688018e-271,"22","Cygb"
1.5295469712438e-274,8.36437371130297,0.288,0.002,3.11538127102937e-270,"22","Pdzrn3"
6.75691083144217e-274,8.7752933757182,0.373,0.004,1.37624759814814e-269,"22","Bgn"
1.952477919401e-273,8.48908259944155,0.373,0.004,3.97680702623595e-269,"22","Spon1"
1.89969550873975e-271,8.41880887207536,0.475,0.007,3.86929981220112e-267,"22","Clmp"
1.70292636804109e-269,11.5575115361134,0.169,0,3.46852042642609e-265,"22","Ppfia2"
2.55345620433793e-268,6.71683800048818,0.508,0.009,5.20087959699551e-264,"22","Fap"
4.03918954771143e-267,12.2271754464802,0.153,0,8.22702127077865e-263,"22","Nnmt"
4.03918954771143e-267,11.5718554484425,0.153,0,8.22702127077865e-263,"22","Cdc42ep1"
3.25635803613951e-266,10.9211781667848,0.203,0.001,6.63255004800896e-262,"22","Frk"
5.87867706036804e-266,8.54142168570194,0.492,0.008,1.19736894365576e-261,"22","Plxna2"
1.38784976075631e-262,8.15369889166715,0.22,0.001,2.82677239270846e-258,"22","Mtarc1"
9.55869598506196e-260,7.884590769058,0.271,0.002,1.94691519823742e-255,"22","Ltbp2"
3.34210214155499e-259,9.80310552732512,0.356,0.004,6.8071936419192e-255,"22","Mmp13"
5.19433721189201e-259,8.15961887357741,0.356,0.004,1.05798260331817e-254,"22","Fhl2"
7.27105456391701e-258,9.08995478812214,0.305,0.002,1.48096839357862e-253,"22","Eya4"
6.64465176005206e-248,7.15616203995958,0.559,0.012,1.3533826704874e-243,"22","Colec12"
2.1077907203154e-247,7.53794894386173,0.424,0.006,4.29314813913841e-243,"22","Gm4951"
4.80595788426494e-247,9.64965422790205,0.746,0.024,9.78877501867084e-243,"22","Cxcl12"
5.54791603398717e-247,11.4702465337201,0.169,0,1.12999953780251e-242,"22","Htra1"
5.87070884986019e-247,11.6103988414852,0.169,0,1.19574597853952e-242,"22","Cldn5"
7.57178561214502e-247,8.94598342813565,0.169,0,1.5422212934817e-242,"22","Srpx"
1.14108382037199e-245,9.09174053858617,0.254,0.002,2.32415952533366e-241,"22","Gpx8"
5.56848365943808e-241,9.9575746840916,0.237,0.001,1.13418875175435e-236,"22","Ccbe1"
1.54273069246933e-240,8.04178977495735,0.373,0.005,3.14223387442153e-236,"22","Nav3"
2.62879878054517e-240,11.34024235591,0.153,0,5.3543373562144e-236,"22","Pdk4"
2.71034109004958e-240,12.1122562303844,0.153,0,5.52042273221299e-236,"22","Col6a3"
1.99569502376075e-239,6.96749704141943,0.644,0.018,4.06483162439589e-235,"22","Cped1"
1.41416005957736e-238,9.10404122211552,0.186,0.001,2.88036120934717e-234,"22","Col12a1"
9.87722586168067e-238,6.29959939667014,0.475,0.009,2.01179336350712e-233,"22","Ar"
1.19909434340084e-237,11.884309101925,0.136,0,2.44231535863882e-233,"22","Fibin"
1.57763467244063e-237,8.7097137533292,0.22,0.001,3.21332630082707e-233,"22","Abca8a"
3.5637604765303e-236,8.22615383781154,0.203,0.001,7.25866733859691e-232,"22","Sfrp1"
3.95252012678441e-231,8.81436399121736,0.237,0.001,8.05049299423448e-227,"22","Klhl29"
4.42877726764785e-231,8.81599565907684,0.237,0.001,9.02053353874514e-227,"22","Gm26535"
1.15255845422352e-226,8.75393384085395,0.22,0.001,2.34753105956247e-222,"22","Ism1"
8.35696652427517e-224,8.27402716419752,0.203,0.001,1.70214694166437e-219,"22","Ccdc80"
1.32030791770746e-221,9.40193603350948,0.305,0.003,2.68920316678655e-217,"22","Phex"
2.03186233647151e-220,7.38787481003825,0.254,0.002,4.13849720692517e-216,"22","Ctsk"
2.35488049759606e-218,10.1835045188888,0.153,0,4.79642059750365e-214,"22","Prelp"
8.05839373609623e-217,8.84363793937083,0.22,0.001,1.64133363616808e-212,"22","Six1"
2.19433981269587e-214,6.00630397645379,0.542,0.013,4.46943133049894e-210,"22","Cfh"
1.59630014608017e-213,8.37345105645931,0.254,0.002,3.25134413753609e-209,"22","Il34"
1.65922889416946e-211,10.3093204148594,0.169,0.001,3.37951741164436e-207,"22","Pcsk5"
2.01387107914656e-211,9.46696388958591,0.169,0.001,4.10185261400571e-207,"22","Ms4a4d"
3.61079210525402e-211,11.1065043570972,0.136,0,7.35446135998139e-207,"22","Arsj"
3.87325298202425e-211,7.89131388278864,0.407,0.007,7.88904167378699e-207,"22","Cp"
2.37119202064532e-210,8.50886533297708,0.186,0.001,4.82964390765039e-206,"22","Irx3"
2.82561988546236e-210,7.8244677985354,0.186,0.001,5.75522258270973e-206,"22","Shox2"
3.52776120282782e-208,11.9251537960734,0.119,0,7.18534401791971e-204,"22","Ngf"
3.52776120282782e-208,12.3001295286189,0.119,0,7.18534401791971e-204,"22","Gpr88"
3.52776120282782e-208,12.567875885129,0.119,0,7.18534401791971e-204,"22","Id4"
1.14361736809914e-207,8.78313382949537,0.22,0.001,2.32931985534434e-203,"22","Lrig3"
5.27176943909594e-203,7.06284219119456,0.271,0.003,1.07375399935506e-198,"22","Col1a1"
5.77483914938589e-203,7.67692586800458,0.407,0.007,1.17621923794692e-198,"22","Stard13"
3.47788907999047e-202,8.32340559289391,0.203,0.001,7.08376447812459e-198,"22","Flrt2"
6.29213005533254e-202,8.3047486396971,0.288,0.003,1.28158104967013e-197,"22","Notch3"
6.91383365875e-200,6.58891130656355,0.746,0.03,1.4082096396142e-195,"22","Rora"
8.21942561211503e-200,8.50100869354553,0.322,0.004,1.67413260867559e-195,"22","Stox2"
6.64034468662628e-199,7.80976827527775,0.22,0.002,1.35250540577204e-194,"22","Foxp2"
1.31281106178948e-198,9.03037955445458,0.186,0.001,2.6739335706528e-194,"22","Emp2"
2.79274361766664e-197,9.70685459028362,0.169,0.001,5.68826020046342e-193,"22","Igfbp3"
1.01850256825423e-195,8.1042337703516,0.407,0.008,2.07448603102021e-191,"22","Errfi1"
2.66900913614079e-195,7.87685390922237,0.508,0.013,5.43623780849155e-191,"22","Lifr"
1.54398882795651e-194,7.97138588515302,0.254,0.002,3.14479644478182e-190,"22","Hspg2"
1.05167823291343e-188,7.76818390297264,0.373,0.007,2.14205822479807e-184,"22","Ank3"
4.4817076284883e-188,8.66225393741452,0.186,0.001,9.12834209770497e-184,"22","Ddr2"
9.29440003067956e-185,8.02250980854479,0.169,0.001,1.89308339824881e-180,"22","Synpo"
1.25251304861222e-184,11.5855471844173,0.153,0.001,2.55111857741337e-180,"22","Gm20619"
1.37575456498574e-184,9.2585334731931,0.153,0.001,2.80213689796296e-180,"22","Rbp4"
4.19423294883699e-182,11.8768363069807,0.119,0,8.54281367019119e-178,"22","Pxdn"
4.19423294883699e-182,11.6286779334241,0.119,0,8.54281367019119e-178,"22","Gm34667"
4.27709678657229e-182,7.50154484509485,0.492,0.013,8.71159073489045e-178,"22","Vegfc"
4.45085940128461e-182,11.1959131412175,0.119,0,9.06551042853649e-178,"22","Ptx3"
1.03106261674534e-178,10.9650432499602,0.102,0,2.10006833778691e-174,"22","Dnm3os"
1.03106261674534e-178,11.1120015240861,0.102,0,2.10006833778691e-174,"22","Syt9"
1.03106261674534e-178,12.1614145143743,0.102,0,2.10006833778691e-174,"22","Gm32688"
1.88512508526604e-178,7.93522039063837,0.254,0.003,3.83962277366987e-174,"22","Mxra8"
7.5056985017734e-177,8.66364599056853,0.203,0.002,1.52876067084121e-172,"22","Nsg1"
1.356211705468e-176,7.54099975719381,0.203,0.002,2.76233200169721e-172,"22","Lamb1"
2.19337720939258e-176,8.34368262661392,0.492,0.014,4.46747070009081e-172,"22","Gja1"
1.18367818166725e-175,8.15207306930365,0.407,0.009,2.41091572041986e-171,"22","Pdgfrb"
5.84894747245505e-174,9.77507311568196,0.169,0.001,1.19131362118964e-169,"22","Dclk1"
9.43203354624553e-174,8.28234352881771,0.169,0.001,1.92111659269929e-169,"22","Olfml2a"
1.28922279264433e-172,9.85540708303585,0.136,0,2.62588898405798e-168,"22","Pitx1"
1.31421523148214e-171,7.23738039063409,0.441,0.011,2.67679358348282e-167,"22","Gpm6b"
5.04605967584035e-171,6.50279945691579,0.22,0.002,1.02778143477516e-166,"22","Snhg18"
5.25008252176144e-170,5.57588657403151,0.458,0.012,1.06933680803237e-165,"22","Pparg"
1.69330196959116e-168,7.03862742737423,0.288,0.004,3.44891745166328e-164,"22","Sema5a"
5.60793069102689e-166,7.45852300917473,0.39,0.009,1.14222332314836e-161,"22","Col4a2"
3.19879846048464e-163,8.78528100638595,0.203,0.002,6.51531270431511e-159,"22","Islr"
3.79769477338655e-163,8.54797780640723,0.203,0.002,7.73514471443373e-159,"22","Sdk2"
8.49424419546801e-162,12.8397763312742,0.119,0,1.73010765773292e-157,"22","Sema3a"
8.95434283533739e-162,9.81281718577727,0.119,0,1.82382054870152e-157,"22","Ccn2"
9.95054242607539e-162,9.0713723088279,0.119,0,2.02672648134304e-157,"22","Tcim"
3.24538894780716e-161,8.4266436561068,0.356,0.007,6.61020820889362e-157,"22","Tln2"
7.11045545537873e-160,10.785701391541,0.153,0.001,1.44825756715154e-155,"22","Galnt18"
8.36511646116253e-160,8.64176621450304,0.153,0.001,1.70380692080958e-155,"22","Col3a1"
9.84080949796884e-160,9.17862233905347,0.153,0.001,2.00437607854629e-155,"22","Ephb4"
1.64515201442769e-159,8.43945273969702,0.288,0.005,3.35084562298631e-155,"22","Adamts5"
1.47069022852373e-158,5.26093540907031,0.441,0.012,2.99550185745713e-154,"22","Igf1"
4.02079974318041e-158,8.76675722285007,0.136,0.001,8.18956491690985e-154,"22","Cx3cl1"
2.23482226105525e-157,7.72978614036545,0.322,0.006,4.55188598131732e-153,"22","Arhgap42"
2.49279834994184e-155,6.98152592177659,0.339,0.007,5.07733167916154e-151,"22","Thsd4"
3.69414411243782e-153,10.0591478010921,0.102,0,7.52423272821335e-149,"22","Sfrp2"
3.69414411243782e-153,10.9120127162345,0.102,0,7.52423272821335e-149,"22","Adh1"
3.69414411243782e-153,10.032083734238,0.102,0,7.52423272821335e-149,"22","Bcar1"
3.69414411243782e-153,10.7396258295535,0.102,0,7.52423272821335e-149,"22","Ebf2"
4.03095072278191e-153,9.7228926837819,0.102,0,8.2102404321622e-149,"22","Srpx2"
1.34658720795985e-150,9.47469251343488,0.22,0.003,2.74272882517262e-146,"22","Dab2"
1.39657943394498e-149,6.99181512150788,0.153,0.001,2.84455299105913e-145,"22","Eva1c"
3.00497889102677e-149,10.6931996910603,0.085,0,6.12054100524333e-145,"22","Dlx5"
3.00497889102677e-149,12.4725231500874,0.085,0,6.12054100524333e-145,"22","Slco1a4"
3.00497889102677e-149,10.2340253264662,0.085,0,6.12054100524333e-145,"22","Chrna7"
3.00497889102677e-149,10.5708683470553,0.085,0,6.12054100524333e-145,"22","Irx5"
3.00497889102677e-149,11.4842424333034,0.085,0,6.12054100524333e-145,"22","Gas1"
2.57296539568036e-148,6.55773616041903,0.61,0.028,5.24061591792176e-144,"22","Palld"
7.56391971056558e-146,8.09425378760235,0.136,0.001,1.540619166648e-141,"22","Naalad2"
1.57460427870748e-145,9.45168283741221,0.119,0,3.2071539948714e-141,"22","Akr1c19"
1.69072628434225e-145,9.82403665658432,0.119,0,3.4436712959483e-141,"22","Nr2f2"
1.73130344357003e-145,9.60547721066834,0.119,0,3.52631885386344e-141,"22","Hspb1"
1.00540379572375e-140,7.63401565645439,0.153,0.001,2.04780645113013e-136,"22","Vasn"
1.18105761802437e-140,8.03518755033808,0.153,0.001,2.40557815639203e-136,"22","Gm29771"
3.1190715004754e-140,8.45887481453667,0.254,0.004,6.35292483216829e-136,"22","Mdk"
4.74070765400581e-140,7.64395969699256,0.458,0.016,9.65587334967903e-136,"22","Magi2"
1.30576837655479e-139,6.64649461459093,0.424,0.013,2.65958902936679e-135,"22","Lhfp"
1.86000208804155e-136,8.6619469527506,0.203,0.002,3.78845225292303e-132,"22","Zfpm2"
9.55007671658072e-136,6.92185021781415,0.542,0.024,1.94515962563316e-131,"22","Lpl"
1.70924807268247e-135,9.16820914687487,0.136,0.001,3.48139647443966e-131,"22","Mmp2"
5.4564939750317e-134,10.4626517052562,0.102,0,1.11137869283446e-129,"22","Tpbg"
5.7411860082953e-134,10.1533373858212,0.102,0,1.16936476616959e-129,"22","Gpr182"
6.04070619543573e-134,9.21538665777403,0.102,0,1.23037103788635e-129,"22","Pcdh19"
5.64140138717682e-133,8.80960208145195,0.153,0.001,1.14904063454018e-128,"22","Fzd1"
2.60383282819275e-132,10.4008654037601,0.119,0.001,5.303486704463e-128,"22","Wif1"
2.66056275974275e-132,12.6029825109872,0.119,0.001,5.41903422904402e-128,"22","Thrsp"
3.16114722875327e-132,8.75753132598964,0.119,0.001,6.43862467552466e-128,"22","Rai2"
3.33981148005318e-132,9.18261826073893,0.203,0.003,6.80252802257232e-128,"22","Tspan7"
7.62997912307392e-129,7.42225456735142,0.373,0.011,1.5540741477877e-124,"22","Rbfox2"
3.41680728074489e-128,8.10183801696469,0.203,0.003,6.95935306942118e-124,"22","Grb14"
3.17890599137214e-127,6.17141733697012,0.373,0.011,6.47479572322677e-123,"22","Cpne8"
1.32382401805697e-126,8.2322918343749,0.254,0.005,2.69636475997844e-122,"22","Zfp618"
2.62361492942993e-126,8.70402377775592,0.136,0.001,5.34377888826287e-122,"22","S100a16"
7.70787970410357e-126,8.4963771944369,0.153,0.001,1.56994093813182e-121,"22","Camk2n1"
2.16374305736143e-124,10.2443156130045,0.085,0,4.40711185923375e-120,"22","Ddit4l"
2.16374305736143e-124,11.9413080766364,0.085,0,4.40711185923375e-120,"22","Pygo1"
2.16374305736143e-124,9.8833388079327,0.085,0,4.40711185923375e-120,"22","Unc5b"
2.16374305736143e-124,10.3878339870151,0.085,0,4.40711185923375e-120,"22","Scara5"
2.16374305736143e-124,9.57819051808387,0.085,0,4.40711185923375e-120,"22","Pcdhb9"
2.42283203396001e-124,8.83793005391192,0.085,0,4.93482428676976e-120,"22","Ppp1r3c"
2.49230493494931e-124,7.46762990782347,0.085,0,5.07632669150475e-120,"22","Pcdh18"
5.69608697168536e-124,6.47874938746094,0.271,0.006,1.16017899439287e-119,"22","Tnfsf11"
9.11298987612067e-124,7.63005366214389,0.22,0.003,1.85613377796826e-119,"22","Tead1"
1.2599716531496e-123,6.75111533859642,0.305,0.007,2.5663102631351e-119,"22","Tcf7l1"
1.25470200532904e-122,7.95685846653161,0.169,0.002,2.55557704445419e-118,"22","Palmd"
2.05139009103389e-122,6.08986152663972,0.169,0.002,4.17827133741783e-118,"22","Yap1"
8.32087788194398e-122,6.8577585158649,0.373,0.012,1.69479640699435e-117,"22","P3h2"
1.01887962237189e-121,6.91046499385143,0.288,0.007,2.07525401484706e-117,"22","Phactr1"
3.5696563424392e-121,8.23362054048457,0.119,0.001,7.27067603828016e-117,"22","Gnao1"
8.99402688439734e-121,6.26046905227113,0.542,0.027,1.83190339581405e-116,"22","Itga1"
8.78810184007826e-120,10.0557445354021,0.068,0,1.78996058278714e-115,"22","Msc"
8.78810184007826e-120,10.6249939016886,0.068,0,1.78996058278714e-115,"22","C130074G19Rik"
8.78810184007826e-120,11.5477956174562,0.068,0,1.78996058278714e-115,"22","Scn7a"
8.78810184007826e-120,11.4970450461683,0.068,0,1.78996058278714e-115,"22","Slc26a7"
8.78810184007826e-120,9.87019029464281,0.068,0,1.78996058278714e-115,"22","Msx1"
8.78810184007826e-120,12.3002969149522,0.068,0,1.78996058278714e-115,"22","Gm30524"
8.78810184007826e-120,12.2577509267395,0.068,0,1.78996058278714e-115,"22","Gm32067"
8.78810184007826e-120,11.6888450215893,0.068,0,1.78996058278714e-115,"22","Stc1"
8.78810184007826e-120,10.4830440610153,0.068,0,1.78996058278714e-115,"22","Hoxc5"
8.78810184007826e-120,11.6344304469513,0.068,0,1.78996058278714e-115,"22","Hoxc9"
8.78810184007826e-120,10.9296619593075,0.068,0,1.78996058278714e-115,"22","Hoxc8"
1.17983401855548e-119,9.94771347580544,0.153,0.001,2.40308592899381e-115,"22","Ptprb"
2.39278499614014e-119,6.9297088134106,0.424,0.016,4.87362448013823e-115,"22","Igsf3"
4.56179288786156e-119,10.1813926538271,0.102,0,9.29145975399643e-115,"22","Nrep"
4.88159148529186e-119,8.85964921836012,0.102,0,9.94282553724246e-115,"22","Thbs2"
5.22376483519263e-119,7.80262301899309,0.102,0,1.06397642163203e-114,"22","Gm17501"
5.46507794677982e-119,8.42235697271634,0.102,0,1.11312707620011e-114,"22","Hoxc6"
5.49333722041822e-119,5.15799242271779,0.407,0.014,1.11888292505478e-114,"22","Mafb"
5.5898752786076e-119,7.70023352049588,0.102,0,1.1385457967468e-114,"22","Bmper"
5.7175170202204e-119,7.60014188329074,0.102,0,1.16454386667849e-114,"22","Scara3"
2.11520100890496e-118,8.82811573864415,0.136,0.001,4.30824141493762e-114,"22","Meis2"
2.3662936264636e-118,7.13941977678335,0.39,0.013,4.81966685838106e-114,"22","Nrp2"
2.8746385288134e-118,6.71202865640397,0.186,0.002,5.85506375548713e-114,"22","Fscn1"
2.9671688064349e-114,8.78269074746459,0.237,0.005,6.04352942494661e-110,"22","Cxcl9"
7.50913645869095e-114,8.72946401983633,0.153,0.002,1.52946091390617e-109,"22","Sobp"
7.72954754624702e-114,8.77827914582355,0.153,0.002,1.57435424421959e-109,"22","Dpyd"
9.06241469516975e-114,7.39135838531575,0.153,0.002,1.84583262511217e-109,"22","Tspan12"
5.79500180220915e-113,7.52125760366287,0.169,0.002,1.18032596707396e-108,"22","Trabd2b"
2.17228951799429e-111,9.27118393328146,0.136,0.001,4.42451929025078e-107,"22","Flt4"
6.62137438769643e-111,7.90442242104733,0.186,0.003,1.34864153528601e-106,"22","Plce1"
6.97455655468304e-110,8.2742249332045,0.22,0.004,1.42057767905784e-105,"22","Kcnq3"
8.81414559186913e-110,7.77657415031181,0.576,0.035,1.7952651741519e-105,"22","Gpx3"
4.3257570291394e-109,9.40515958601784,0.169,0.002,8.81070191695114e-105,"22","Gpm6a"
1.09916066511609e-107,8.09416725024575,0.186,0.003,2.23877044270845e-103,"22","Ramp2"
3.31220613915471e-107,6.34150599870855,0.559,0.033,6.74630146423031e-103,"22","Apbb2"
3.97362207702443e-107,8.96420798418342,0.102,0.001,8.09347344648335e-103,"22","Gstm2"
4.05515500246878e-107,9.7744804757289,0.102,0.001,8.25953970902842e-103,"22","Klhl13"
4.13835735412717e-107,9.67205033819967,0.102,0.001,8.42900625888621e-103,"22","Tnn"
4.58062900107354e-107,7.31277434703533,0.102,0.001,9.32982514938658e-103,"22","Fmo1"
1.51210785463067e-106,7.58956155289472,0.085,0,3.07986127831174e-102,"22","Daam2"
1.17561568806935e-105,6.1820215304087,0.593,0.038,2.39449403345966e-101,"22","Auts2"
3.6060647570633e-105,8.77280212826162,0.136,0.001,7.34483269718653e-101,"22","Zfp9"
3.7720998573575e-105,8.37232949353708,0.136,0.001,7.68301298946575e-101,"22","Nrg3"
3.88700646789161e-105,8.12667595436572,0.136,0.001,7.91705477380163e-101,"22","Rbfox1"
4.31738817557098e-105,7.47682700298135,0.136,0.001,8.79365623600296e-101,"22","Pmp22"
6.19370311529794e-105,7.71864859639744,0.169,0.002,1.26153345052388e-100,"22","Il7"
7.32911566416175e-105,6.56458867695776,0.169,0.002,1.49279427847647e-100,"22","Ogn"
9.466591697816e-104,8.19693303820894,0.119,0.001,1.92815539701116e-99,"22","Ushbp1"
1.7477998232537e-102,5.47500678811612,0.458,0.022,3.55991868000314e-98,"22","Ptprm"
8.83606825330247e-101,8.16501622060537,0.22,0.005,1.79973038183265e-96,"22","Plagl1"
2.11424916227952e-99,7.13878633495998,0.661,0.052,4.30630269373094e-95,"22","Serpine2"
2.69937122128128e-98,5.4568707818276,0.407,0.018,5.49807930350572e-94,"22","Ltbp1"
8.4404651349645e-98,6.40764193437847,0.407,0.018,1.71915393868957e-93,"22","Satb2"
9.03502490904523e-98,6.2574854849769,0.169,0.003,1.84025387347433e-93,"22","Mrc2"
2.21884074366776e-97,11.0340503433335,0.102,0.001,4.51933482670249e-93,"22","Ccdc85a"
2.38878932405573e-97,10.362328710746,0.102,0.001,4.86548609523671e-93,"22","Sox18"
2.478572911041e-97,8.74993027364914,0.102,0.001,5.0483573052083e-93,"22","Dact1"
7.73107790505259e-97,5.68967491180795,0.729,0.066,1.57466594770111e-92,"22","Tgfbr3"
7.86550859633762e-97,8.27859661302194,0.119,0.001,1.60204679090205e-92,"22","Gm49969"
9.06393628660427e-97,8.15849158354255,0.119,0.001,1.84614254285556e-92,"22","Tns2"
6.65292141829373e-96,11.3924889322508,0.068,0,1.35506703447807e-91,"22","Rgma"
6.65292141829373e-96,10.7927573342712,0.068,0,1.35506703447807e-91,"22","Gm16118"
6.83599631131152e-96,10.3161287915811,0.068,0,1.39235572868793e-91,"22","Ankef1"
7.02409714747838e-96,9.25583996935743,0.068,0,1.4306681069984e-91,"22","Dchs2"
7.02409714747838e-96,9.09114401294758,0.068,0,1.4306681069984e-91,"22","Gm11266"
7.21736157534009e-96,8.3618532627749,0.068,0,1.47003220566527e-91,"22","Kcnh1"
7.21736157534009e-96,8.80991199893652,0.068,0,1.47003220566527e-91,"22","Col11a1"
7.21736157534009e-96,8.49706021029881,0.068,0,1.47003220566527e-91,"22","Gm52992"
7.41593100427101e-96,6.78649054552965,0.068,0,1.51047682694992e-91,"22","Lrp3"
1.5335889266723e-95,6.80878543084702,0.475,0.026,3.12361392584614e-91,"22","Rai14"
1.56720742742479e-95,7.3209346278691,0.203,0.004,3.1920880881788e-91,"22","Epn2"
2.89906167556415e-95,6.83272230869819,0.305,0.01,5.90480882078905e-91,"22","B3galt1"
8.15038665147033e-95,9.20826130831915,0.169,0.003,1.66007075317148e-90,"22","Fbln1"
2.26670265383872e-94,6.98307157326039,0.136,0.002,4.6168199653387e-90,"22","Pald1"
4.67406713501418e-94,5.73348255488689,0.254,0.007,9.52013994059687e-90,"22","Sema6d"
1.75910035142877e-93,7.54319515575015,0.254,0.007,3.58293559579011e-89,"22","Arhgap29"
2.79875813082678e-93,9.76737856912896,0.085,0,5.70051056086799e-89,"22","Pi15"
1.87899597491545e-91,6.04981925693927,0.407,0.02,3.82713900170778e-87,"22","Pakap.1"
2.60943281843512e-90,10.9468856606758,0.051,0,5.31489276458865e-86,"22","Kcne4"
2.60943281843512e-90,10.6146951422506,0.051,0,5.31489276458865e-86,"22","2700069I18Rik"
2.60943281843512e-90,10.8225480112224,0.051,0,5.31489276458865e-86,"22","Gm42303"
2.60943281843512e-90,10.9150567872832,0.051,0,5.31489276458865e-86,"22","Klf15"
2.60943281843512e-90,10.7828337044897,0.051,0,5.31489276458865e-86,"22","Peg3"
2.60943281843512e-90,12.8474608034038,0.051,0,5.31489276458865e-86,"22","Cyp2f2"
2.60943281843512e-90,10.6101538066074,0.051,0,5.31489276458865e-86,"22","4930488L21Rik"
2.60943281843512e-90,9.71362440854164,0.051,0,5.31489276458865e-86,"22","Sult5a1"
2.60943281843512e-90,10.5440952662311,0.051,0,5.31489276458865e-86,"22","Shc2"
2.60943281843512e-90,10.8384372166899,0.051,0,5.31489276458865e-86,"22","Twist1"
2.60943281843512e-90,10.8255397256585,0.051,0,5.31489276458865e-86,"22","Six4"
2.60943281843512e-90,11.0166695881903,0.051,0,5.31489276458865e-86,"22","Gm34719"
2.60943281843512e-90,11.8037360058677,0.051,0,5.31489276458865e-86,"22","Gm49267"
2.60943281843512e-90,10.7007820779632,0.051,0,5.31489276458865e-86,"22","Asxl3"
2.60943281843512e-90,11.1766581722361,0.051,0,5.31489276458865e-86,"22","Gm56503"
2.60943281843512e-90,9.86629632767205,0.051,0,5.31489276458865e-86,"22","Gpr50"
6.14842595993556e-90,7.55633216429947,0.136,0.002,1.25231139951967e-85,"22","Afap1l2"
6.81314456078577e-90,7.3045883855186,0.136,0.002,1.38770128414085e-85,"22","C1rb"
3.05363445961897e-89,9.73509889916149,0.102,0.001,6.21964266735192e-85,"22","Rgs20"
3.43708363303934e-89,8.42779495590574,0.102,0.001,7.00065194377452e-85,"22","Mfap2"
3.67738733988662e-89,6.87545970612618,0.102,0.001,7.49010253388107e-85,"22","Fzd4"
3.77326113610905e-88,7.55219833285043,0.254,0.007,7.68537828202692e-84,"22","Phldb2"
1.5120627247483e-87,7.88080265672502,0.203,0.005,3.07976935776734e-83,"22","Gm56768"
8.82536428258161e-87,6.90333853244153,0.254,0.008,1.79755019707622e-82,"22","Zfyve9"
2.49764223888886e-85,8.13353569447876,0.119,0.001,5.08719771216884e-81,"22","P3h4"
3.48829904244566e-84,5.8379676173111,0.593,0.049,7.10496748965331e-80,"22","Nrp1"
4.90327454336094e-84,7.20416432926794,0.271,0.009,9.98698958991756e-80,"22","Ptprk"
1.23444282491414e-83,6.39070238079708,0.441,0.026,2.51431314578513e-79,"22","Cd302"
1.70801031114164e-83,5.92318639955398,0.458,0.028,3.47887540173329e-79,"22","Il1r1"
5.09675166897869e-83,6.21875955656964,0.237,0.007,1.03810637993758e-78,"22","Neo1"
5.3417673922422e-83,5.66644893707878,0.356,0.016,1.08801118245189e-78,"22","Iigp1"
5.4404875883999e-83,5.0583707645787,0.322,0.013,1.10811851200529e-78,"22","Chsy3"
6.33341477950409e-83,8.77575168431847,0.085,0.001,1.28998992228939e-78,"22","Aebp1"
6.70079373534333e-83,7.57899520499901,0.085,0.001,1.36481766801473e-78,"22","Fkbp10"
6.70079373534333e-83,8.53246479560562,0.085,0.001,1.36481766801473e-78,"22","Apod"
2.35882171368527e-82,9.18171678647017,0.102,0.001,4.80444806643415e-78,"22","Cnnm1"
2.47174912962748e-82,9.63625371599883,0.102,0.001,5.03445862722525e-78,"22","Prss23"
2.5500135529536e-82,8.52290997988795,0.102,0.001,5.19386760465589e-78,"22","Prkd1"
2.79994812666187e-82,7.09531670132866,0.102,0.001,5.70293434438489e-78,"22","Ccdc170"
3.14628369831811e-82,6.62021135545466,0.237,0.007,6.40835063673433e-78,"22","Myo1b"
4.61396906484592e-82,7.22278026417858,0.186,0.004,9.39773219127817e-78,"22","Spsb1"
4.72166082423651e-82,7.53567412955102,0.153,0.003,9.61707876680492e-78,"22","Itga11"
6.77254578213757e-82,6.26576192875422,0.136,0.002,1.37943212490578e-77,"22","Npas3"
1.39514130780858e-80,5.52728429320395,0.441,0.027,2.84162381574452e-76,"22","Sbf2"
6.1656304364509e-80,5.04610674882306,0.458,0.029,1.25581560729632e-75,"22","Dock4"
6.28848526684334e-80,6.63601419407216,0.068,0,1.28083867915065e-75,"22","9330117O12Rik"
8.84259337598082e-80,5.79059862480719,0.271,0.01,1.80105941881977e-75,"22","Pmepa1"
3.35378878106782e-79,6.96963173421191,0.22,0.006,6.83099698927894e-75,"22","Bmp1"
1.0917366037657e-78,6.93147664311115,0.237,0.007,2.22364911454998e-74,"22","Fmn1"
2.96084459983569e-78,6.45897393765899,0.186,0.004,6.03064828094533e-74,"22","Bmp4"
2.42672498404818e-77,5.68640067436665,0.288,0.011,4.94275344750932e-73,"22","Jag1"
1.58943217325848e-76,9.61179924134821,0.39,0.022,3.23735545049286e-72,"22","Fabp4"
2.03749763077348e-76,9.27438342083154,0.102,0.001,4.14997517435942e-72,"22","Plin4"
2.09728452099413e-76,8.85235752241809,0.102,0.001,4.27174911236084e-72,"22","Ptchd1"
2.15882052505789e-76,7.86213070078805,0.102,0.001,4.39708564543792e-72,"22","Nrbp2"
2.66902203540558e-76,11.4395451198664,0.119,0.002,5.43626408171408e-72,"22","Cfd"
2.80028266229166e-76,6.55419291102896,0.102,0.001,5.70361572655565e-72,"22","Mab21l2"
3.17520858627026e-76,7.55600399774137,0.119,0.002,6.46726484851526e-72,"22","Prickle2"
6.36640125287471e-76,4.49444307965931,0.559,0.046,1.29670860718552e-71,"22","Maf"
2.95327751081788e-75,6.79773540296923,0.136,0.002,6.01523563403386e-71,"22","Fxyd1"
8.0349245993715e-75,5.61504138431885,0.22,0.007,1.63655344239999e-70,"22","Slc1a3"
1.28733786381674e-74,8.48540573711274,0.085,0.001,2.62204976102193e-70,"22","Scarf2"
1.30927781063573e-74,8.14735509265678,0.085,0.001,2.66673704470286e-70,"22","Mamld1"
1.33159054884791e-74,8.60268681848488,0.085,0.001,2.71218362989342e-70,"22","Robo2"
1.35428239342953e-74,7.7937030018834,0.085,0.001,2.75840237893726e-70,"22","Tenm3"
1.35428239342953e-74,7.99946209366896,0.085,0.001,2.75840237893726e-70,"22","Edar"
1.40082919662731e-74,7.4201654554467,0.085,0.001,2.85320890769051e-70,"22","Fat4"
1.90288791400996e-74,5.30204091280712,0.271,0.01,3.87580210325548e-70,"22","Mtss2"
1.99986186165227e-74,6.4136055187771,0.237,0.008,4.07331863981334e-70,"22","Ift43"
2.54121387592744e-74,7.99598161555315,0.153,0.003,5.17594442248902e-70,"22","Wtip"
2.66404010079741e-74,7.88691298140288,0.153,0.003,5.42611687730416e-70,"22","Fam167b"
4.15578401165373e-73,7.71388888474363,0.169,0.004,8.46450087493632e-69,"22","Plvap"
1.80602039015921e-72,9.23954574220295,0.119,0.002,3.67850233067627e-68,"22","Ephx2"
3.29163846181461e-72,5.77490011202833,0.119,0.002,6.70440921902399e-68,"22","Ndnf"
5.9442520779143e-72,4.85081981699915,0.644,0.067,1.21072526322959e-67,"22","Prkg1"
2.49059963291888e-71,8.62011662620129,0.102,0.001,5.07285333232918e-67,"22","Slc36a2"
2.96784800882296e-71,7.84085815278329,0.102,0.001,6.0449128243706e-67,"22","Wdr86"
4.70026913935938e-71,6.95549480724739,0.169,0.004,9.57350818304719e-67,"22","Lmo7"
2.57087470540996e-70,5.54154880330312,0.458,0.033,5.23635759997901e-66,"22","Cdk14"
3.19714961226601e-70,7.71767860749124,0.322,0.016,6.51195433026341e-66,"22","Slit2"
6.96844465149179e-70,7.54438447052441,0.153,0.003,1.41933280661585e-65,"22","Ak5"
6.76991099403942e-69,5.8244758120817,0.339,0.018,1.37889547126595e-64,"22","Enah"
1.40391723038016e-68,8.90562814234748,0.068,0,2.85949861483832e-64,"22","Rgs4"
1.43133852011665e-68,8.28486535536262,0.068,0,2.91535029777359e-64,"22","Zfp354a"
1.43133852011665e-68,8.81182730310119,0.068,0,2.91535029777359e-64,"22","Gm15337"
1.45929363639579e-68,7.23035531784946,0.068,0,2.97228927861094e-64,"22","Trarg1"
1.48779293694261e-68,7.41343679242322,0.068,0,3.03033665396471e-64,"22","Ccl19"
1.54646652706581e-68,6.66973675584501,0.068,0,3.14984302232763e-64,"22","Fam13c"
1.63882896284522e-68,6.5720501963684,0.068,0,3.33796683152314e-64,"22","9130024F11Rik"
6.6885072144024e-68,11.0712027300467,0.051,0,1.36231514942948e-63,"22","Atp1a2"
6.6885072144024e-68,10.1177831294863,0.051,0,1.36231514942948e-63,"22","Hoxc11"
6.6885072144024e-68,10.1453398675653,0.051,0,1.36231514942948e-63,"22","Il13ra2"
6.86094711687541e-68,8.24765558425802,0.051,0,1.39743770876518e-63,"22","Lin7a"
6.86094711687541e-68,9.21831739239069,0.051,0,1.39743770876518e-63,"22","Adra1b"
6.86094711687541e-68,9.85449531269841,0.051,0,1.39743770876518e-63,"22","Hoxc4"
7.0378178867777e-68,9.50160003135167,0.051,0,1.43346274717888e-63,"22","Dlx6os1"
7.21923299064751e-68,6.67871260943012,0.051,0,1.47041337553508e-63,"22","Lama1"
9.0296223324847e-68,6.82521469763591,0.085,0.001,1.83915347668048e-63,"22","Pak3"
3.51567829592047e-67,4.9626362523401,0.22,0.007,7.16073355313081e-63,"22","Tenm4"
6.17468060398323e-67,6.74253953258908,0.237,0.009,1.2576589454193e-62,"22","Msrb3"
8.96853900655859e-67,8.29833248474252,0.102,0.001,1.82671202485585e-62,"22","Obsl1"
9.19794098742596e-67,8.3716801083472,0.102,0.001,1.87343662031892e-62,"22","Mmrn2"
1.61084662095911e-66,6.73261738530186,0.254,0.01,3.28097239756952e-62,"22","Zfp532"
1.97302053541612e-66,5.09683544460881,0.373,0.023,4.01864822653555e-62,"22","Mylk"
4.26964621831367e-66,5.95469475752632,0.237,0.009,8.69641541746129e-62,"22","Fam13a"
9.98936878048349e-66,7.35706231913311,0.119,0.002,2.03463463320888e-61,"22","Ripply3"
1.7275502397203e-65,5.96373697092093,0.559,0.056,3.51867432826231e-61,"22","Slit3"
9.47697688977536e-65,5.33271090185967,0.322,0.017,1.93027065290944e-60,"22","Sash1"
1.08002764659385e-64,6.36063927194106,0.339,0.02,2.19980031058236e-60,"22","Rcn3"
5.71282740822011e-64,6.24279184794444,0.305,0.016,1.16358868650627e-59,"22","Irs1"
3.55472869456132e-63,6.30774209625218,0.22,0.008,7.2402714050825e-59,"22","Hectd2"
6.25615656060928e-63,7.25689299745133,0.119,0.002,1.2742539682649e-58,"22","Cpxm1"
1.01113251874622e-62,6.97591966538575,0.119,0.002,2.0594747141823e-58,"22","F830016B08Rik"
3.02159477713374e-62,3.66491413386028,0.661,0.083,6.15438424206601e-58,"22","Vcam1"
3.69053056556054e-62,5.6592853239374,0.153,0.004,7.51687265593372e-58,"22","Mcc"
3.99070924127595e-62,7.95521035162286,0.085,0.001,8.12827658263085e-58,"22","Ror2"
4.16251356987507e-62,6.64450625413933,0.085,0.001,8.47820763912154e-58,"22","Fbn2"
6.14145560072601e-62,5.80329771238788,0.203,0.007,1.25089167675587e-57,"22","Amotl1"
2.12675700987481e-61,4.57807232202366,0.746,0.112,4.33177867771301e-57,"22","Apoe"
5.84510062462087e-61,5.97962400402164,0.203,0.007,1.19053009522278e-56,"22","Ptpn13"
8.07614548257441e-61,10.5711768203014,0.034,0,1.64494931189076e-56,"22","Inhbb"
8.07614548257441e-61,10.108762887922,0.034,0,1.64494931189076e-56,"22","Gstm6"
8.07614548257441e-61,10.9094628848301,0.034,0,1.64494931189076e-56,"22","Efemp1"
8.07614548257441e-61,9.25740882934913,0.034,0,1.64494931189076e-56,"22","Gdf10"
8.07614548257441e-61,10.7936852935769,0.034,0,1.64494931189076e-56,"22","Mkx"
8.07614548257441e-61,9.67087064572414,0.034,0,1.64494931189076e-56,"22","Gm10544"
9.31847435185249e-61,7.49902683369599,0.153,0.004,1.89798685598532e-56,"22","Wnt4"
1.36122706784724e-60,7.34100258983731,0.136,0.003,2.77254729179126e-56,"22","Enpp2"
5.00518288872184e-60,7.19641438277256,0.068,0.001,1.01945565077486e-55,"22","Gm45605"
5.17728930153309e-60,6.92569125081759,0.068,0.001,1.05451028493626e-55,"22","Gpihbp1"
5.17728930153309e-60,7.87488047877464,0.068,0.001,1.05451028493626e-55,"22","Hunk"
5.44656523870075e-60,6.73877809491563,0.068,0.001,1.10935640781857e-55,"22","Col26a1"
2.94677337910781e-59,4.7472592958801,0.508,0.049,6.00198801856678e-55,"22","Mir99ahg"
4.4211823652843e-58,5.55839380261746,0.271,0.014,9.00506424161107e-54,"22","Plod2"
9.48017248093645e-58,6.71691721252443,0.119,0.002,1.93092153091714e-53,"22","Adamts9"
1.0821491198161e-57,6.03740427008915,0.153,0.004,2.20412132724143e-53,"22","Clec14a"
1.22576635130572e-57,6.5935975306404,0.153,0.004,2.49664090433949e-53,"22","Slc7a2"
1.35392956209292e-57,4.96293653726787,0.119,0.002,2.75768373207087e-53,"22","Rasgrf2"
1.49386222002974e-57,6.07534114537874,0.153,0.004,3.04269856975658e-53,"22","Olfml3"
2.33321363763959e-57,7.26138410010817,0.085,0.001,4.75228953714431e-53,"22","Adgra2"
2.56828267929503e-57,5.06630241458088,0.373,0.027,5.23107816118812e-53,"22","Clu"
4.99790356951978e-57,4.98663249015429,0.373,0.027,1.01797299903979e-52,"22","Myo10"
9.3121941025744e-56,6.47622938774738,0.22,0.009,1.89670769481235e-51,"22","S1pr3"
1.46122805088953e-55,6.70756369146267,0.119,0.002,2.97622929405179e-51,"22","Pth1r"
4.15022562126185e-55,6.39111162875422,0.22,0.009,8.45317954538614e-51,"22","Sdc2"
1.91120625211138e-54,9.8195265081919,0.051,0,3.89274489430045e-50,"22","Pamr1"
1.91120625211138e-54,8.43052144568473,0.051,0,3.89274489430045e-50,"22","Nlrp5-ps"
1.91120625211138e-54,8.26194237122998,0.051,0,3.89274489430045e-50,"22","Tagln"
1.95046939171194e-54,9.38249509154658,0.051,0,3.97271605703888e-50,"22","2310014F06Rik"
1.99053577111016e-54,9.14447999312102,0.051,0,4.05432325859717e-50,"22","Twist2"
1.99053577111016e-54,8.61544968727287,0.051,0,4.05432325859717e-50,"22","Spaar"
2.03142175341011e-54,7.04401905800482,0.051,0,4.13759982734571e-50,"22","Syt6"
2.03142175341011e-54,8.033613167817,0.051,0,4.13759982734571e-50,"22","Adamts1"
2.03142175341011e-54,8.05115479238548,0.051,0,4.13759982734571e-50,"22","Gm49958"
2.03142175341011e-54,5.35825173814857,0.051,0,4.13759982734571e-50,"22","Timp1"
1.27020929801441e-53,6.3496205990371,0.153,0.004,2.58716229819574e-49,"22","Sema6a"
1.75420278220046e-53,6.46791175786487,0.136,0.003,3.57296022678591e-49,"22","Gm40841"
2.12131290215126e-53,6.29230533208959,0.119,0.003,4.32069011910168e-49,"22","Dysf"
2.15935254301616e-53,8.32298068934756,0.068,0.001,4.39816925961532e-49,"22","Gpr153"
2.32762566419314e-53,6.8397414247979,0.068,0.001,4.74090795282858e-49,"22","Fgfr3"
2.36281559535135e-53,6.65121052814536,0.068,0.001,4.81258280461162e-49,"22","Wwc1"
2.36636955149417e-53,5.64320255898431,0.424,0.038,4.81982150248332e-49,"22","Hmgcll1"
2.88549312902256e-53,7.90977223420989,0.085,0.001,5.87717240519315e-49,"22","Gjc1"
3.10132841798658e-53,8.20642098980423,0.085,0.001,6.31678572175507e-49,"22","Shroom2"
3.29051775714073e-53,5.20912827897056,0.102,0.002,6.70212656774425e-49,"22","Eva1a"
7.89008477758013e-53,5.57887623284783,0.441,0.042,1.60705246749752e-48,"22","Arhgap31"
2.4043098863826e-52,6.19464251098876,0.424,0.039,4.89709837658409e-48,"22","Eda"
3.60117095091596e-52,4.75956505532734,0.22,0.01,7.33486499282563e-48,"22","Wwtr1"
4.20349100210357e-52,7.30390955068777,0.136,0.004,8.56167047308455e-48,"22","Efemp2"
5.33007583371032e-52,6.80738897502875,0.136,0.004,1.08562984581012e-47,"22","Snta1"
6.87010182184465e-52,5.78574193927476,0.424,0.039,1.39930233907332e-47,"22","Deptor"
1.5324389955448e-51,6.07556951127042,0.169,0.006,3.12127174612565e-47,"22","Fst"
8.00589497897596e-51,8.07514230850674,0.102,0.002,1.63064068931782e-46,"22","Tgfb2"
8.08302383671823e-51,7.9121818128795,0.102,0.002,1.64635029506277e-46,"22","Prex2"
1.64238638012644e-50,5.27528475744998,0.61,0.089,3.34521257904153e-46,"22","Tmem176a"
2.30695543309803e-50,5.24351768001148,0.356,0.028,4.69880682613406e-46,"22","Pdgfd"
3.40968009847066e-50,4.89500929819752,0.254,0.014,6.94483642456503e-46,"22","Gulp1"
1.21814511270451e-49,6.16501328567126,0.085,0.001,2.48111796555655e-45,"22","Nid2"
4.72685097576006e-49,6.27788392222529,0.271,0.017,9.6276500674281e-45,"22","Angptl4"
8.57713679024491e-49,5.95063361864014,0.153,0.005,1.74699122143708e-44,"22","Ubd"
1.14695315082781e-48,5.84759363602746,0.237,0.013,2.33611417760609e-44,"22","Fam135a"
1.81896326098385e-48,8.51760170958775,0.102,0.002,3.7048643699719e-44,"22","Wdr17"
1.95696263444697e-48,6.67141400727997,0.102,0.002,3.98594149384159e-44,"22","Mmp23"
2.05567333161723e-48,5.73981962184543,0.203,0.009,4.18699544183798e-44,"22","Yes1"
4.29358009027681e-48,9.3063416576153,0.068,0.001,8.74516392787581e-44,"22","Faxc"
4.35191945646707e-48,9.31036057176576,0.068,0.001,8.86398954893213e-44,"22","Fkbp14"
4.53171392359372e-48,7.49068164179855,0.068,0.001,9.23019491957568e-44,"22","Serpine1"
5.0475165226521e-48,3.87174143550127,0.322,0.023,1.02807816533378e-43,"22","Pid1"
6.34777766071692e-48,6.84627204366194,0.119,0.003,1.29291535393482e-43,"22","Synpo2"
1.11713778860691e-47,4.98259105329921,0.373,0.033,2.27538624783456e-43,"22","Fcgrt"
1.15184087156388e-47,6.14441019510145,0.186,0.008,2.34606948720131e-43,"22","Ackr4"
4.49003909402422e-47,5.96186337069694,0.153,0.005,9.14531162670854e-43,"22","Lix1l"
5.50991988369319e-47,4.75926544745372,0.305,0.022,1.12226048191063e-42,"22","Maged1"
6.79122293131971e-47,6.84963568932251,0.186,0.008,1.3832362866512e-42,"22","Stab2"
8.90745950126803e-47,7.10971164196929,0.203,0.01,1.81427135121827e-42,"22","Cyyr1"
1.3240879727492e-46,7.74669361678379,0.085,0.001,2.69690238289557e-42,"22","Cav1"
2.67195570431691e-46,6.71345327897711,0.102,0.002,5.44223937855269e-42,"22","Nkd2"
3.46324017891475e-46,5.19260719885979,0.305,0.022,7.05392759641356e-42,"22","Csf1"
3.59503374519554e-46,5.56787433055815,0.102,0.002,7.32236473221428e-42,"22","Col16a1"
1.15766518286835e-45,6.00118955794016,0.169,0.007,2.35793244446626e-41,"22","Cdkn1c"
1.4732722751367e-45,4.98266241867185,0.322,0.025,3.00076096999843e-41,"22","Pros1"
1.81562634325714e-45,8.64499540721224,0.051,0,3.69806773594615e-41,"22","Adig"
1.81562634325714e-45,9.0352251614372,0.051,0,3.69806773594615e-41,"22","Sp6"
1.94276546956651e-45,8.43014829177687,0.051,0,3.95702470841306e-41,"22","Fam110d"
1.97591073613613e-45,7.69763264281959,0.051,0,4.02453498736207e-41,"22","Smarca1"
2.04389873796652e-45,5.73931931258684,0.051,0,4.1630129494902e-41,"22","Gm35254"
2.04389873796652e-45,6.67606277094892,0.051,0,4.1630129494902e-41,"22","Plxnb1"
2.25530949119527e-45,6.30010979075916,0.136,0.004,4.59361437166653e-41,"22","Ston1"
4.05021692366764e-45,6.14607770732956,0.203,0.01,8.24948183012624e-41,"22","Septin4"
6.33870154359662e-45,5.57706830365752,0.254,0.016,1.29106673039976e-40,"22","Nupr1"
6.59609881788209e-45,6.90517633978446,0.119,0.003,1.34349340722622e-40,"22","Maob"
9.12835086513267e-45,4.37805686953287,0.322,0.025,1.85926250421022e-40,"22","Lrp1"
1.0882333351575e-44,5.95081629877332,0.237,0.014,2.2165136570488e-40,"22","Adarb1"
3.60290274024759e-44,6.38314139018127,0.339,0.029,7.33839230133628e-40,"22","Mid1"
3.8160145672961e-44,5.42005557848382,0.339,0.029,7.7724584706687e-40,"22","Ppfibp1"
7.64259989692452e-44,8.38728538261919,0.085,0.002,1.55664474700559e-39,"22","Il17rc"
1.12112961663031e-43,6.75255157487026,0.068,0.001,2.28351680315262e-39,"22","Chst7"
1.22426403695683e-43,8.29409774014594,0.119,0.003,2.49358099047367e-39,"22","Gm46565"
1.9571994544043e-43,3.97050677464362,0.525,0.07,3.98642384873069e-39,"22","Dennd2b"
2.10124657356412e-43,5.18679065759667,0.237,0.014,4.2798190210354e-39,"22","Nr3c2"
4.66298695811289e-43,5.42058847600016,0.305,0.024,9.49757183628433e-39,"22","Trim2"
8.63665838807045e-43,5.98753007701358,0.237,0.014,1.75911458048219e-38,"22","Fam171a1"
2.43980140898116e-42,4.4783676521024,0.492,0.064,4.96938750981282e-38,"22","Rbpms"
2.19992415697964e-41,7.42174225042156,0.085,0.002,4.48080552293613e-37,"22","Tgfb3"
6.1927105338194e-41,6.9297718053598,0.102,0.003,1.26133128152834e-36,"22","Pde9a"
7.28915516207503e-41,7.95873765467226,0.034,0,1.48465512341144e-36,"22","Sox17"
7.28915516207503e-41,9.49453947624016,0.034,0,1.48465512341144e-36,"22","Gm57136"
7.28915516207503e-41,10.0100789414349,0.034,0,1.48465512341144e-36,"22","Ildr2"
7.28915516207503e-41,11.3693806076865,0.034,0,1.48465512341144e-36,"22","Gm43507"
7.28915516207503e-41,9.60863182933118,0.034,0,1.48465512341144e-36,"22","Gm57262"
7.28915516207503e-41,8.8138886951951,0.034,0,1.48465512341144e-36,"22","Gm3289"
7.28915516207503e-41,10.1002496636976,0.034,0,1.48465512341144e-36,"22","Tril"
7.28915516207503e-41,9.01680933897996,0.034,0,1.48465512341144e-36,"22","A730049H05Rik"
7.28915516207503e-41,8.19429726614117,0.034,0,1.48465512341144e-36,"22","Lgi4"
7.28915516207503e-41,7.92875875204714,0.034,0,1.48465512341144e-36,"22","Gm32531"
7.28915516207503e-41,9.39042702188091,0.034,0,1.48465512341144e-36,"22","Lum"
7.28915516207503e-41,9.66906882698135,0.034,0,1.48465512341144e-36,"22","Gm12296"
7.28915516207503e-41,8.83334876170489,0.034,0,1.48465512341144e-36,"22","Nog"
7.28915516207503e-41,9.5965468359746,0.034,0,1.48465512341144e-36,"22","Mpp3"
7.28915516207503e-41,8.98090591340726,0.034,0,1.48465512341144e-36,"22","C1qtnf1"
7.28915516207503e-41,9.97125014626785,0.034,0,1.48465512341144e-36,"22","Efcab1"
7.28915516207503e-41,10.4470974891542,0.034,0,1.48465512341144e-36,"22","AU015336"
7.28915516207503e-41,10.6494673674479,0.034,0,1.48465512341144e-36,"22","Ptchd4"
7.28915516207503e-41,8.80147800013079,0.034,0,1.48465512341144e-36,"22","Tmem47"
7.45610352730091e-41,7.97307304434933,0.034,0,1.51865916644065e-36,"22","Ecrg4"
7.45610352730091e-41,7.76037886434688,0.034,0,1.51865916644065e-36,"22","Hrct1"
7.45610352730091e-41,9.41117755739294,0.034,0,1.51865916644065e-36,"22","Slco1a5"
7.45610352730091e-41,7.79537718124172,0.034,0,1.51865916644065e-36,"22","Gm9801"
7.45610352730091e-41,7.9367635022952,0.034,0,1.51865916644065e-36,"22","Itga7"
7.45610352730091e-41,9.66016171054572,0.034,0,1.51865916644065e-36,"22","Nr2f1"
7.45610352730091e-41,8.0537594727105,0.034,0,1.51865916644065e-36,"22","Gm31392"
7.45610352730091e-41,8.04357459380142,0.034,0,1.51865916644065e-36,"22","4930588J15Rik"
7.62685414789991e-41,7.19242942029134,0.034,0,1.55343765284425e-36,"22","9330154J02Rik"
7.62685414789991e-41,6.79823897133764,0.034,0,1.55343765284425e-36,"22","Ackr2"
1.41997999615788e-40,6.29761689258352,0.136,0.005,2.89221525617438e-36,"22","Rab34"
1.56776575655708e-40,6.71173334429279,0.169,0.008,3.19322529295546e-36,"22","Mmp14"
1.76941164688348e-40,6.7744908478908,0.169,0.008,3.60393764237227e-36,"22","Atp8b1"
3.36740041207881e-40,4.87879875640142,0.525,0.078,6.85872115932212e-36,"22","Airn"
6.90783061846006e-40,3.6770605549974,0.356,0.034,1.40698694036794e-35,"22","Steap4"
2.22879928447086e-39,5.58622557052012,0.424,0.051,4.53961838261024e-35,"22","Il1rn"
2.97397670120532e-39,3.71532505974439,0.305,0.026,6.057395745015e-35,"22","Runx1t1"
3.4022180236782e-39,7.97326861204829,0.085,0.002,6.92963767062775e-35,"22","Me1"
3.4022180236782e-39,7.64138338898339,0.085,0.002,6.92963767062775e-35,"22","Slc27a6"
3.60826877935972e-39,6.21822504765654,0.186,0.01,7.34932184979989e-35,"22","Tmem178"
4.19239981672151e-39,5.6904789024562,0.186,0.01,8.53907994669838e-35,"22","Hoxa10"
4.74994126012454e-39,7.81218299656463,0.051,0.001,9.67468035862166e-35,"22","Nrip2"
4.74994126012454e-39,9.08097251341921,0.051,0.001,9.67468035862166e-35,"22","Pcdh12"
4.81924415701054e-39,7.43847448375207,0.051,0.001,9.81583649899907e-35,"22","Vwa1"
4.88955229992662e-39,7.95006617056151,0.051,0.001,9.95904012449053e-35,"22","Cobl"
6.69589904335296e-39,4.95526547707836,0.644,0.132,1.36382071715013e-34,"22","Fndc3b"
8.24882723227441e-39,6.63085995267889,0.119,0.004,1.68012113066965e-34,"22","Kdr"
9.0620025714659e-39,6.19429244747439,0.136,0.005,1.84574868375617e-34,"22","Cdh5"
1.04733336363934e-38,5.00095637228405,0.627,0.123,2.13320859506061e-34,"22","Plxdc2"
1.39000211444446e-38,4.62851229325614,0.203,0.012,2.83115630670048e-34,"22","Spry1"
1.55173290766782e-38,5.33464238758261,0.136,0.005,3.16056958633781e-34,"22","Chst2"
2.86215665494922e-38,6.30774379521977,0.169,0.008,5.82964067480058e-34,"22","C1ra"
1.29822584883921e-37,5.54773868813085,0.254,0.019,2.64422640891569e-33,"22","1500009L16Rik"
3.40675916841926e-37,5.94159445171303,0.22,0.014,6.93888707423635e-33,"22","Tjp1"
3.63741347587433e-37,6.03498385160345,0.085,0.002,7.40868376766083e-33,"22","Tmem132a"
4.27132209388465e-37,5.67308040692806,0.22,0.014,8.69982884082425e-33,"22","Upp2"
4.46667900307945e-37,5.55586020829273,0.136,0.005,9.09773179347223e-33,"22","Npdc1"
5.44816138980121e-37,6.05996332006701,0.068,0.001,1.10968151187471e-32,"22","Pdlim4"
5.56198739381334e-37,7.094834879813,0.068,0.001,1.1328655923719e-32,"22","2610035D17Rik"
5.87981245746853e-37,5.8970841241134,0.136,0.005,1.19760020133719e-32,"22","Tle2"
8.72562251239812e-37,4.17429518815017,0.525,0.085,1.77723479332525e-32,"22","Tcf7l2"
2.20977810445014e-36,5.1327672066079,0.237,0.017,4.50087604314405e-32,"22","Sgce"
4.72868195529929e-36,4.30515651481055,0.203,0.013,9.63137940655359e-32,"22","Ecm1"
6.10318447077092e-36,5.3201058921185,0.169,0.009,1.24309661300662e-31,"22","Sult1a1"
1.34128256808243e-35,5.73237670905357,0.136,0.006,2.7319243346703e-31,"22","Cavin3"
2.53382534111772e-35,5.38002773877505,0.085,0.002,5.16089545478857e-31,"22","Mid2"
4.99887012079482e-35,4.58717692575397,0.203,0.013,1.01816986620349e-30,"22","Gprin3"
5.15026143201473e-35,5.27598828068928,0.186,0.011,1.04900524847276e-30,"22","Slc5a3"
7.77398031431749e-35,4.63936336707771,0.237,0.017,1.58340431042019e-30,"22","Cacna2d1"
8.05148919478014e-35,6.20143713716395,0.254,0.021,1.63992731919282e-30,"22","Acvr1"
1.35116214678763e-34,4.94734079417585,0.169,0.009,2.75204706057705e-30,"22","Scn1b"
2.21862975012298e-34,6.40729835960991,0.068,0.001,4.51890507505048e-30,"22","Angpt4"
2.48919697015157e-34,6.23127179233027,0.068,0.001,5.06999638880471e-30,"22","Gm10790"
2.73952829951526e-34,5.80985391330744,0.068,0.001,5.57987124045269e-30,"22","Kcnj8"
3.11645040506062e-34,10.0667080772186,0.051,0.001,6.34758618502746e-30,"22","Galnt15"
3.23704581285822e-34,7.1779950111325,0.051,0.001,6.59321491162963e-30,"22","Plin1"
3.23704581285822e-34,7.83716225426199,0.051,0.001,6.59321491162963e-30,"22","Plcd1"
3.27826560986225e-34,6.99697136830173,0.051,0.001,6.67717139416742e-30,"22","Gm16833"
3.32000678645416e-34,7.01985620623748,0.051,0.001,6.76218982264983e-30,"22","Sat2"
3.36227589254291e-34,7.58090745850018,0.051,0.001,6.84828353793141e-30,"22","Gm48293"
3.36227589254291e-34,7.85248402823998,0.051,0.001,6.84828353793141e-30,"22","Gm32618"
3.53676549132526e-34,5.17506056367034,0.051,0.001,7.20368395273129e-30,"22","Grid1"
4.04262795342049e-34,5.05228858667722,0.593,0.125,8.23402461552686e-30,"22","Tmem176b"
4.15054902482527e-34,5.74232698205391,0.153,0.007,8.45383825376411e-30,"22","Itga9"
4.94850635784197e-34,6.76755100164693,0.119,0.004,1.00791177496525e-29,"22","Adgrl3"
6.67743862755963e-34,4.72809201833152,0.254,0.021,1.36006069966135e-29,"22","Nbea"
8.47268768267727e-34,6.14376727421443,0.085,0.002,1.72571702720771e-29,"22","Gxylt2"
1.27434644457972e-33,4.93408427793992,0.39,0.05,2.59558883831996e-29,"22","Nav1"
1.4655153712007e-33,4.39673994131421,0.254,0.021,2.9849617080616e-29,"22","Cd200"
1.81477223857232e-33,5.06160039838188,0.627,0.143,3.6963280955241e-29,"22","Kalrn"
2.66326796294817e-33,5.04782030492847,0.356,0.042,5.42454418693284e-29,"22","Sh3d19"
3.06920451128239e-33,6.13213641995949,0.119,0.005,6.25135574857997e-29,"22","Loxl2"
5.06153978474204e-33,4.52350527661105,0.119,0.005,1.03093442335626e-28,"22","Ddr1"
5.46899999315074e-33,4.92592484194036,0.136,0.006,1.11392591860494e-28,"22","Smad6"
1.39174657760188e-32,5.28718673362443,0.169,0.01,2.83470942925951e-28,"22","Mras"
1.62796499420136e-32,7.08531661864757,0.119,0.005,3.31583910018933e-28,"22","Pla2r1"
1.83749661411338e-32,6.08217764767688,0.119,0.005,3.74261310362614e-28,"22","Cntnap2"
2.50750262504033e-32,5.01441557158009,0.661,0.168,5.10728134668214e-28,"22","Runx2"
3.96371009609944e-32,5.26515132618053,0.169,0.01,8.07328472373533e-28,"22","Tmtc1"
4.36513982212655e-32,7.26361695659889,0.068,0.001,8.89091678970737e-28,"22","Depp1"
4.96929659215842e-32,4.35807005677107,0.254,0.022,1.01214632989083e-27,"22","Tmcc3"
1.34958677963626e-31,4.85003335815363,0.254,0.023,2.74883835276313e-27,"22","Sh3pxd2a"
2.83141942399017e-31,8.04855921627902,0.017,0,5.76703508278317e-27,"22","Lrrc55os"
2.83141942399017e-31,9.96357563577266,0.017,0,5.76703508278317e-27,"22","Flrt3"
2.83141942399017e-31,11.1853955109337,0.017,0,5.76703508278317e-27,"22","Trpc3"
2.83141942399017e-31,7.93333263419683,0.017,0,5.76703508278317e-27,"22","Steap2"
2.83141942399017e-31,10.2370982519303,0.017,0,5.76703508278317e-27,"22","Or9a4"
2.83141942399017e-31,10.1005580812339,0.017,0,5.76703508278317e-27,"22","Slc15a5"
2.83141942399017e-31,8.60493712160167,0.017,0,5.76703508278317e-27,"22","Fzd2"
2.83141942399017e-31,8.04855921627902,0.017,0,5.76703508278317e-27,"22","Pcdhb7"
3.86115157467042e-31,6.22545874809468,0.102,0.004,7.8643935272887e-27,"22","Heyl"
7.21982760763209e-31,7.98605730856271,0.034,0,1.4705344871225e-26,"22","Mmp17"
7.21982760763209e-31,8.93817687874233,0.034,0,1.4705344871225e-26,"22","B130024G19Rik"
7.21982760763209e-31,8.10984226139274,0.034,0,1.4705344871225e-26,"22","Gm40437"
7.21982760763209e-31,10.5401681933342,0.034,0,1.4705344871225e-26,"22","Gpr156"
7.34329550244197e-31,7.47005191996323,0.034,0,1.49568242793738e-26,"22","Rgs5"
7.34329550244197e-31,7.32101116853305,0.034,0,1.49568242793738e-26,"22","Gm29684"
7.4688591038034e-31,5.68332785432726,0.034,0,1.52125722226268e-26,"22","Ptprz1"
7.4688591038034e-31,6.97213486371391,0.034,0,1.52125722226268e-26,"22","Tc2n"
7.4688591038034e-31,7.48655422514855,0.034,0,1.52125722226268e-26,"22","Pcdh1"
8.47845161011307e-31,5.24098597048681,0.237,0.02,1.72689102394783e-26,"22","Rhoj"
1.5253915478516e-30,4.84855105527523,0.271,0.027,3.10691750466413e-26,"22","Adgrl2"
1.78990005621027e-30,8.52897266236437,0.051,0.001,3.64566843448907e-26,"22","Rarres1"
1.82016338880806e-30,4.37368128091628,0.475,0.083,3.70730879032426e-26,"22","Ctnnd1"
1.83056408875019e-30,7.83433106986291,0.051,0.001,3.72849293596639e-26,"22","Piezo2"
1.85123863740376e-30,5.86864344495828,0.051,0.001,3.77060285666398e-26,"22","Olfm2"
1.87214493113367e-30,6.21965256893838,0.051,0.001,3.81318479573305e-26,"22","Pcdhb17"
1.91466309311851e-30,6.17579634602716,0.051,0.001,3.89978578806378e-26,"22","Gpr176"
4.12466067213071e-30,5.55695790285224,0.186,0.013,8.40110885699583e-26,"22","Casp12"
4.32989672638793e-30,4.21809926821435,0.322,0.038,8.81913365230693e-26,"22","Plcl1"
5.6583410663671e-30,4.71651220360847,0.271,0.027,1.15249090839765e-25,"22","Zbtb16"
2.03883529455238e-29,4.61029494951468,0.339,0.043,4.1526997279443e-25,"22","Ptk2"
2.57635935891805e-29,4.45074578648866,0.475,0.087,5.24752874224428e-25,"22","Tns3"
5.75143747150194e-29,4.59639206617915,0.203,0.016,1.17145278419552e-24,"22","Sdc1"
8.89306586859119e-29,4.50258981938663,0.407,0.063,1.81133965611465e-24,"22","Hivep3"
9.58981100253604e-29,6.10271617457477,0.136,0.007,1.95325270499654e-24,"22","Spats2"
1.21932956851807e-28,3.99446069239511,0.322,0.039,2.4835304651576e-24,"22","Crim1"
1.81744281015949e-28,4.5303849387912,0.373,0.053,3.70176751573285e-24,"22","Rgl1"
2.47202037316526e-28,6.9733182195268,0.068,0.002,5.035011096063e-24,"22","Vit"
2.52109951572897e-28,4.58227229588044,0.22,0.019,5.13497549363677e-24,"22","Gm56862"
2.53109156421042e-28,6.14525938746619,0.068,0.002,5.15532729798379e-24,"22","Htra3"
2.61203656258546e-28,6.11553261790856,0.068,0.002,5.32019607067407e-24,"22","Pou2af3"
2.67442568276671e-28,6.80907923997765,0.068,0.002,5.44727023065924e-24,"22","Tead4"
3.21631166952651e-28,3.15915505812348,0.542,0.112,6.55098360849159e-24,"22","Pard3b"
3.55832364957881e-28,4.69230375249032,0.339,0.045,7.24759360946211e-24,"22","Arrdc4"
9.45929221228672e-28,5.07701169674005,0.102,0.004,1.92666863779856e-23,"22","Ptprf"
9.60844786846457e-28,6.38286361051016,0.102,0.004,1.95704866184886e-23,"22","Enox1"
1.0775903296355e-27,4.39572979420826,0.102,0.004,2.1948359834016e-23,"22","Nrcam"
1.18532149403002e-27,4.85715465412973,0.169,0.011,2.41426281904035e-23,"22","Dbndd2"
1.84844628928415e-27,6.73817310135926,0.051,0.001,3.76491540201396e-23,"22","Spats2l"
1.86719659647471e-27,6.02778776734184,0.051,0.001,3.80310602769968e-23,"22","A4galt"
1.90526492028507e-27,6.22966608479235,0.051,0.001,3.88064358963663e-23,"22","Hic1"
2.14270531286745e-27,6.66021158482483,0.119,0.006,4.36426218124843e-23,"22","Tcaf1"
2.36873612122138e-27,5.4689998091009,0.136,0.007,4.8246417317037e-23,"22","Col27a1"
5.04438903965464e-27,2.32916842174376,0.153,0.009,1.02744115959686e-22,"22","Myl9"
5.98948356672276e-27,4.01622051647133,0.339,0.046,1.21993801287009e-22,"22","Ggt5"
1.210097179085e-26,5.20332619879399,0.169,0.012,2.46472593436032e-22,"22","Mpped2"
1.83690401328966e-26,7.57007268202283,0.102,0.004,3.74140609426837e-22,"22","Nectin2"
3.30991826020948e-26,5.34573043837424,0.136,0.008,6.74164151239468e-22,"22","Copz2"
3.72470911360544e-26,5.00965606271457,0.22,0.021,7.58648752259157e-22,"22","Ctif"
5.29178617204666e-26,4.51318580526818,0.186,0.015,1.07783100752246e-21,"22","Rnd3"
5.82375387125511e-26,5.61168855256426,0.271,0.031,1.18618218849724e-21,"22","Magi1"
6.11274784444689e-26,4.24279018609659,0.322,0.044,1.24504448095694e-21,"22","Sec24d"
9.70226748830254e-26,3.78627609744426,0.441,0.085,1.97615784201746e-21,"22","Plcb1"
1.25094916747147e-25,7.30437766441995,0.085,0.003,2.54793326430588e-21,"22","Robo4"
1.46082736925541e-25,3.41213182579178,0.627,0.176,2.97541318569942e-21,"22","Nfia"
2.31489827469329e-25,7.95452662022951,0.068,0.002,4.7149848058953e-21,"22","Podxl2"
2.41457437887661e-25,6.27118704856849,0.068,0.002,4.91800509489587e-21,"22","Chl1"
2.48337621040164e-25,6.80419355119292,0.068,0.002,5.05814066534605e-21,"22","Plekhh3"
2.59023772987999e-25,5.35861424101363,0.068,0.002,5.27579620821957e-21,"22","8030451A03Rik"
2.68276056359591e-25,5.07827125903696,0.068,0.002,5.46424671593215e-21,"22","Cfb"
3.01752570034725e-25,5.10435355871103,0.136,0.008,6.14609634646728e-21,"22","Ncald"
3.42524955675124e-25,5.62987596597552,0.119,0.006,6.97654829719092e-21,"22","B630019A10Rik"
3.85817373494881e-25,4.68120640721896,0.254,0.028,7.85832826334374e-21,"22","Plxnd1"
4.02982582427468e-25,3.91126972825274,0.441,0.085,8.20794923888267e-21,"22","Rin2"
5.04628738480895e-25,4.05367769304036,0.356,0.054,1.02782781453789e-20,"22","Frmd6"
5.09041691095768e-25,9.86225284837421,0.051,0.001,1.03681611642386e-20,"22","Cidec"
5.23231417527362e-25,7.80044400130146,0.051,0.001,1.06571775121973e-20,"22","Fblim1"
5.68194769383598e-25,5.58701120363949,0.051,0.001,1.15729910628051e-20,"22","Zfp503"
5.79041582478708e-25,4.25793411891237,0.254,0.028,1.17939189519263e-20,"22","Lima1"
6.31374409277054e-25,6.05877459122889,0.153,0.01,1.2859833968155e-20,"22","Arhgef10l"
7.35773140731131e-25,7.70489725501499,0.034,0,1.49862273304117e-20,"22","Gm20755"
7.35773140731131e-25,7.8809255329059,0.034,0,1.49862273304117e-20,"22","4930570G19Rik"
7.35773140731131e-25,8.10436644785135,0.034,0,1.49862273304117e-20,"22","Tnfrsf11b"
7.45805818775847e-25,8.20221757486258,0.034,0,1.51905729168264e-20,"22","Tafa1"
7.45805818775847e-25,7.82914250881505,0.034,0,1.51905729168264e-20,"22","Dchs1"
7.55974025117303e-25,6.76061890102717,0.034,0,1.53976789435892e-20,"22","6330403L08Rik"
7.61595380598308e-25,5.54936130187031,0.186,0.016,1.55121747120263e-20,"22","Zc2hc1a"
7.66279573056162e-25,6.61394084502068,0.034,0,1.56075823440079e-20,"22","Gm48742"
7.66279573056162e-25,6.56103205836797,0.034,0,1.56075823440079e-20,"22","1700029J03Rik"
7.76724299915396e-25,5.47775523158276,0.034,0,1.58203205406768e-20,"22","Bace2"
7.87310067355417e-25,6.2247498605456,0.034,0,1.60359314518951e-20,"22","Barx2"
7.98038761693087e-25,4.5467086504727,0.034,0,1.62544534981648e-20,"22","Adm"
1.24578713382269e-24,4.99592264652048,0.136,0.008,2.53741923417006e-20,"22","Tshz3"
2.63285830548151e-24,4.67963784351072,0.119,0.006,5.36260579660475e-20,"22","Tspan9"
3.1069355994761e-24,4.68407240082916,0.254,0.029,6.32820642901293e-20,"22","Grb10"
4.69465603552287e-24,4.63353232796074,0.068,0.002,9.56207541315297e-20,"22","Adcy5"
5.2830776464248e-24,3.85833306494834,0.305,0.041,1.0760572550238e-19,"22","Lamc1"
5.9872795205379e-24,6.58925078477405,0.085,0.003,1.21948909274316e-19,"22","Jam3"
7.73471015118209e-24,4.58611657223389,0.136,0.009,1.57540576359277e-19,"22","Slc41a2"
1.66658865719885e-23,3.71961247334796,0.136,0.009,3.39450777698262e-19,"22","Cbr3"
3.64658088060558e-23,4.75988835246126,0.186,0.017,7.42735593761745e-19,"22","Hecw2"
4.86583488668268e-23,5.35560359395562,0.203,0.02,9.91073249719529e-19,"22","Fam110b"
5.99861073005048e-23,6.4948291163896,0.051,0.001,1.22179703349668e-18,"22","St6galnac2"
6.04912439073883e-23,6.37155767779144,0.051,0.001,1.23208565590568e-18,"22","Serpina3n"
6.04912439073883e-23,5.16324300223447,0.051,0.001,1.23208565590568e-18,"22","Sp7"
6.10005914152344e-23,5.46532457808003,0.051,0.001,1.24246004594549e-18,"22","Aoc3"
6.71436040135483e-23,5.95966153264992,0.068,0.002,1.36758092654795e-18,"22","Gm4841"
7.84128820671597e-23,2.93937034509399,0.169,0.014,1.59711358194391e-18,"22","Mrc1"
8.05925283656566e-23,4.46630323365922,0.22,0.023,1.64150861775169e-18,"22","Enpp1"
8.34515034224307e-23,6.11415445939057,0.136,0.009,1.69974022170807e-18,"22","Tek"
8.63637130121526e-23,6.11111013626295,0.153,0.011,1.75905610663152e-18,"22","Ptk7"
9.46525280524823e-23,6.06342444617455,0.237,0.027,1.92788269137296e-18,"22","Plekhg1"
9.56033764822034e-23,5.13097150850738,0.169,0.014,1.94724957218952e-18,"22","Dse"
1.17167372357629e-22,4.44254418088288,0.424,0.086,2.38646504018018e-18,"22","Il6st"
1.63719919790623e-22,4.42974492213147,0.136,0.009,3.33464732629542e-18,"22","Adap2"
1.64429527767845e-22,4.96956410380349,0.153,0.012,3.34910062157546e-18,"22","Fgfr1"
1.70528553747543e-22,4.15356943366022,0.559,0.157,3.47332558272996e-18,"22","Selenop"
2.27604232629888e-22,5.79254462769789,0.102,0.005,4.63584301020556e-18,"22","Fhip1a"
4.83516404645316e-22,3.94950276338534,0.271,0.036,9.84826212981579e-18,"22","Setbp1"
4.87213748410384e-22,4.89808081342223,0.119,0.007,9.9235696276227e-18,"22","Heph"
7.96783194382483e-22,4.8611682372337,0.068,0.002,1.62288801031824e-17,"22","Vstm4"
8.48684396085327e-22,5.35468494714087,0.102,0.005,1.72860037794659e-17,"22","Cep112"
1.09228728148008e-21,4.29692865590619,0.085,0.004,2.22477073491862e-17,"22","Hmcn1"
1.45655598673686e-21,4.3559754986979,0.169,0.015,2.96671323378563e-17,"22","Gpc4"
2.93088675737152e-21,3.48182777023861,0.576,0.178,5.96963014741432e-17,"22","Lpp"
2.93499873472259e-21,3.54605065938321,0.61,0.208,5.97800542288298e-17,"22","Tpm1"
3.03038879905117e-21,4.09130119340235,0.339,0.057,6.17229590590741e-17,"22","Glis3"
3.16599332453225e-21,3.75878316377129,0.305,0.047,6.44849520340728e-17,"22","Nckap1"
4.59962075150443e-21,2.38021956472112,0.119,0.007,9.36850754666423e-17,"22","Mertk"
4.84831743894838e-21,3.45120139737673,0.22,0.025,9.87505295965005e-17,"22","Amy1"
6.16353605245004e-21,5.48863769501773,0.068,0.002,1.25538902316302e-16,"22","Zkscan16"
6.271233178605e-21,5.75385127824206,0.068,0.002,1.27732477381827e-16,"22","Rhod"
6.48887326185551e-21,4.76094863749017,0.102,0.006,1.32165370597473e-16,"22","Epb41l1"
6.72095006484711e-21,5.15817410477383,0.068,0.002,1.36892310920806e-16,"22","Npas2"
7.57335179230091e-21,8.47074005895498,0.034,0.001,1.54254029305585e-16,"22","Kank4"
7.57335179230091e-21,8.30787448436969,0.034,0.001,1.54254029305585e-16,"22","Cxcl11"
7.57335179230091e-21,7.17673667200846,0.034,0.001,1.54254029305585e-16,"22","Vps37d"
7.57335179230091e-21,7.51715775788779,0.034,0.001,1.54254029305585e-16,"22","Boc"
7.65917050172462e-21,7.4812977179613,0.034,0.001,1.56001984779127e-16,"22","Adamts4"
7.65917050172462e-21,6.88800218266732,0.034,0.001,1.56001984779127e-16,"22","Gpr4"
7.74595082954983e-21,9.17794780807225,0.034,0.001,1.57769526496271e-16,"22","Calr4"
7.74595082954983e-21,8.21803357899363,0.034,0.001,1.57769526496271e-16,"22","Cdr2l"
7.74595082954983e-21,6.68251778789878,0.034,0.001,1.57769526496271e-16,"22","Akr1c12"
7.83109556660089e-21,4.27243804504596,0.22,0.026,1.59503754500527e-16,"22","Emp1"
7.83370342667771e-21,6.18681635849626,0.034,0.001,1.59556871394572e-16,"22","Gm13523"
8.73891905189202e-21,5.75156435629784,0.136,0.01,1.77994303248937e-16,"22","Cacna1d"
1.04848266202455e-20,5.49588092950774,0.119,0.008,2.13554948601161e-16,"22","Zfp462"
1.07548281253514e-20,4.84107676081248,0.322,0.055,2.19054339257158e-16,"22","Sh3rf1"
1.11993153486639e-20,5.06320952642125,0.153,0.013,2.28107655021587e-16,"22","Snx33"
1.25696871649216e-20,6.76262153978367,0.102,0.006,2.56019388175122e-16,"22","Flt1"
1.36436011370506e-20,5.07027982189475,0.136,0.01,2.77892867959447e-16,"22","Lgr4"
1.37240105492414e-20,4.87088309123627,0.136,0.01,2.79530646866949e-16,"22","Kazn"
1.74314992672789e-20,5.03210413588913,0.508,0.141,3.55044777075936e-16,"22","Ctsl"
1.77720223369054e-20,4.19567479112072,0.288,0.043,3.61980550958089e-16,"22","Dst"
2.64671069488238e-20,3.32446803269473,0.119,0.008,5.39082034333643e-16,"22","Pxdc1"
2.76901778393415e-20,3.1515639587104,0.61,0.203,5.63993542231707e-16,"22","Trps1"
2.83833026456688e-20,4.42188805370361,0.237,0.03,5.78111108286983e-16,"22","Rras"
4.95918510359415e-20,4.25267385940515,0.186,0.019,1.01008682190006e-15,"22","Samd4"
5.12895261202313e-20,4.26529229332245,0.627,0.238,1.04466506801687e-15,"22","Igfbp4"
7.71253948274647e-20,5.91177976939091,0.119,0.008,1.5708900418458e-15,"22","Kank3"
9.10846824661808e-20,4.51324207231795,0.288,0.045,1.85521281247117e-15,"22","Ece1"
9.76301528022616e-20,6.42536926847056,0.051,0.001,1.98853095227646e-15,"22","Mc2r"
1.01192734517653e-19,6.0164862699367,0.051,0.001,2.06109361665556e-15,"22","S100b"
1.02653473992853e-19,6.54907356670295,0.051,0.001,2.09084595828642e-15,"22","Eef1akmt3"
1.66865461998754e-19,4.14493126311681,0.305,0.051,3.39871572999061e-15,"22","Map4k3"
1.76553161577018e-19,5.91152753423167,0.119,0.008,3.5960347950007e-15,"22","Lpar1"
2.25831978083215e-19,4.92548470036694,0.136,0.011,4.59974572959892e-15,"22","Megf10"
6.83254229118004e-19,4.57924969994474,0.153,0.014,1.39165221386755e-14,"22","Abca9"
6.87356335551577e-19,4.26938729293058,0.441,0.11,1.40000738425145e-14,"22","Peak1"
1.35103946257918e-18,4.66415678783107,0.186,0.021,2.75179717738128e-14,"22","Nhsl1"
1.38756851814549e-18,3.07134484846317,0.695,0.334,2.82619955775874e-14,"22","Nedd4"
1.59729245778824e-18,3.92782128634565,0.254,0.037,3.25336527802308e-14,"22","Slc24a3"
1.65143677100614e-18,6.28828058160646,0.068,0.003,3.3636464151853e-14,"22","Entrep1"
1.89289523973595e-18,6.60382135053351,0.051,0.002,3.85544902429419e-14,"22","Spon2"
1.91836257106204e-18,7.07751432830273,0.051,0.002,3.90732088473917e-14,"22","Cyp2d22"
1.94416818800135e-18,5.86334692102612,0.051,0.002,3.95988176532115e-14,"22","Kazald1"
1.96586985271684e-18,5.26190760811821,0.085,0.004,4.00408371601367e-14,"22","Lamb2"
2.01478347652326e-18,4.81466318572508,0.085,0.004,4.10371098498257e-14,"22","Kcnip3"
2.06459999367715e-18,4.79409031102665,0.051,0.002,4.20517726712161e-14,"22","Flvcr2"
2.94589623063103e-18,3.51694062227904,0.559,0.185,6.00020144254928e-14,"22","Septin11"
4.56483580866352e-18,4.79456644953743,0.186,0.021,9.29765757508585e-14,"22","Clstn1"
5.31002038576088e-18,4.72601101093741,0.153,0.015,1.08154495217178e-13,"22","Gm26632"
5.62854864575915e-18,6.73451204784631,0.034,0.001,1.14642278816822e-13,"22","Epha4"
5.62854864575915e-18,6.99582081900691,0.034,0.001,1.14642278816822e-13,"22","Gm57089"
5.62854864575915e-18,9.07756807998241,0.034,0.001,1.14642278816822e-13,"22","Kcnma1"
5.62854864575915e-18,7.75377564550621,0.034,0.001,1.14642278816822e-13,"22","Slc6a8"
5.73814279531099e-18,6.98647584963604,0.034,0.001,1.16874492454894e-13,"22","6530437J22Rik"
5.73814279531099e-18,5.70348235008486,0.034,0.001,1.16874492454894e-13,"22","P4ha2"
5.73814279531099e-18,6.73077648228673,0.034,0.001,1.16874492454894e-13,"22","Tmem100"
5.73814279531099e-18,6.9718593528085,0.034,0.001,1.16874492454894e-13,"22","Rbfox3"
5.90649497125166e-18,5.6396521199219,0.034,0.001,1.20303489574454e-13,"22","Col15a1"
6.07972086327776e-18,4.78057308825091,0.034,0.001,1.23831754543242e-13,"22","Itga3"
6.17249205400129e-18,4.95054768203743,0.271,0.044,1.25721318155898e-13,"22","Zfp521"
6.32105173807418e-18,4.50505740987178,0.136,0.012,1.28747181801095e-13,"22","Efnb1"
8.91649511063099e-18,4.80382929142423,0.203,0.026,1.81611172413332e-13,"22","Thbd"
9.19012545449635e-18,3.41617895874956,0.61,0.236,1.87184475257182e-13,"22","Fgfr2"
1.14314401741628e-17,3.18133606556735,0.339,0.067,2.32835573467347e-13,"22","Mdfic"
1.40882227752108e-17,4.14066388256287,0.153,0.015,2.86948921485493e-13,"22","2510009E07Rik"
1.48698821484141e-17,3.91889821378054,0.356,0.076,3.02869759598898e-13,"22","Ppic"
2.50681288876344e-17,6.8643687290697,0.051,0.002,5.10587649183337e-13,"22","Npnt"
2.62961673177919e-17,3.14332365490766,0.237,0.034,5.35600335928786e-13,"22","S1pr1"
2.668628556627e-17,5.9484475664846,0.051,0.002,5.43546264413787e-13,"22","Plcd3"
2.73620247637161e-17,5.44539557066719,0.051,0.002,5.57309720387369e-13,"22","Snai1"
3.39522354897369e-17,3.60280089440087,0.254,0.04,6.91539132454962e-13,"22","Tulp4"
3.532001525809e-17,5.94017456546745,0.068,0.003,7.19398070776778e-13,"22","Rasip1"
3.71984206880574e-17,4.65699102840409,0.068,0.003,7.57657432574353e-13,"22","Arhgef17"
5.20035641183992e-17,5.69152231417768,0.119,0.009,1.05920859396356e-12,"22","Cxadr"
5.20709273893785e-17,3.55765698364952,0.322,0.063,1.06058064906686e-12,"22","Ahnak"
5.90040397982693e-17,2.93296074032292,0.356,0.078,1.20179428261115e-12,"22","Gng11"
6.64953838432199e-17,4.2064461400069,0.271,0.046,1.3543779781187e-12,"22","Tanc1"
6.81529494734694e-17,6.1749480256194,0.153,0.016,1.38813927487563e-12,"22","Slc39a14"
7.29168706317946e-17,4.16539131641964,0.169,0.019,1.48517082102839e-12,"22","Pls3"
8.44261640674504e-17,4.58844243963662,0.186,0.023,1.71959210972583e-12,"22","Nr1d2"
8.89269712170152e-17,3.70434459112017,0.169,0.019,1.81126454974817e-12,"22","Myo6"
9.18241427218027e-17,5.68971399580538,0.119,0.01,1.87027413895768e-12,"22","Plscr2"
1.25336726854513e-16,3.94261440255638,0.169,0.019,2.55285845257272e-12,"22","Zcchc24"
1.41962351319413e-16,3.96772815206231,0.22,0.032,2.89148917167381e-12,"22","Pkd2"
1.4434892762141e-16,5.26682258315138,0.068,0.003,2.94009895779287e-12,"22","Igsf10"
1.66542897785779e-16,5.70971752990302,0.102,0.007,3.39214574210075e-12,"22","Dnah6"
2.46059351025157e-16,3.34999241263459,0.339,0.072,5.0117368616804e-12,"22","Large1"
2.60254097666425e-16,6.63989059755216,0.051,0.002,5.30085546126975e-12,"22","Adamts12"
2.89850714716935e-16,4.97572287461649,0.102,0.007,5.90367935735453e-12,"22","P3h3"
3.03340537209247e-16,5.48203863094932,0.102,0.007,6.17844006187794e-12,"22","Sh3pxd2b"
3.15290779022988e-16,4.57644815964601,0.119,0.01,6.42184258714022e-12,"22","Dnase1l3"
3.19119893021829e-16,10.2089733042525,0.017,0,6.49983398106862e-12,"22","Gm19461"
3.19119893021829e-16,8.16864753153678,0.017,0,6.49983398106862e-12,"22","Gm28277"
3.19119893021829e-16,7.199601111986,0.017,0,6.49983398106862e-12,"22","Pmepa1os"
3.19119893021829e-16,8.42145112510551,0.017,0,6.49983398106862e-12,"22","Tdo2"
3.19119893021829e-16,7.17802647146185,0.017,0,6.49983398106862e-12,"22","1700061I17Rik"
3.19119893021829e-16,8.75943463458227,0.017,0,6.49983398106862e-12,"22","Gm44386"
3.19119893021829e-16,7.31832551842076,0.017,0,6.49983398106862e-12,"22","BC051019"
3.19119893021829e-16,7.0916562930589,0.017,0,6.49983398106862e-12,"22","Gm36670"
3.19119893021829e-16,8.31358005419152,0.017,0,6.49983398106862e-12,"22","4930502A04Rik"
3.19119893021829e-16,8.86672043295462,0.017,0,6.49983398106862e-12,"22","Dzip1l"
3.19119893021829e-16,8.05052757383719,0.017,0,6.49983398106862e-12,"22","Gm12116"
3.19119893021829e-16,9.24254210961329,0.017,0,6.49983398106862e-12,"22","Slc8a3"
3.19119893021829e-16,9.00236117405036,0.017,0,6.49983398106862e-12,"22","Ism2"
3.19119893021829e-16,8.39529919249611,0.017,0,6.49983398106862e-12,"22","A830082K12Rik"
3.19119893021829e-16,10.5875780983075,0.017,0,6.49983398106862e-12,"22","Syt15"
3.19119893021829e-16,10.2557155302538,0.017,0,6.49983398106862e-12,"22","Nipal2"
3.19119893021829e-16,7.27033561284115,0.017,0,6.49983398106862e-12,"22","Lalba"
3.19119893021829e-16,7.64971468638602,0.017,0,6.49983398106862e-12,"22","Gm52988"
3.19119893021829e-16,8.01185023930014,0.017,0,6.49983398106862e-12,"22","Smim9"
3.19119893021829e-16,10.5297130724037,0.017,0,6.49983398106862e-12,"22","Zfp711"
3.24613766947155e-16,6.59924672827931,0.017,0,6.61173320517964e-12,"22","Gm29185"
3.24613766947155e-16,6.88774132649801,0.017,0,6.61173320517964e-12,"22","Card14"
3.24613766947155e-16,6.97990023500266,0.017,0,6.61173320517964e-12,"22","Akr1c14"
3.24613766947155e-16,3.56821102220615,0.017,0,6.61173320517964e-12,"22","Shc3"
3.24613766947155e-16,6.8318082317968,0.017,0,6.61173320517964e-12,"22","Hoxc10"
3.24613766947155e-16,6.70496382523361,0.017,0,6.61173320517964e-12,"22","4931408D14Rik"
3.40201799474759e-16,4.04895758728653,0.271,0.048,6.92923025170189e-12,"22","Acvr2a"
4.3385873446622e-16,5.07063504773394,0.203,0.028,8.83683470360797e-12,"22","Pknox2"
4.75179320577006e-16,5.80861801932011,0.068,0.003,9.67845240151246e-12,"22","Gm20125"
5.10945298136598e-16,3.54531649791153,0.237,0.037,1.04069338324462e-11,"22","Eya2"
5.74852716747213e-16,3.14744323181849,0.322,0.064,1.17086001347072e-11,"22","Rgs3"
8.2180672178132e-16,6.60447681618251,0.034,0.001,1.67385593092419e-11,"22","Sybu"
8.28756769946143e-16,6.42916823917446,0.034,0.001,1.6880117890263e-11,"22","Angptl1"
8.35764719704005e-16,5.3798373785786,0.034,0.001,1.70228558109312e-11,"22","Cdh4"
8.35764719704005e-16,6.11469401524696,0.034,0.001,1.70228558109312e-11,"22","Nkain3"
1.21965337286395e-15,2.93707058098372,0.441,0.12,2.4841899898493e-11,"22","Esr1"
1.27227676565e-15,3.44989156301212,0.237,0.038,2.59137331627591e-11,"22","Fam43a"
1.37032385837729e-15,6.81954524321622,0.203,0.029,2.79107563474287e-11,"22","Tfpi"
1.45116719469913e-15,3.74971075684798,0.237,0.039,2.9557373421632e-11,"22","Flnb"
1.56437035851784e-15,4.80773561189813,0.068,0.003,3.18630954622914e-11,"22","Sh3bp4"
1.71066356620026e-15,4.74486051198868,0.271,0.05,3.48427955163669e-11,"22","Pawr"
1.79925832920397e-15,3.93207358534038,0.068,0.003,3.66472936492265e-11,"22","Rpl39l"
1.902115532422e-15,3.03433274686254,0.288,0.055,3.87422891643714e-11,"22","Arhgap5"
2.20487810290534e-15,4.6671180645408,0.051,0.002,4.4908957199976e-11,"22","Meis3"
2.30896801011558e-15,3.63633904284973,0.169,0.021,4.70290604300341e-11,"22","Ophn1"
3.71718096646708e-15,3.29726181206295,0.169,0.021,7.57115419250015e-11,"22","Cavin2"
3.78940830549253e-15,3.96024911853334,0.305,0.062,7.71826683662718e-11,"22","Prkn"
4.18526561501999e-15,3.73914060903381,0.288,0.057,8.52454900467271e-11,"22","Creb3l2"
4.53380955662074e-15,5.80733853213721,0.068,0.004,9.23446330492513e-11,"22","Gm11149"
5.64574002618604e-15,3.71440978730879,0.237,0.039,1.14992432853357e-10,"22","Fgd6"
6.62203366545904e-15,4.07024813770475,0.169,0.021,1.3487758169807e-10,"22","Cyp4v3"
7.0417527655621e-15,3.71985496878282,0.695,0.423,1.43426420328969e-10,"22","Rbms1"
7.33168184047993e-15,3.53814240071107,0.356,0.088,1.49331695726895e-10,"22","Klf9"
9.31471747798637e-15,4.42333282946548,0.153,0.017,1.89722165591626e-10,"22","2210408F21Rik"
1.06685219562139e-14,3.39691117113323,0.271,0.051,2.17296455204165e-10,"22","Pde7b"
1.20451749864256e-14,7.78766988235889,0.051,0.002,2.45336124123517e-10,"22","Lcat"
1.243035439858e-14,5.98313006850441,0.051,0.002,2.53181458390277e-10,"22","Gm57455"
1.25614211843438e-14,5.30769249647899,0.051,0.002,2.55851026682715e-10,"22","Lctl"
1.26938475579767e-14,5.71757045336878,0.051,0.002,2.58548287060869e-10,"22","Gm15155"
1.27605749172235e-14,5.72431929196314,0.051,0.002,2.59907389914009e-10,"22","Bvht"
1.31129918938041e-14,3.53563537132499,0.39,0.103,2.67085418893002e-10,"22","Psd3"
1.38763614605037e-14,4.5389259546316,0.051,0.002,2.82633730227539e-10,"22","Efna1"
2.07312632257089e-14,4.7596125711729,0.153,0.018,4.22254369381239e-10,"22","Sned1"
2.09733542793412e-14,3.3909196368426,0.237,0.04,4.27185279961622e-10,"22","Abca1"
2.30942201733235e-14,3.89595011276584,0.339,0.083,4.70383076490253e-10,"22","Dock1"
3.87295172540194e-14,6.44755464714431,0.034,0.001,7.88842807429868e-10,"22","Gm12963"
3.87295172540194e-14,7.70952166714998,0.034,0.001,7.88842807429868e-10,"22","Msi1"
3.99048629446024e-14,6.30051743499989,0.034,0.001,8.12782248455662e-10,"22","Hectd2os"
4.0505618855198e-14,5.78705339077544,0.034,0.001,8.25018444842673e-10,"22","Aox1"
4.08093230366715e-14,5.42821798857867,0.034,0.001,8.31204291610925e-10,"22","Gm13524"
4.08093230366715e-14,6.05204330342339,0.034,0.001,8.31204291610925e-10,"22","Gm41414"
4.11152661308049e-14,5.30888363550915,0.034,0.001,8.37435740552235e-10,"22","Kcnn1"
4.14234643518626e-14,4.71100153859544,0.034,0.001,8.43713121918738e-10,"22","Tmem204"
5.16212897325211e-14,4.73387275835793,0.186,0.027,1.05142242927199e-09,"22","Rbp1"
6.04974611614315e-14,3.52024078516982,0.186,0.027,1.23221228893604e-09,"22","Oasl2"
6.42382928495727e-14,7.8926527629763,0.051,0.002,1.3084055487601e-09,"22","Fam171a2"
6.68461867365924e-14,6.24563161170232,0.051,0.002,1.36152313145091e-09,"22","Ecscr"
9.43178800057365e-14,4.23020160523534,0.22,0.037,1.92106657995684e-09,"22","Fam114a1"
9.87290509990644e-14,2.91018990598783,0.525,0.205,2.01091331074894e-09,"22","Zfp36l1"
1.02113821492209e-13,3.99741125233385,0.068,0.004,2.07985431615332e-09,"22","Tm4sf1"
1.0839955666655e-13,4.72104186760343,0.068,0.004,2.20788217018428e-09,"22","Cxcl16"
1.33944198427661e-13,3.05573101082538,0.102,0.009,2.72817543357461e-09,"22","Plxna4"
1.63412366126382e-13,2.58894167211802,0.627,0.31,3.32838307326216e-09,"22","Marcks"
1.89628028986604e-13,2.48388591930209,0.61,0.276,3.86234369439914e-09,"22","Tcf4"
1.92879635783321e-13,4.14272215381594,0.22,0.038,3.92857242163467e-09,"22","Tmtc2"
2.26117658387668e-13,4.79364970817028,0.068,0.004,4.60556446604003e-09,"22","Pkdcc"
2.63013510064947e-13,5.15690553517441,0.085,0.006,5.35705917300284e-09,"22","Myof"
2.66212363078818e-13,3.91097690407375,0.068,0.004,5.42221341118937e-09,"22","Tlr3"
2.67178379104803e-13,2.91207165596843,0.068,0.004,5.44188922560663e-09,"22","Sardh"
2.73238019909851e-13,5.23586640095499,0.085,0.006,5.56531198952385e-09,"22","Loxl3"
2.90584987140701e-13,4.66831664892238,0.085,0.006,5.9186350180818e-09,"22","Fgd5"
2.95167331337099e-13,6.38559836031649,0.051,0.002,6.01196820467403e-09,"22","Pcdhb16"
3.28227008886311e-13,6.18253560468379,0.136,0.016,6.68532771699639e-09,"22","Srgap1"
3.73134455629613e-13,4.48189706022035,0.186,0.029,7.60000259226396e-09,"22","Farp1"
4.60934034054938e-13,4.11067319803483,0.136,0.016,9.38830440563097e-09,"22","Rab13"
5.12800291338083e-13,4.12832752491344,0.186,0.028,1.04447163339741e-08,"22","Thrb"
7.84984744223209e-13,4.69050231503098,0.119,0.012,1.59885692703383e-08,"22","Rcan2"
7.90141014461476e-13,4.09802432343394,0.203,0.034,1.60935921825513e-08,"22","Socs3"
8.66395877465299e-13,6.59054174952153,0.034,0.001,1.76467512322132e-08,"22","Brd3os"
8.66395877465299e-13,6.74249157000852,0.034,0.001,1.76467512322132e-08,"22","Asap3"
8.95976364215081e-13,5.00713819694268,0.034,0.001,1.82492465863328e-08,"22","Erbb2"
9.03592927555381e-13,3.06127043499554,0.254,0.051,1.8404380748448e-08,"22","Slfn5"
9.1380335367342e-13,2.35586872254622,0.695,0.42,1.86123467076202e-08,"22","Zeb2"
9.22457181251878e-13,4.71676120652768,0.153,0.02,1.87886078677383e-08,"22","Epb41l5"
1.13844304702036e-12,3.0225808136419,0.322,0.078,2.31878079817107e-08,"22","Arhgap6"
1.17980579610735e-12,3.49277813410301,0.322,0.082,2.40302844551146e-08,"22","Dag1"
1.4737547098278e-12,5.00163899236659,0.136,0.016,3.00174359297727e-08,"22","Rassf8"
1.4804684784516e-12,4.29023324528814,0.288,0.068,3.01541819691023e-08,"22","Mgmt"
2.14743724686321e-12,3.02454463364621,0.288,0.066,4.37390018441098e-08,"22","Sdc4"
2.37097696679796e-12,5.6722556026097,0.068,0.004,4.82920588597408e-08,"22","Slc2a13"
2.53046797060425e-12,3.78019839840847,0.119,0.013,5.15405716252673e-08,"22","Rxra"
2.61750345982613e-12,3.82074358585235,0.102,0.01,5.33133104697387e-08,"22","Arhgef9"
2.87404356339782e-12,3.20652352509282,0.339,0.091,5.85385192992869e-08,"22","Vezt"
2.93279111565388e-12,3.85722334417675,0.136,0.017,5.97350894436383e-08,"22","Myzap"
3.11162578242683e-12,2.2397670840921,0.797,0.772,6.33775939364697e-08,"22","H2-K1"
3.19997752359997e-12,2.70817928428026,0.169,0.025,6.51771422006842e-08,"22","Itgb5"
3.79256888188854e-12,6.24382536386287,0.051,0.003,7.72470429863057e-08,"22","6720407P12Rik"
3.90027836283066e-12,5.35455335163029,0.051,0.003,7.9440869694135e-08,"22","Cmya5"
4.08315201653918e-12,3.85476850230714,0.153,0.021,8.31656402728701e-08,"22","Timp3"
4.08942693606744e-12,4.85859268792674,0.051,0.003,8.32934478338215e-08,"22","Pabpc4l"
4.37017889234593e-12,2.73003611956267,0.576,0.271,8.90118036793018e-08,"22","Chd9"
5.07965379321636e-12,5.07047041397763,0.068,0.005,1.03462388460231e-07,"22","Itga8"
5.09336751706052e-12,3.29263540963749,0.288,0.069,1.03741709587489e-07,"22","Ccser2"
5.11280327262783e-12,5.14357338100453,0.068,0.005,1.04137577056884e-07,"22","Cd300lg"
5.57785032165414e-12,5.63847313026369,0.102,0.01,1.13609655351452e-07,"22","Lrp4"
5.72845072947299e-12,4.09004988447141,0.068,0.005,1.16677084457906e-07,"22","Car5b"
7.14254949949917e-12,3.34540006833897,0.085,0.007,1.45479448205799e-07,"22","Cdc42ep5"
1.02432090697792e-11,2.7154873250916,0.61,0.348,2.08633682333262e-07,"22","App"
1.04199627911548e-11,3.51061482394234,0.373,0.115,2.12233802130241e-07,"22","Ski"
1.11299052914954e-11,5.69919619955796,0.034,0.001,2.26693910977179e-07,"22","Chn1"
1.11299052914954e-11,4.92715308349575,0.034,0.001,2.26693910977179e-07,"22","Myo16"
1.11979385466578e-11,5.83493065188385,0.034,0.001,2.28079612318326e-07,"22","Gm15270"
1.12070064415453e-11,4.11248765290404,0.068,0.005,2.28264307201394e-07,"22","Gzmk"
1.1266379126528e-11,5.99718917107529,0.034,0.001,2.29473610049122e-07,"22","She"
1.13352294166074e-11,5.3436282231172,0.034,0.001,2.30875952757459e-07,"22","4833411C07Rik"
1.13849743733442e-11,4.23980911518149,0.136,0.018,2.31889158036275e-07,"22","Clec11a"
1.14044918160427e-11,5.69748884845722,0.034,0.001,2.32286689309158e-07,"22","Smarcd3"
1.15442626082516e-11,3.91836966030849,0.034,0.001,2.35133540804868e-07,"22","Ly6k"
1.16147758682321e-11,4.71886648665127,0.034,0.001,2.36569754884152e-07,"22","Ccn4"
1.1757070388489e-11,4.84537768136568,0.034,0.001,2.39468009672744e-07,"22","Gm13470"
1.19563057530927e-11,6.58937645341555,0.051,0.003,2.43526035578993e-07,"22","Morc4"
1.19997485861956e-11,2.77121283610053,0.542,0.255,2.44410879203633e-07,"22","Nfat5"
1.22878812747439e-11,2.78011671445008,0.102,0.01,2.50279565803984e-07,"22","Epb41l3"
1.25482680090597e-11,3.15700437486159,0.305,0.079,2.55583122808528e-07,"22","Sntb1"
1.27802437503606e-11,3.6500821273515,0.271,0.063,2.60308004707345e-07,"22","Trio"
1.34729854618424e-11,5.52519378785412,0.051,0.003,2.74417767886806e-07,"22","Ptgfrn"
1.5139189537901e-11,3.923937618432,0.288,0.073,3.08355012507967e-07,"22","1700025G04Rik"
1.78662536524522e-11,5.74230035704108,0.068,0.005,3.63899854393146e-07,"22","Unc13b"
1.86901889668798e-11,4.67817365295119,0.136,0.018,3.80681768877408e-07,"22","Hotairm1"
1.92426128033575e-11,4.86285733579606,0.068,0.005,3.91933537578786e-07,"22","Gpd1"
2.03123205920527e-11,4.01693727732327,0.119,0.014,4.1372134581893e-07,"22","Ptpn14"
2.44751491388131e-11,5.19029655337099,0.153,0.023,4.98509837659344e-07,"22","Crppa"
2.48352255881539e-11,3.27971917070381,0.102,0.01,5.05843874779518e-07,"22","Podnl1"
3.28825994308796e-11,5.34865254324328,0.102,0.011,6.69752785208155e-07,"22","Ndrg2"
3.34031834945111e-11,6.25623946779516,0.051,0.003,6.80356041416202e-07,"22","Cyp4b1"
3.53034116324782e-11,5.61147075365454,0.051,0.003,7.19059888130315e-07,"22","Ankrd29"
3.61567104974314e-11,8.05978836572431,0.017,0,7.36439879411682e-07,"22","Slc4a3"
3.61567104974314e-11,7.7287272023855,0.017,0,7.36439879411682e-07,"22","Gm4793"
3.61567104974314e-11,8.85426224038094,0.017,0,7.36439879411682e-07,"22","Gm35546"
3.61567104974314e-11,7.66579364369935,0.017,0,7.36439879411682e-07,"22","Slc39a12"
3.61567104974314e-11,6.99390985700974,0.017,0,7.36439879411682e-07,"22","Acvr1c"
3.61567104974314e-11,8.41769178128894,0.017,0,7.36439879411682e-07,"22","Csrnp3"
3.61567104974314e-11,6.84266435018216,0.017,0,7.36439879411682e-07,"22","4930443O20Rik"
3.61567104974314e-11,7.84122165063911,0.017,0,7.36439879411682e-07,"22","BB218582"
3.61567104974314e-11,9.25654490195269,0.017,0,7.36439879411682e-07,"22","Pck1"
3.61567104974314e-11,8.04381566367318,0.017,0,7.36439879411682e-07,"22","Skint5"
3.61567104974314e-11,7.44479588785267,0.017,0,7.36439879411682e-07,"22","Mlxipl"
3.61567104974314e-11,7.47947429262699,0.017,0,7.36439879411682e-07,"22","Akr1b8"
3.61567104974314e-11,7.04018708770376,0.017,0,7.36439879411682e-07,"22","Hoxaas2"
3.61567104974314e-11,7.51524121278633,0.017,0,7.36439879411682e-07,"22","Tgfa"
3.61567104974314e-11,7.86761634257533,0.017,0,7.36439879411682e-07,"22","Kctd15"
3.61567104974314e-11,8.80558213409583,0.017,0,7.36439879411682e-07,"22","Fank1"
3.61567104974314e-11,7.56598365783118,0.017,0,7.36439879411682e-07,"22","Gm36595"
3.61567104974314e-11,9.57894505164413,0.017,0,7.36439879411682e-07,"22","Oit3"
3.61567104974314e-11,8.09838649799871,0.017,0,7.36439879411682e-07,"22","Gm47578"
3.61567104974314e-11,6.68537648160137,0.017,0,7.36439879411682e-07,"22","5730507C01Rik"
3.61567104974314e-11,8.04836685175973,0.017,0,7.36439879411682e-07,"22","Tmem30b"
3.61567104974314e-11,7.13062186083723,0.017,0,7.36439879411682e-07,"22","Esr2"
3.61567104974314e-11,8.75930500226501,0.017,0,7.36439879411682e-07,"22","D030007L05Rik"
3.61567104974314e-11,7.24815591817812,0.017,0,7.36439879411682e-07,"22","Gm2832"
3.61567104974314e-11,7.16139227269511,0.017,0,7.36439879411682e-07,"22","Gm4632"
3.61567104974314e-11,8.14445160799607,0.017,0,7.36439879411682e-07,"22","Scel"
3.61567104974314e-11,8.76647765852089,0.017,0,7.36439879411682e-07,"22","Npr3"
3.61567104974314e-11,6.96885367247602,0.017,0,7.36439879411682e-07,"22","Fndc1"
3.61567104974314e-11,7.51798286195126,0.017,0,7.36439879411682e-07,"22","Pcdhgb6"
3.61567104974314e-11,8.31403706499234,0.017,0,7.36439879411682e-07,"22","Gm50237"
3.61567104974314e-11,6.79776556860993,0.017,0,7.36439879411682e-07,"22","3010001F23Rik"
3.63502345786501e-11,5.34720615922561,0.102,0.011,7.40381577897946e-07,"22","Stab1"
3.64363339039887e-11,4.48318626727023,0.051,0.003,7.42135248956442e-07,"22","Rgmb"
3.65704867658913e-11,6.04306251040456,0.017,0,7.44867674447674e-07,"22","Brinp1"
3.65704867658913e-11,5.11353127871126,0.017,0,7.44867674447674e-07,"22","Gm11184"
3.65704867658913e-11,6.13392438964999,0.017,0,7.44867674447674e-07,"22","Kcnq4"
3.65704867658913e-11,6.65319178565885,0.017,0,7.44867674447674e-07,"22","Prdm8"
3.65704867658913e-11,6.69246971550476,0.017,0,7.44867674447674e-07,"22","Gm44788"
3.65704867658913e-11,6.03917036788604,0.017,0,7.44867674447674e-07,"22","Lrrc37a"
3.65704867658913e-11,5.84014606968655,0.017,0,7.44867674447674e-07,"22","Fam124a"
3.65704867658913e-11,6.30937676657398,0.017,0,7.44867674447674e-07,"22","9330188P03Rik"
3.65704867658913e-11,5.58594008750045,0.017,0,7.44867674447674e-07,"22","Gm33906"
3.69888956805537e-11,5.67056970414863,0.017,0,7.53389827221518e-07,"22","Sema6c"
3.69888956805537e-11,5.74072535581548,0.017,0,7.53389827221518e-07,"22","Asphd2"
3.69888956805537e-11,5.59096038443525,0.017,0,7.53389827221518e-07,"22","Fgl1"
3.69888956805537e-11,6.10059533995149,0.017,0,7.53389827221518e-07,"22","Gm56648"
3.70196978233658e-11,2.91196358956392,0.492,0.196,7.54017205266315e-07,"22","Mxd4"
6.12906990233922e-11,3.71084705309766,0.153,0.023,1.24836895770845e-06,"22","Mc5r"
6.33130454962171e-11,4.75036258657132,0.068,0.005,1.28956011066695e-06,"22","Prss48"
6.37553603754576e-11,3.56307803032001,0.203,0.039,1.29856918012732e-06,"22","Hes1"
7.33389527933406e-11,2.96732955797658,0.153,0.023,1.49376779049476e-06,"22","Tnfsf12"
7.75887225280538e-11,4.35194589878203,0.085,0.008,1.5803271004514e-06,"22","Wnt5b"
8.45163479810205e-11,3.69806399339617,0.085,0.008,1.72142897567743e-06,"22","Ier5l"
9.11758835377045e-11,6.33562575052778,0.034,0.001,1.85707039589597e-06,"22","Crybb3"
9.21988843535093e-11,5.86599050123464,0.034,0.001,1.87790687651228e-06,"22","C330020E22Rik"
9.27145845845203e-11,5.99211766530477,0.034,0.001,1.88841065881751e-06,"22","Gm10134"
9.27145845845203e-11,6.86814350235597,0.034,0.001,1.88841065881751e-06,"22","4930512H18Rik"
9.2742430322397e-11,5.22014699740596,0.051,0.003,1.88897782080658e-06,"22","Il20ra"
9.37544595499294e-11,5.5814093630934,0.034,0.001,1.90959083211296e-06,"22","Slc2a10"
9.74846009141061e-11,4.6367552230106,0.034,0.001,1.98556635141851e-06,"22","Apcdd1"
1.05028187315173e-10,3.72291499333068,0.169,0.028,2.13921411923544e-06,"22","Esam"
1.16468162289624e-10,4.61357147457951,0.119,0.015,2.37222352951507e-06,"22","Cdc42bpb"
1.27948302196281e-10,2.5807008069942,0.508,0.228,2.60605101913386e-06,"22","Aplp2"
1.35971925812089e-10,2.36780808719189,0.085,0.008,2.76947618494063e-06,"22","Tgfb1i1"
1.5634361691116e-10,6.09529855845015,0.085,0.008,3.1844067892465e-06,"22","Cdo1"
1.81222562269571e-10,6.07800927923443,0.068,0.005,3.69114114830662e-06,"22","Fhod3"
1.87095365797024e-10,2.86785851693374,0.542,0.266,3.81075841055379e-06,"22","Map4k4"
2.1147299472516e-10,4.48611066583717,0.068,0.005,4.30728195656207e-06,"22","Cyp7b1"
2.18022131564598e-10,7.05666102971027,0.051,0.003,4.44067477570773e-06,"22","Clip3"
2.33740172127632e-10,2.99880479843113,0.186,0.035,4.7608198258956e-06,"22","Irf2bpl"
2.49724547386435e-10,2.44820495654959,0.661,0.434,5.0863895811669e-06,"22","Macf1"
2.53403436571505e-10,3.08402272390823,0.322,0.093,5.16132119608842e-06,"22","Ldlrad4"
2.68998144340266e-10,2.69747377853046,0.22,0.047,5.47895420392253e-06,"22","Pde5a"
3.01222600862304e-10,2.74050798055128,0.559,0.288,6.13530193436341e-06,"22","Atxn1"
3.37294999430989e-10,3.73867906756844,0.085,0.008,6.87002454841038e-06,"22","Iffo2"
3.61845350627741e-10,2.91145833228521,0.068,0.005,7.37006610158584e-06,"22","Tpm2"
3.83477667136229e-10,3.26370985860893,0.508,0.25,7.81067312423072e-06,"22","Rad51b"
3.99839375430236e-10,3.42863341313973,0.153,0.025,8.14392839876304e-06,"22","Soga1"
4.25753612207377e-10,3.81375107579826,0.322,0.099,8.67174957343985e-06,"22","Smad1"
4.98754032167016e-10,3.48447412825586,0.237,0.057,1.01586221271778e-05,"22","Septin10"
5.34236113188593e-10,5.11566351264212,0.051,0.003,1.08813211534253e-05,"22","Abca5"
5.45184588036069e-10,3.7242137891967,0.153,0.025,1.11043196891187e-05,"22","Ifi202b"
6.08846072338313e-10,2.95252563172548,0.186,0.036,1.24009768013868e-05,"22","Frmd4b"
6.64606152161385e-10,4.03444993683429,0.186,0.037,1.35366981072231e-05,"22","Slc38a6"
7.21468830946316e-10,4.46236716361383,0.136,0.021,1.46948771487146e-05,"22","Rnf217"
7.92256834816453e-10,4.94300057872659,0.119,0.016,1.61366872115415e-05,"22","Ednra"
7.95971337023708e-10,6.03932237597578,0.068,0.006,1.62123441924989e-05,"22","Nectin3"
8.09015296209039e-10,5.10965695669202,0.102,0.012,1.64780235531857e-05,"22","Mrap"
8.14880011823518e-10,3.18485507384919,0.237,0.057,1.65974760808214e-05,"22","Ttc39b"
9.45760520728653e-10,3.18273371560689,0.356,0.122,1.92632502862012e-05,"22","Itm2c"
1.06190866386114e-09,2.12306873614693,0.237,0.055,2.16289556655236e-05,"22","Lgmn"
1.09994947165554e-09,3.4654303278279,0.119,0.016,2.24037708386799e-05,"22","Nuak1"
1.11969015247377e-09,5.01209024977619,0.051,0.003,2.28058490255858e-05,"22","Rasl11a"
1.14003194564796e-09,4.08504008985782,0.22,0.051,2.32201706689577e-05,"22","Afdn"
1.14266742453983e-09,4.6483317010717,0.051,0.003,2.32738501030273e-05,"22","Echdc2"
1.17005559060417e-09,4.57734653387378,0.051,0.003,2.38316922694258e-05,"22","Dmpk"
1.18599221990192e-09,4.64795892134804,0.051,0.003,2.41562895349623e-05,"22","Zfp366"
1.20932584846308e-09,3.02215160860136,0.237,0.058,2.4631548881496e-05,"22","Epdr1"
1.28615123141428e-09,3.51918035343224,0.051,0.003,2.6196328281446e-05,"22","Bmp2"
1.35113010512052e-09,3.09404703828447,0.339,0.112,2.75198179810948e-05,"22","Nbeal1"
1.3809890467784e-09,4.23750612147835,0.068,0.006,2.81279849047824e-05,"22","Slco2a1"
1.39781892913552e-09,5.29579433502048,0.102,0.013,2.84707759486322e-05,"22","Klhdc8b"
1.60582938325642e-09,2.61089164107801,0.458,0.187,3.27075328781667e-05,"22","Cblb"
1.65345870275528e-09,3.49342099849291,0.237,0.059,3.36776468577196e-05,"22","Tfcp2"
1.71032614446828e-09,4.28467678216948,0.119,0.017,3.483592291053e-05,"22","Cacna1c"
1.96563662144112e-09,4.69434600290984,0.068,0.006,4.00360867055128e-05,"22","Wfs1"
2.0120919236396e-09,2.76558261579733,0.22,0.05,4.09822883006915e-05,"22","Cuedc1"
2.10395701147508e-09,5.23541057866939,0.068,0.006,4.28533964097245e-05,"22","Rtn4rl1"
2.25949773029011e-09,2.67341649540649,0.102,0.013,4.6021449770549e-05,"22","Fhl1"
2.33699693237092e-09,4.61013605327696,0.085,0.009,4.7599953518531e-05,"22","Dock6"
2.38354209003064e-09,4.57293663286533,0.119,0.017,4.85479852897442e-05,"22","Rnf150"
2.41218683680363e-09,3.22048829300452,0.203,0.045,4.91314214920163e-05,"22","Mfge8"
2.46515573965841e-09,3.88486635954991,0.051,0.003,5.02102921053624e-05,"22","Hmgcs2"
2.57743457121346e-09,6.57454165017297,0.034,0.002,5.24971873464757e-05,"22","Gm42439"
2.60212090023796e-09,4.8217979735228,0.034,0.002,5.29999984960469e-05,"22","Gm49492"
2.61455026522151e-09,7.05606822465838,0.034,0.002,5.32531598020317e-05,"22","Pla1a"
2.62703744367582e-09,5.30588866060389,0.034,0.002,5.35074986527891e-05,"22","Mxra7"
2.65218628730443e-09,6.37527610917051,0.034,0.002,5.40197302998167e-05,"22","Slc4a4"
2.65218628730443e-09,5.26367885620866,0.034,0.002,5.40197302998167e-05,"22","Pgf"
2.69034972334557e-09,5.01259198074478,0.034,0.002,5.47970431651025e-05,"22","Zfp300"
2.72904775271945e-09,4.15409175708325,0.034,0.002,5.55852446273898e-05,"22","Fam149a"
2.84138266448661e-09,9.05464053580912,0.119,0.017,5.78732821102633e-05,"22","Car3"
3.210147944184e-09,2.78203478627241,0.407,0.162,6.53842933271398e-05,"22","Rasa3"
3.59276519603281e-09,3.44184458019578,0.119,0.017,7.31774415127963e-05,"22","Gm6034"
3.99822379790591e-09,2.64511983187877,0.322,0.103,8.14358223157475e-05,"22","Cdc42bpa"
4.02128851557348e-09,3.54027132691503,0.203,0.046,8.19056044852006e-05,"22","Mpzl1"
4.2891349284268e-09,3.35653182877914,0.424,0.183,8.73611002221971e-05,"22","Lrrc58"
4.39710960578953e-09,4.65431694735832,0.102,0.013,8.95603284507212e-05,"22","Tha1"
4.47611196742694e-09,5.2012987515989,0.051,0.004,9.11694485525518e-05,"22","Nsun7"
4.65673655073529e-09,3.67297284320833,0.186,0.039,9.48484100653764e-05,"22","Zc3h12b"
4.77703339328814e-09,4.19758814251461,0.153,0.028,9.72986161544928e-05,"22","Slc22a5"
5.07207381599829e-09,4.68600459727302,0.085,0.009,0.000103307999484253,"22","Phlda3"
5.35898328148754e-09,4.03076306913037,0.085,0.009,0.000109151771477338,"22","F11r"
5.54488224956278e-09,3.10389545129739,0.356,0.127,0.000112938161659095,"22","Exoc6b"
5.62070846943951e-09,3.12526939216487,0.305,0.096,0.000114482590105544,"22","Dip2c"
5.71451428122232e-09,5.76579757696118,0.085,0.01,0.000116393226879936,"22","Emcn"
5.81802433597467e-09,4.15455658525588,0.22,0.055,0.000118501519675132,"22","Tbc1d4"
5.88230837264163e-09,2.98575600699764,0.39,0.154,0.000119810856933965,"22","Epb41l2"
6.20121499311788e-09,5.43861165750365,0.085,0.01,0.000126306346979825,"22","Ltbp3"
6.72818623086388e-09,3.00600476671738,0.102,0.013,0.000137039697150235,"22","Fzd5"
7.2467203824167e-09,3.99036149858702,0.068,0.006,0.000147601200749063,"22","Kctd12b"
7.61082129803982e-09,3.36256102116176,0.373,0.145,0.000155017208198475,"22","Bmpr2"
7.62034682423587e-09,3.04825643388611,0.186,0.04,0.000155211224116036,"22","Entrep2"
8.10689992532131e-09,2.64964107607637,0.373,0.137,0.000165121337678944,"22","Sntb2"
8.58684582887813e-09,4.79759868068441,0.051,0.004,0.00017489687584259,"22","B3gnt9"
8.92281182443052e-09,3.93937535893203,0.271,0.081,0.000181739831240001,"22","Acox1"
9.33924328166293e-09,3.38424604979733,0.237,0.063,0.000190221707160911,"22","Ppp2r3a"
9.36281101589344e-09,2.56522621103421,0.254,0.07,0.000190701734771718,"22","Mmd"
9.97605328709845e-09,5.77498620060601,0.034,0.002,0.000203192253351621,"22","Adamtsl1"
1.00239553318035e-08,4.7930077777515,0.102,0.014,0.000204167922198174,"22","Slc35e4"
1.05215706639215e-08,4.18768177054082,0.034,0.002,0.000214303351282754,"22","Dixdc1"
1.10375690348534e-08,2.29778523990514,0.085,0.01,0.000224813206101893,"22","Hpgd"
1.13712852242302e-08,4.10019854110002,0.254,0.072,0.000231610337447121,"22","Rasal2"
1.26783269793563e-08,6.96851379698244,0.017,0,0.00025823216391553,"22","Astn1"
1.26783269793563e-08,6.5036035609519,0.017,0,0.00025823216391553,"22","Prox1"
1.26783269793563e-08,8.5741802355661,0.017,0,0.00025823216391553,"22","Vash2"
1.26783269793563e-08,7.30225396055003,0.017,0,0.00025823216391553,"22","Hey1"
1.26783269793563e-08,7.25995956033409,0.017,0,0.00025823216391553,"22","Creb3l4"
1.26783269793563e-08,6.46314671784682,0.017,0,0.00025823216391553,"22","Musk"
1.26783269793563e-08,8.59488212157383,0.017,0,0.00025823216391553,"22","Gm43727"
1.26783269793563e-08,7.70901269057283,0.017,0,0.00025823216391553,"22","Tmem184a"
1.26783269793563e-08,7.39106846642632,0.017,0,0.00025823216391553,"22","Cacng7"
1.26783269793563e-08,7.91251982704617,0.017,0,0.00025823216391553,"22","Nova2"
1.26783269793563e-08,7.47499557525179,0.017,0,0.00025823216391553,"22","Elovl4"
1.26783269793563e-08,9.03775922962255,0.017,0,0.00025823216391553,"22","Lrrc3"
1.26783269793563e-08,7.00772765319365,0.017,0,0.00025823216391553,"22","Gm16271"
1.26783269793563e-08,7.59354336205497,0.017,0,0.00025823216391553,"22","Mdga2"
1.26783269793563e-08,6.75541503437143,0.017,0,0.00025823216391553,"22","Itgbl1"
1.26783269793563e-08,6.54792907292618,0.017,0,0.00025823216391553,"22","Cfap91"
1.26783269793563e-08,6.6166334269846,0.017,0,0.00025823216391553,"22","Upk1b"
1.26783269793563e-08,7.0150819698986,0.017,0,0.00025823216391553,"22","Gm54359"
1.26783269793563e-08,7.17358622739699,0.017,0,0.00025823216391553,"22","Sorcs1"
1.27869762846293e-08,6.18303036083472,0.017,0,0.00026044513296533,"22","Myorg"
1.27869762846293e-08,6.29171480676013,0.017,0,0.00026044513296533,"22","Gm12473"
1.27869762846293e-08,6.41336377263044,0.017,0,0.00026044513296533,"22","Gm2694"
1.27869762846293e-08,5.60959804708464,0.017,0,0.00026044513296533,"22","Ndrg4"
1.27869762846293e-08,5.43336852154632,0.017,0,0.00026044513296533,"22","E130310I04Rik"
1.28965300160172e-08,5.89569016502097,0.017,0,0.000262676523366238,"22","Dll4"
1.28965300160172e-08,5.2548350326663,0.017,0,0.000262676523366238,"22","Gm15414"
1.28965300160172e-08,3.96516365236871,0.017,0,0.000262676523366238,"22","Gm38403"
1.28965300160172e-08,3.775314316282,0.017,0,0.000262676523366238,"22","Zmynd15"
1.28965300160172e-08,6.11990354882018,0.017,0,0.000262676523366238,"22","Psd2"
1.30069954676425e-08,4.60410629594618,0.017,0,0.000264926483684942,"22","D430040D24Rik"
1.30069954676425e-08,5.03614143294051,0.017,0,0.000264926483684942,"22","Susd4"
1.30069954676425e-08,4.40320959800908,0.017,0,0.000264926483684942,"22","Cyp26b1"
1.34940230584359e-08,3.39729355845976,0.153,0.029,0.000274846261654222,"22","Cachd1"
1.3498924381555e-08,2.73519880205873,0.169,0.035,0.000274946091803511,"22","Ifi204"
1.4368342903415e-08,3.88278633914666,0.119,0.018,0.000292654408256757,"22","Eogt"
1.51524840877086e-08,6.36843552394765,0.051,0.004,0.000308625795898448,"22","Tfpi2"
1.59814817609969e-08,5.45135493891221,0.051,0.004,0.000325510820507986,"22","Dnm3"
1.83984393614756e-08,3.04615229057186,0.153,0.029,0.000374739412914535,"22","Gstt1"
2.14460899959239e-08,2.72059764911133,0.525,0.278,0.000436813961036979,"22","Rsrc1"
2.3970090211589e-08,3.45400285338736,0.305,0.104,0.000488222797429646,"22","Cebpa"
2.79324870650096e-08,4.44342885181743,0.153,0.03,0.000568928896540115,"22","Aldh6a1"
3.18591660047721e-08,7.47603279160491,0.034,0.002,0.000648907493185199,"22","Gfpt2"
3.21251246107262e-08,5.80777693669058,0.034,0.002,0.000654324538071272,"22","Usp35"
3.24963442722732e-08,4.1924961305494,0.119,0.019,0.000661885540137661,"22","Ralgds"
3.30730473057316e-08,4.31767265980145,0.034,0.002,0.000673631827523141,"22","Ccl8"
3.30730473057316e-08,5.61629932424748,0.034,0.002,0.000673631827523141,"22","Gm29863"
3.33488290079286e-08,4.7190052505935,0.034,0.002,0.00067924894923349,"22","2900060N12Rik"
3.44744317605165e-08,4.32057848322877,0.034,0.002,0.0007021752260982,"22","Adamtsl3"
3.64537385525715e-08,2.86723736561525,0.169,0.036,0.000742489746838776,"22","Tgm2"
3.64537385525715e-08,2.67566450980644,0.169,0.036,0.000742489746838776,"22","Prickle1"
3.71158945987202e-08,4.95635498762867,0.085,0.01,0.000755976541186733,"22","Fzd3"
3.86127152132094e-08,3.37855281904953,0.254,0.075,0.00078646378346265,"22","Afap1"
3.96736896377622e-08,4.71162894498087,0.068,0.007,0.00080807371054194,"22","Nphp3"
4.0625660842227e-08,4.17954222417946,0.068,0.007,0.00082746346003448,"22","Gpx7"
4.59484236100374e-08,5.65703853045477,0.051,0.004,0.000935877492089242,"22","Brsk1"
4.94823090188647e-08,3.39363131625255,0.169,0.037,0.00100785567009624,"22","Fam219a"
5.04497976149004e-08,5.39818574272124,0.085,0.011,0.00102756147782029,"22","Alpl"
5.13742758177808e-08,5.79308726449262,0.068,0.007,0.00104639124985656,"22","Aplnr"
5.25191505449092e-08,3.70809854298666,0.136,0.025,0.00106971005829871,"22","Tef"
6.12216556321016e-08,4.32612135271988,0.102,0.015,0.00124696268191465,"22","Pde1c"
6.21395180850293e-08,3.23146579960517,0.22,0.059,0.00126565770435588,"22","Hoxa9"
6.27708150606078e-08,2.02595754514309,0.373,0.145,0.00127851596115446,"22","Acyp2"
6.46799861897655e-08,3.74577448284815,0.203,0.052,0.00131740195871314,"22","Smo"
6.84107361526904e-08,3.95854330939444,0.136,0.025,0.001393389873958,"22","Zdhhc1"
7.21898636110684e-08,2.90867313810509,0.373,0.154,0.00147036314203024,"22","Cpq"
7.63299606433208e-08,4.93084240435532,0.068,0.007,0.00155468863838316,"22","Adgrg6"
7.76030926794324e-08,3.97158735630664,0.119,0.02,0.00158061979169468,"22","Fkbp9"
8.0563936014312e-08,4.05505545457101,0.051,0.004,0.00164092624873951,"22","5730409E04Rik"
8.35866820303726e-08,3.97791779418348,0.085,0.011,0.00170249353959463,"22","Tmem37"
8.70169814569878e-08,4.74218706633471,0.119,0.02,0.00177236187831593,"22","F8"
8.79479362098151e-08,2.81233123280753,0.305,0.107,0.00179132356472151,"22","Spred1"
9.0657514621393e-08,5.97190541316585,0.034,0.002,0.00184651225780853,"22","Grm7"
9.10122195181295e-08,5.46646985841492,0.034,0.002,0.00185373688714526,"22","4930412C18Rik"
9.38986365698494e-08,4.42718704689407,0.034,0.002,0.00191252742965469,"22","Pgpep1l"
9.46102113471945e-08,3.97269983751233,0.237,0.07,0.00192702078471966,"22","Eepd1"
9.64967848631007e-08,3.89451002189679,0.034,0.002,0.00196544651409163,"22","Rhbdf1"
9.70251667787159e-08,4.15273024892691,0.119,0.02,0.00197620859694888,"22","P3h1"
9.88713472133992e-08,2.17249373009994,0.068,0.007,0.00201381160004252,"22","Col5a3"
1.02148954500628e-07,2.79025237096946,0.508,0.298,0.00208056990526878,"22","Atp13a3"
1.12128892736516e-07,3.61298785236215,0.085,0.011,0.00228384128725735,"22","Pik3r3"
1.13553073550111e-07,4.72185738350046,0.102,0.016,0.00231284900206865,"22","Ltc4s"
1.14451108434308e-07,4.18471777188947,0.136,0.026,0.00233114017658998,"22","Lzts2"
1.14834049699326e-07,3.25275161275294,0.119,0.02,0.00233893992427586,"22","Ctsf"
1.26732267157342e-07,2.47555696397594,0.203,0.052,0.00258128281746074,"22","Tmem140"
1.32291114768706e-07,3.45012134406912,0.237,0.07,0.002694505425609,"22","Abi2"
1.33515566358403e-07,4.03045922469723,0.102,0.016,0.00271944505558796,"22","Zfta"
1.34226187801105e-07,4.0207359015944,0.136,0.026,0.00273391899313291,"22","Cpeb1"
1.35256198889518e-07,3.83114301156869,0.051,0.004,0.0027548982589817,"22","Mill2"
1.39567906922827e-07,3.1083475011891,0.051,0.004,0.00284271912820414,"22","Trpc1"
1.41251354310567e-07,3.55805136662854,0.203,0.054,0.00287700758459763,"22","Adcy9"
1.51491194258317e-07,2.09810155202332,0.644,0.5,0.0030855726446534,"22","Zbtb20"
1.68609356390858e-07,4.12793582786847,0.186,0.047,0.00343423537096901,"22","Raph1"
1.74189916638269e-07,3.05462598792313,0.39,0.182,0.00354790022208826,"22","Dapk1"
1.89705506493272e-07,3.01844070746343,0.153,0.032,0.00386392175625496,"22","Ro60"
1.93093746340687e-07,5.11470823359227,0.051,0.004,0.0039329334254671,"22","Mypop"
1.97983088192299e-07,2.44193349559949,0.542,0.349,0.00403251954030075,"22","Rrbp1"
2.10573278608572e-07,3.31047761134533,0.22,0.063,0.00428895653869939,"22","Alpk1"
2.2915956861451e-07,5.32591588696105,0.034,0.002,0.00466752209354034,"22","Gm4107"
2.30004761467195e-07,4.86230801669526,0.034,0.002,0.00468473698156383,"22","Mmp16"
2.33415751458787e-07,4.62828655655494,0.034,0.002,0.00475421202571258,"22","Tmem44"
2.3371595510307e-07,3.5773235573786,0.237,0.072,0.00476032657353933,"22","Nr6a1"
2.36875590600423e-07,5.0278453533677,0.034,0.002,0.00482468202934942,"22","Mgat3"
2.38624038579535e-07,4.20745616814584,0.034,0.002,0.00486029441778797,"22","Hykk"
2.69127338983245e-07,3.93619920076359,0.102,0.016,0.00548158564041074,"22","Tmem86a"
2.75917116025869e-07,4.20407568453961,0.068,0.008,0.0056198798192149,"22","Cav2"
2.83039337576196e-07,2.90613773837118,0.458,0.25,0.00576494522775196,"22","Pam"
2.96881255912062e-07,2.96008354384353,0.305,0.114,0.00604687742041687,"22","Asph"
3.05101530074773e-07,2.9230706795403,0.119,0.021,0.00621430796456298,"22","Zbtb4"
3.11376705504228e-07,2.49525243582768,0.22,0.061,0.00634212073771012,"22","Relb"
3.20915625127773e-07,2.77088433236093,0.373,0.164,0.00653640945260248,"22","Olfml2b"
3.25198979092159e-07,2.29491920578879,0.576,0.38,0.0066236528061491,"22","Phf21a"
3.835275334006e-07,2.60140292060127,0.169,0.04,0.00781168880030341,"22","Cnrip1"
3.88119440731022e-07,5.53349722300003,0.068,0.008,0.00790521676880946,"22","Sncaip"
3.91893175210269e-07,2.69342922348053,0.576,0.415,0.00798208019268276,"22","Mycbp2"
4.03379107337252e-07,2.32461269024049,0.407,0.178,0.00821602565824515,"22","Zswim6"
4.36942845930132e-07,6.68863772808189,0.017,0.001,0.00889965188590492,"22","Rrh"
4.36942845930132e-07,9.26715275137553,0.017,0.001,0.00889965188590492,"22","Gm7932"
4.36942845930132e-07,7.24395120552282,0.017,0.001,0.00889965188590492,"22","Gm47271"
4.36942845930132e-07,8.28007385676985,0.017,0.001,0.00889965188590492,"22","Arhgap44"
4.36942845930132e-07,7.15025101334861,0.017,0.001,0.00889965188590492,"22","D830013O20Rik"
4.36942845930132e-07,7.86869439702617,0.017,0.001,0.00889965188590492,"22","Calml3"
4.36942845930132e-07,6.27506053784594,0.017,0.001,0.00889965188590492,"22","Cacnb3"
4.36942845930132e-07,6.6934680877251,0.017,0.001,0.00889965188590492,"22","Gm32126"
4.36942845930132e-07,7.4359422023723,0.017,0.001,0.00889965188590492,"22","Ablim3"
4.39935259005092e-07,5.29955192213624,0.017,0.001,0.00896060135541571,"22","Kcnt2"
4.39935259005092e-07,5.83682697271906,0.017,0.001,0.00896060135541571,"22","Prss12"
4.39935259005092e-07,5.74543980772499,0.017,0.001,0.00896060135541571,"22","Wdr93"
4.39935259005092e-07,5.90271878605977,0.017,0.001,0.00896060135541571,"22","3100003L05Rik"
4.39935259005092e-07,5.34561390114613,0.017,0.001,0.00896060135541571,"22","Ctrl"
4.39935259005092e-07,5.79431651321689,0.017,0.001,0.00896060135541571,"22","Rgl3"
4.39935259005092e-07,6.25537351689801,0.017,0.001,0.00896060135541571,"22","C6"
4.39935259005092e-07,5.69651514477568,0.017,0.001,0.00896060135541571,"22","Gm10389"
4.39935259005092e-07,5.48344664007059,0.017,0.001,0.00896060135541571,"22","Pcdhga5"
4.42831933315597e-07,3.52781319759108,0.085,0.012,0.00901960081777209,"22","Tmem51"
4.42947437342393e-07,5.50928137116983,0.017,0.001,0.00902195340378987,"22","1110017D15Rik"
4.42947437342393e-07,5.24456351507323,0.017,0.001,0.00902195340378987,"22","Hsd17b13"
4.42947437342393e-07,3.99514384773247,0.017,0.001,0.00902195340378987,"22","Gm56852"
4.42947437342393e-07,5.15321959711181,0.017,0.001,0.00902195340378987,"22","Ppara"
4.42947437342393e-07,5.81843679394054,0.017,0.001,0.00902195340378987,"22","Rapgef3os2"
4.42947437342393e-07,4.35581745138616,0.017,0.001,0.00902195340378987,"22","Gm29242"
4.45979506342749e-07,5.67671948333458,0.017,0.001,0.00908371058518911,"22","Matn4"
4.45979506342749e-07,3.93995159137183,0.017,0.001,0.00908371058518911,"22","Postn"
4.45979506342749e-07,4.65654273773999,0.017,0.001,0.00908371058518911,"22","Veph1"
4.45979506342749e-07,3.86227270137257,0.017,0.001,0.00908371058518911,"22","Rsph14"
4.46818916069205e-07,2.49066901682245,0.119,0.022,0.00910080768249758,"22","Lpin1"
4.49031592167132e-07,4.82883991165507,0.017,0.001,0.00914587546926015,"22","Gm43113"
4.49031592167132e-07,4.69930107370526,0.017,0.001,0.00914587546926015,"22","Ppef2"
4.57828137509568e-07,4.53853765833149,0.085,0.012,0.00932504350479487,"22","Hoxa5"
4.62107454457629e-07,2.70660013788769,0.22,0.064,0.00941220463239298,"22","Cd1d1"
4.66305195272406e-07,4.08967041304784,0.136,0.028,0.00949770421730836,"22","Dip2a"
4.67674766033647e-07,4.37439691645321,0.051,0.005,0.00952559963457332,"22","Syde1"
4.80853992446393e-07,4.57416383574446,0.153,0.035,0.00979403411814814,"22","Lmbr1"
5.20568107533063e-07,4.64522882899575,0.068,0.008,0.0106029312142334,"22","Zcwpw2"
5.20600085484505e-07,6.80002451547935,0.034,0.002,0.0106035825411484,"22","Slc35f3"
5.22547027388478e-07,2.82149685012742,0.407,0.199,0.0106432378538485,"22","Ubr1"
5.29742829311858e-07,6.13277815065329,0.034,0.002,0.0107898019474239,"22","Stk32c"
5.44694091218827e-07,5.67305601527517,0.034,0.002,0.0110943292499451,"22","4933431K23Rik"
5.48495004786483e-07,4.58099293449156,0.034,0.002,0.0111717462574911,"22","Nlgn1"
5.76265717878931e-07,3.22273559560557,0.186,0.049,0.0117373801417581,"22","Slc16a7"
6.51827087363724e-07,3.77308491378739,0.119,0.022,0.0132764141154243,"22","Cul7"
6.55416879737237e-07,3.89903932267604,0.203,0.058,0.013349531006488,"22","Tiam2"
6.65356262191613e-07,5.90793775674052,0.051,0.005,0.0135519763483188,"22","Sema4c"
6.74205448624804e-07,3.96785832361177,0.119,0.023,0.01373221657759,"22","Zfp275"
7.09641548189399e-07,2.83538365917204,0.102,0.017,0.0144539790535217,"22","Nacc2"
7.81402252974656e-07,4.4881145831494,0.102,0.017,0.0159156010885878,"22","Ccser1"
7.81976096004397e-07,2.99612913361281,0.424,0.223,0.0159272891234176,"22","Fkbp5"
7.85519240796322e-07,4.05770099416517,0.068,0.008,0.0159994558965395,"22","Syde2"
8.43860813087791e-07,4.37916980834754,0.068,0.008,0.0171877570409721,"22","Pcbp4"
9.42549518498379e-07,5.33871311007829,0.085,0.013,0.019197848592775,"22","Enpp3"
9.68054990768508e-07,3.73582524534493,0.153,0.035,0.019717344051973,"22","Eva1b"
9.69340885319016e-07,3.0424493059738,0.153,0.035,0.0197435351521777,"22","Capn2"
1.04175739857056e-06,4.03833262788676,0.051,0.005,0.0212185146940852,"22","Zfp442"
1.05822451044661e-06,2.31961230979924,0.356,0.149,0.0215539168287766,"22","Ptms"
1.10897746012906e-06,4.84640132114077,0.034,0.002,0.0225876529079086,"22","Cyp2u1"
1.11632470302574e-06,5.98554965197598,0.034,0.002,0.0227373015512282,"22","Shisa9"
1.11632470302574e-06,4.73821963918294,0.034,0.002,0.0227373015512282,"22","Fzd8"
1.13489831662498e-06,4.15458046606706,0.034,0.002,0.0231156089130175,"22","Bhlhe41"
1.13489831662498e-06,3.82560360780068,0.034,0.002,0.0231156089130175,"22","Gm41609"
1.14241071815281e-06,4.39570993730469,0.034,0.002,0.0232686215073364,"22","Rgs16"
1.14997095719819e-06,6.09761405174165,0.034,0.002,0.0234226084562127,"22","Fignl2"
1.2393227864476e-06,2.13682779748252,0.627,0.457,0.0252425265143646,"22","mt-Nd2"
1.25607916346496e-06,4.77801933001663,0.085,0.013,0.0255838204014543,"22","Npr1"
1.29459298456458e-06,2.84379158612473,0.119,0.023,0.0263682699096114,"22","Il13ra1"
1.34189984354977e-06,5.9334827801104,0.051,0.005,0.0273318160134216,"22","Garnl3"
1.46313483895454e-06,2.82094965046993,0.237,0.079,0.0298011303998261,"22","Arhgap35"
1.5067569069465e-06,3.7261729088633,0.186,0.052,0.0306896246806863,"22","Ube2e2"
1.51788230928259e-06,4.24203923532968,0.085,0.013,0.0309162268754678,"22","Acvr2b"
1.53333784645048e-06,4.6204261052018,0.119,0.024,0.0312310252565033,"22","Ank2"
1.53703752007779e-06,3.244187358163,0.254,0.086,0.0313063802089444,"22","Wwc2"
1.64341263569851e-06,4.12176219091827,0.085,0.013,0.0334730285639073,"22","Adgrl1"
1.6445528790687e-06,4.05236414138749,0.102,0.018,0.0334962530408712,"22","Jcad"
1.71807394166321e-06,3.57353556231406,0.119,0.024,0.0349937300437962,"22","Farp2"
1.78526626293953e-06,3.0956863448356,0.271,0.099,0.0363623032435523,"22","St3gal3"
1.8991288937468e-06,2.68682064928754,0.288,0.109,0.0386814573078348,"22","Grk5"
2.02660333637356e-06,5.07396146233243,0.051,0.005,0.0412778567552567,"22","Zfp658"
2.03270017208462e-06,2.97160935441945,0.288,0.113,0.0414020371050195,"22","Acaca"
2.0621122562848e-06,4.72812905243117,0.102,0.018,0.0420011024360088,"22","Gm26549"
2.16008915171734e-06,4.28454446323917,0.102,0.018,0.0439966958421788,"22","Nradd"
2.16614225848972e-06,6.42872175930215,0.034,0.002,0.0441199855209187,"22","Nexn"
2.27765042212605e-06,3.51294979443035,0.034,0.002,0.0463911837978635,"22","Megf11"
2.34047065191611e-06,3.90531757873991,0.102,0.018,0.0476707062382273,"22","5730471H19Rik"
2.38545907165652e-06,4.59341516787885,0.068,0.009,0.0485870303715001,"22","Amot"
